SKU,Fournisseur,Nom,Confiance,URLs
25SWVK594072,DESIGUAL FEMME,2 PIECES ROBE ET CHANDAIL,exact,https://iwihwtpzrwyybumottcd.supabase.co/storage/v1/object/public/product-images/25SWVK594072/25SWVK594072_1.jpg | https://iwihwtpzrwyybumottcd.supabase.co/storage/v1/object/public/product-images/25SWVK594072/25SWVK594072_2.jpg | https://iwihwtpzrwyybumottcd.supabase.co/storage/v1/object/public/product-images/25SWVK594072/25SWVK594072_3.jpg
2976681800,LOIS ( FEMME),5 POCHES 7/8,exact,https://iwihwtpzrwyybumottcd.supabase.co/storage/v1/object/public/product-images/2976681800/2976681800_1.jpg | https://iwihwtpzrwyybumottcd.supabase.co/storage/v1/object/public/product-images/2976681800/2976681800_2.jpg | https://iwihwtpzrwyybumottcd.supabase.co/storage/v1/object/public/product-images/2976681800/2976681800_3.jpg | https://iwihwtpzrwyybumottcd.supabase.co/storage/v1/object/public/product-images/2976681800/2976681800_4.jpg
2916701500,LOIS ( FEMME),5 POCHES 7/8,exact,https://iwihwtpzrwyybumottcd.supabase.co/storage/v1/object/public/product-images/2916701500/2916701500_1.jpg | https://iwihwtpzrwyybumottcd.supabase.co/storage/v1/object/public/product-images/2916701500/2916701500_2.jpg | https://iwihwtpzrwyybumottcd.supabase.co/storage/v1/object/public/product-images/2916701500/2916701500_3.jpg
10615188,CREAM DK Compagny Canada,5 POCHES EXT.,exact,https://iwihwtpzrwyybumottcd.supabase.co/storage/v1/object/public/product-images/10615188/10615188_1.jpg | https://iwihwtpzrwyybumottcd.supabase.co/storage/v1/object/public/product-images/10615188/10615188_2.jpg | https://iwihwtpzrwyybumottcd.supabase.co/storage/v1/object/public/product-images/10615188/10615188_3.jpg | https://iwihwtpzrwyybumottcd.supabase.co/storage/v1/object/public/product-images/10615188/10615188_4.jpg
LM2000A4,LIVERPOOL CANADA,5 POCHES EXT.,exact,https://iwihwtpzrwyybumottcd.supabase.co/storage/v1/object/public/product-images/LM2000A4/LM2000A4_1.jpg | https://iwihwtpzrwyybumottcd.supabase.co/storage/v1/object/public/product-images/LM2000A4/LM2000A4_2.jpg | https://iwihwtpzrwyybumottcd.supabase.co/storage/v1/object/public/product-images/LM2000A4/LM2000A4_3.jpg
10615202,CREAM DK Compagny Canada,5 POCHES EXT.,exact,https://iwihwtpzrwyybumottcd.supabase.co/storage/v1/object/public/product-images/10615202/10615202_1.jpg
LM4142CH4,LIVERPOOL CANADA,5 POCHES REG.,exact,https://iwihwtpzrwyybumottcd.supabase.co/storage/v1/object/public/product-images/LM4142CH4/LM4142CH4_1.jpg | https://iwihwtpzrwyybumottcd.supabase.co/storage/v1/object/public/product-images/LM4142CH4/LM4142CH4_2.jpg
2056699500,LOIS ( FEMME),5 POCHES REG.,exact,https://iwihwtpzrwyybumottcd.supabase.co/storage/v1/object/public/product-images/2056699500/2056699500_1.jpg | https://iwihwtpzrwyybumottcd.supabase.co/storage/v1/object/public/product-images/2056699500/2056699500_2.jpg | https://iwihwtpzrwyybumottcd.supabase.co/storage/v1/object/public/product-images/2056699500/2056699500_3.jpg | https://iwihwtpzrwyybumottcd.supabase.co/storage/v1/object/public/product-images/2056699500/2056699500_4.jpg
2161702100,LOIS ( FEMME),5 POCHES REG.,exact,https://iwihwtpzrwyybumottcd.supabase.co/storage/v1/object/public/product-images/2161702100/2161702100_1.jpg | https://iwihwtpzrwyybumottcd.supabase.co/storage/v1/object/public/product-images/2161702100/2161702100_2.jpg | https://iwihwtpzrwyybumottcd.supabase.co/storage/v1/object/public/product-images/2161702100/2161702100_3.jpg
CRGISELLE,CREAM DK Compagny Canada,5 POCHES REG.,exact,https://iwihwtpzrwyybumottcd.supabase.co/storage/v1/object/public/product-images/CRGISELLE/CRGISELLE_1.jpg
26WWDD16,DESIGUAL FEMME,5 POCHES REG.,exact,https://iwihwtpzrwyybumottcd.supabase.co/storage/v1/object/public/product-images/26WWDD16/26WWDD16_1.jpg | https://iwihwtpzrwyybumottcd.supabase.co/storage/v1/object/public/product-images/26WWDD16/26WWDD16_2.jpg | https://iwihwtpzrwyybumottcd.supabase.co/storage/v1/object/public/product-images/26WWDD16/26WWDD16_3.jpg | https://iwihwtpzrwyybumottcd.supabase.co/storage/v1/object/public/product-images/26WWDD16/26WWDD16_4.jpg
10614672,CREAM DK Compagny Canada,5 POCHES REG.,exact,https://iwihwtpzrwyybumottcd.supabase.co/storage/v1/object/public/product-images/10614672/10614672_1.jpg
2825651700,LOIS ( FEMME),5 POCHES REG.,exact,https://iwihwtpzrwyybumottcd.supabase.co/storage/v1/object/public/product-images/2825651700/2825651700_1.jpg | https://iwihwtpzrwyybumottcd.supabase.co/storage/v1/object/public/product-images/2825651700/2825651700_2.jpg | https://iwihwtpzrwyybumottcd.supabase.co/storage/v1/object/public/product-images/2825651700/2825651700_3.jpg | https://iwihwtpzrwyybumottcd.supabase.co/storage/v1/object/public/product-images/2825651700/2825651700_4.jpg
F2512509,ESQUALO (ALPHI),5 POCHES REG.,exact,https://iwihwtpzrwyybumottcd.supabase.co/storage/v1/object/public/product-images/F2512509/F2512509_1.jpg
2900699700,LOIS ( FEMME),7/8 COTON,exact,https://iwihwtpzrwyybumottcd.supabase.co/storage/v1/object/public/product-images/2900699700/2900699700_1.jpg | https://iwihwtpzrwyybumottcd.supabase.co/storage/v1/object/public/product-images/2900699700/2900699700_2.jpg
2916681800,LOIS ( FEMME),7/8 COTON,exact,https://iwihwtpzrwyybumottcd.supabase.co/storage/v1/object/public/product-images/2916681800/2916681800_1.jpg | https://iwihwtpzrwyybumottcd.supabase.co/storage/v1/object/public/product-images/2916681800/2916681800_2.jpg | https://iwihwtpzrwyybumottcd.supabase.co/storage/v1/object/public/product-images/2916681800/2916681800_3.jpg | https://iwihwtpzrwyybumottcd.supabase.co/storage/v1/object/public/product-images/2916681800/2916681800_4.jpg
3053E,Lez A Lez (DDL 9190-8608 Québec Inc.),A PLIS LIN,approx,https://iwihwtpzrwyybumottcd.supabase.co/storage/v1/object/public/product-images/3053E/3053E_1.jpg | https://iwihwtpzrwyybumottcd.supabase.co/storage/v1/object/public/product-images/3053E/3053E_2.jpg | https://iwihwtpzrwyybumottcd.supabase.co/storage/v1/object/public/product-images/3053E/3053E_3.jpg
BOUCLEOREIL115,PVH LEGWEAR CANADA,ACC. CHEVEUX,approx,https://iwihwtpzrwyybumottcd.supabase.co/storage/v1/object/public/product-images/BOUCLEOREIL115/BOUCLEOREIL115_1.jpg | https://iwihwtpzrwyybumottcd.supabase.co/storage/v1/object/public/product-images/BOUCLEOREIL115/BOUCLEOREIL115_2.jpg
BOUCLEOREILLE90,PVH LEGWEAR CANADA,ACC. CHEVEUX,approx,https://iwihwtpzrwyybumottcd.supabase.co/storage/v1/object/public/product-images/BOUCLEOREILLE90/BOUCLEOREILLE90_1.jpg | https://iwihwtpzrwyybumottcd.supabase.co/storage/v1/object/public/product-images/BOUCLEOREILLE90/BOUCLEOREILLE90_2.jpg
BOUCLEOREILLE85,PVH LEGWEAR CANADA,ACC. CHEVEUX,approx,https://iwihwtpzrwyybumottcd.supabase.co/storage/v1/object/public/product-images/BOUCLEOREILLE85/BOUCLEOREILLE85_1.jpg | https://iwihwtpzrwyybumottcd.supabase.co/storage/v1/object/public/product-images/BOUCLEOREILLE85/BOUCLEOREILLE85_2.jpg
BOUCLEOREIL135,PVH LEGWEAR CANADA,ACC. CHEVEUX,approx,https://iwihwtpzrwyybumottcd.supabase.co/storage/v1/object/public/product-images/BOUCLEOREIL135/BOUCLEOREIL135_1.jpg | https://iwihwtpzrwyybumottcd.supabase.co/storage/v1/object/public/product-images/BOUCLEOREIL135/BOUCLEOREIL135_2.jpg
BOUCLEOREIL125,PVH LEGWEAR CANADA,ACC. CHEVEUX,approx,https://iwihwtpzrwyybumottcd.supabase.co/storage/v1/object/public/product-images/BOUCLEOREIL125/BOUCLEOREIL125_1.jpg | https://iwihwtpzrwyybumottcd.supabase.co/storage/v1/object/public/product-images/BOUCLEOREIL125/BOUCLEOREIL125_2.jpg
BOUCLEOREIL100,PVH LEGWEAR CANADA,ACC. CHEVEUX,approx,https://iwihwtpzrwyybumottcd.supabase.co/storage/v1/object/public/product-images/BOUCLEOREIL100/BOUCLEOREIL100_1.jpg | https://iwihwtpzrwyybumottcd.supabase.co/storage/v1/object/public/product-images/BOUCLEOREIL100/BOUCLEOREIL100_2.jpg
CHEVEUX,BIZOU Bijoux,ACC. CHEVEUX,approx,https://iwihwtpzrwyybumottcd.supabase.co/storage/v1/object/public/product-images/CHEVEUX/CHEVEUX_1.jpg | https://iwihwtpzrwyybumottcd.supabase.co/storage/v1/object/public/product-images/CHEVEUX/CHEVEUX_2.jpg
A2884B0,DIFFUSION DREUXX INC. (AXELLE),ACC. CHEVEUX,approx,https://iwihwtpzrwyybumottcd.supabase.co/storage/v1/object/public/product-images/A2884B0/A2884B0_1.jpg | https://iwihwtpzrwyybumottcd.supabase.co/storage/v1/object/public/product-images/A2884B0/A2884B0_2.jpg
BOUCLEOREILLE95,PVH LEGWEAR CANADA,ACC. CHEVEUX,approx,https://iwihwtpzrwyybumottcd.supabase.co/storage/v1/object/public/product-images/BOUCLEOREILLE95/BOUCLEOREILLE95_1.jpg | https://iwihwtpzrwyybumottcd.supabase.co/storage/v1/object/public/product-images/BOUCLEOREILLE95/BOUCLEOREILLE95_2.jpg
CRCOCAMIAPANT,CREAM DK Compagny Canada,ACETATE,exact,https://iwihwtpzrwyybumottcd.supabase.co/storage/v1/object/public/product-images/CRCOCAMIAPANT/CRCOCAMIAPANT_1.jpg | https://iwihwtpzrwyybumottcd.supabase.co/storage/v1/object/public/product-images/CRCOCAMIAPANT/CRCOCAMIAPANT_2.jpg | https://iwihwtpzrwyybumottcd.supabase.co/storage/v1/object/public/product-images/CRCOCAMIAPANT/CRCOCAMIAPANT_3.jpg | https://iwihwtpzrwyybumottcd.supabase.co/storage/v1/object/public/product-images/CRCOCAMIAPANT/CRCOCAMIAPANT_4.jpg | https://iwihwtpzrwyybumottcd.supabase.co/storage/v1/object/public/product-images/CRCOCAMIAPANT/CRCOCAMIAPANT_5.jpg
X192564,APRICOT COLLECTIONS,ACRYLAINE COL ROND,approx,https://iwihwtpzrwyybumottcd.supabase.co/storage/v1/object/public/product-images/X192564/X192564_1.jpg | https://iwihwtpzrwyybumottcd.supabase.co/storage/v1/object/public/product-images/X192564/X192564_2.jpg
10614328,CREAM DK Compagny Canada,ACRYLAINE COL ROND,exact,https://iwihwtpzrwyybumottcd.supabase.co/storage/v1/object/public/product-images/10614328/10614328_1.jpg | https://iwihwtpzrwyybumottcd.supabase.co/storage/v1/object/public/product-images/10614328/10614328_2.jpg | https://iwihwtpzrwyybumottcd.supabase.co/storage/v1/object/public/product-images/10614328/10614328_3.jpg
33.13127X,M Italy (Importation Bolide),ACRYLAINE COL ROND,approx,https://iwihwtpzrwyybumottcd.supabase.co/storage/v1/object/public/product-images/33.13127X/33.13127X_1.jpg | https://iwihwtpzrwyybumottcd.supabase.co/storage/v1/object/public/product-images/33.13127X/33.13127X_2.jpg
53C.10221,COMPAGNIA FANTASTICA,ACRYLAINE COL ROND,exact,https://iwihwtpzrwyybumottcd.supabase.co/storage/v1/object/public/product-images/53C.10221/53C.10221_1.jpg | https://iwihwtpzrwyybumottcd.supabase.co/storage/v1/object/public/product-images/53C.10221/53C.10221_2.jpg | https://iwihwtpzrwyybumottcd.supabase.co/storage/v1/object/public/product-images/53C.10221/53C.10221_3.jpg | https://iwihwtpzrwyybumottcd.supabase.co/storage/v1/object/public/product-images/53C.10221/53C.10221_4.jpg
53C.10204,COMPAGNIA FANTASTICA,ACRYLAINE COL ROND,exact,https://iwihwtpzrwyybumottcd.supabase.co/storage/v1/object/public/product-images/53C.10204/53C.10204_1.jpg | https://iwihwtpzrwyybumottcd.supabase.co/storage/v1/object/public/product-images/53C.10204/53C.10204_2.jpg | https://iwihwtpzrwyybumottcd.supabase.co/storage/v1/object/public/product-images/53C.10204/53C.10204_3.jpg | https://iwihwtpzrwyybumottcd.supabase.co/storage/v1/object/public/product-images/53C.10204/53C.10204_4.jpg
33.8717.1X,M Italy (Importation Bolide),ACRYLAINE COL ROND,exact,https://iwihwtpzrwyybumottcd.supabase.co/storage/v1/object/public/product-images/33.8717.1X/33.8717.1X_1.jpg
33.0869H,ASTRID (IMPORTATION BOLIDE),ACRYLAINE COL ROULÉ,approx,https://iwihwtpzrwyybumottcd.supabase.co/storage/v1/object/public/product-images/33.0869H/33.0869H_1.jpg | https://iwihwtpzrwyybumottcd.supabase.co/storage/v1/object/public/product-images/33.0869H/33.0869H_2.jpg
SP2602036,ESQUALO (ALPHI),ACRYLIQUE,exact,https://iwihwtpzrwyybumottcd.supabase.co/storage/v1/object/public/product-images/SP2602036/SP2602036_1.jpg | https://iwihwtpzrwyybumottcd.supabase.co/storage/v1/object/public/product-images/SP2602036/SP2602036_2.jpg | https://iwihwtpzrwyybumottcd.supabase.co/storage/v1/object/public/product-images/SP2602036/SP2602036_3.jpg | https://iwihwtpzrwyybumottcd.supabase.co/storage/v1/object/public/product-images/SP2602036/SP2602036_4.jpg
H50042,Garcia,ACRYLIQUE,exact,https://iwihwtpzrwyybumottcd.supabase.co/storage/v1/object/public/product-images/H50042/H50042_1.jpg | https://iwihwtpzrwyybumottcd.supabase.co/storage/v1/object/public/product-images/H50042/H50042_2.jpg | https://iwihwtpzrwyybumottcd.supabase.co/storage/v1/object/public/product-images/H50042/H50042_3.jpg
33.4432546H,ASTRID (IMPORTATION BOLIDE),ACRYLIQUE,approx,https://iwihwtpzrwyybumottcd.supabase.co/storage/v1/object/public/product-images/33.4432546H/33.4432546H_1.jpg | https://iwihwtpzrwyybumottcd.supabase.co/storage/v1/object/public/product-images/33.4432546H/33.4432546H_2.jpg
51C10310,COMPAGNIA FANTASTICA,ACRYLIQUE,exact,https://iwihwtpzrwyybumottcd.supabase.co/storage/v1/object/public/product-images/51C10310/51C10310_1.jpg | https://iwihwtpzrwyybumottcd.supabase.co/storage/v1/object/public/product-images/51C10310/51C10310_2.jpg | https://iwihwtpzrwyybumottcd.supabase.co/storage/v1/object/public/product-images/51C10310/51C10310_3.jpg | https://iwihwtpzrwyybumottcd.supabase.co/storage/v1/object/public/product-images/51C10310/51C10310_4.jpg
331892W,M Italy (Importation Bolide),ACRYLIQUE,approx,https://iwihwtpzrwyybumottcd.supabase.co/storage/v1/object/public/product-images/331892W/331892W_1.jpg | https://iwihwtpzrwyybumottcd.supabase.co/storage/v1/object/public/product-images/331892W/331892W_2.jpg
H50046,Garcia,ACRYLIQUE COTON,exact,https://iwihwtpzrwyybumottcd.supabase.co/storage/v1/object/public/product-images/H50046/H50046_1.jpg | https://iwihwtpzrwyybumottcd.supabase.co/storage/v1/object/public/product-images/H50046/H50046_2.jpg
SP2502018,ESQUALO (ALPHI),ACRYLIQUE NYLON,exact,https://iwihwtpzrwyybumottcd.supabase.co/storage/v1/object/public/product-images/SP2502018/SP2502018_1.jpg
X187812,APRICOT COLLECTIONS,ACRYLIQUE NYLON,exact,https://iwihwtpzrwyybumottcd.supabase.co/storage/v1/object/public/product-images/X187812/X187812_1.jpg | https://iwihwtpzrwyybumottcd.supabase.co/storage/v1/object/public/product-images/X187812/X187812_2.jpg | https://iwihwtpzrwyybumottcd.supabase.co/storage/v1/object/public/product-images/X187812/X187812_3.jpg | https://iwihwtpzrwyybumottcd.supabase.co/storage/v1/object/public/product-images/X187812/X187812_4.jpg
76347,Calvin Klein,BAMBOU,approx,https://iwihwtpzrwyybumottcd.supabase.co/storage/v1/object/public/product-images/76347/76347_1.jpg | https://iwihwtpzrwyybumottcd.supabase.co/storage/v1/object/public/product-images/76347/76347_2.jpg
2013734400,LOIS ( FEMME),BERMUDA DROIT,exact,https://iwihwtpzrwyybumottcd.supabase.co/storage/v1/object/public/product-images/2013734400/2013734400_1.jpg
2053699500,LOIS ( FEMME),BERMUDA DROIT,exact,https://iwihwtpzrwyybumottcd.supabase.co/storage/v1/object/public/product-images/2053699500/2053699500_1.jpg | https://iwihwtpzrwyybumottcd.supabase.co/storage/v1/object/public/product-images/2053699500/2053699500_2.jpg | https://iwihwtpzrwyybumottcd.supabase.co/storage/v1/object/public/product-images/2053699500/2053699500_3.jpg
2303E,Lez A Lez (DDL 9190-8608 Québec Inc.),BERMUDA DROIT,exact,https://iwihwtpzrwyybumottcd.supabase.co/storage/v1/object/public/product-images/2303E/2303E_1.jpg | https://iwihwtpzrwyybumottcd.supabase.co/storage/v1/object/public/product-images/2303E/2303E_2.jpg | https://iwihwtpzrwyybumottcd.supabase.co/storage/v1/object/public/product-images/2303E/2303E_3.jpg
ARTSOIE25,ARTSOIE/KOSHUAN INC. (MOD ATOUT),BIJOUX,approx,https://iwihwtpzrwyybumottcd.supabase.co/storage/v1/object/public/product-images/ARTSOIE25/ARTSOIE25_1.jpg | https://iwihwtpzrwyybumottcd.supabase.co/storage/v1/object/public/product-images/ARTSOIE25/ARTSOIE25_2.jpg
ARTSOIE19,ARTSOIE/KOSHUAN INC. (MOD ATOUT),BIJOUX,approx,https://iwihwtpzrwyybumottcd.supabase.co/storage/v1/object/public/product-images/ARTSOIE19/ARTSOIE19_1.jpg | https://iwihwtpzrwyybumottcd.supabase.co/storage/v1/object/public/product-images/ARTSOIE19/ARTSOIE19_2.jpg
ARTSOIE18,ARTSOIE/KOSHUAN INC. (MOD ATOUT),BIJOUX,approx,https://iwihwtpzrwyybumottcd.supabase.co/storage/v1/object/public/product-images/ARTSOIE18/ARTSOIE18_1.jpg | https://iwihwtpzrwyybumottcd.supabase.co/storage/v1/object/public/product-images/ARTSOIE18/ARTSOIE18_2.jpg
ARTSOIE16,ARTSOIE/KOSHUAN INC. (MOD ATOUT),BIJOUX,approx,https://iwihwtpzrwyybumottcd.supabase.co/storage/v1/object/public/product-images/ARTSOIE16/ARTSOIE16_1.jpg | https://iwihwtpzrwyybumottcd.supabase.co/storage/v1/object/public/product-images/ARTSOIE16/ARTSOIE16_2.jpg
ARTSOIE14,ARTSOIE/KOSHUAN INC. (MOD ATOUT),BIJOUX,approx,https://iwihwtpzrwyybumottcd.supabase.co/storage/v1/object/public/product-images/ARTSOIE14/ARTSOIE14_1.jpg | https://iwihwtpzrwyybumottcd.supabase.co/storage/v1/object/public/product-images/ARTSOIE14/ARTSOIE14_2.jpg
ARTCOL11,ARTSOIE/KOSHUAN INC. (MOD ATOUT),BIJOUX,approx,https://iwihwtpzrwyybumottcd.supabase.co/storage/v1/object/public/product-images/ARTCOL11/ARTCOL11_1.jpg | https://iwihwtpzrwyybumottcd.supabase.co/storage/v1/object/public/product-images/ARTCOL11/ARTCOL11_2.jpg
ARTSOIE13,ARTSOIE/KOSHUAN INC. (MOD ATOUT),BIJOUX,approx,https://iwihwtpzrwyybumottcd.supabase.co/storage/v1/object/public/product-images/ARTSOIE13/ARTSOIE13_1.jpg | https://iwihwtpzrwyybumottcd.supabase.co/storage/v1/object/public/product-images/ARTSOIE13/ARTSOIE13_2.jpg
ARTSOIE12,ARTSOIE/KOSHUAN INC. (MOD ATOUT),BIJOUX,approx,https://iwihwtpzrwyybumottcd.supabase.co/storage/v1/object/public/product-images/ARTSOIE12/ARTSOIE12_1.jpg | https://iwihwtpzrwyybumottcd.supabase.co/storage/v1/object/public/product-images/ARTSOIE12/ARTSOIE12_2.jpg
ARTSOIE10,ARTSOIE/KOSHUAN INC. (MOD ATOUT),BIJOUX,approx,https://iwihwtpzrwyybumottcd.supabase.co/storage/v1/object/public/product-images/ARTSOIE10/ARTSOIE10_1.jpg | https://iwihwtpzrwyybumottcd.supabase.co/storage/v1/object/public/product-images/ARTSOIE10/ARTSOIE10_2.jpg
61743,BIZOU Bijoux,BIJOUX,approx,https://iwihwtpzrwyybumottcd.supabase.co/storage/v1/object/public/product-images/61743/61743_1.jpg | https://iwihwtpzrwyybumottcd.supabase.co/storage/v1/object/public/product-images/61743/61743_2.jpg
ARTSOIE09,ARTSOIE/KOSHUAN INC. (MOD ATOUT),BIJOUX,approx,https://iwihwtpzrwyybumottcd.supabase.co/storage/v1/object/public/product-images/ARTSOIE09/ARTSOIE09_1.jpg | https://iwihwtpzrwyybumottcd.supabase.co/storage/v1/object/public/product-images/ARTSOIE09/ARTSOIE09_2.jpg
ARTCOL7,ARTSOIE/KOSHUAN INC. (MOD ATOUT),BIJOUX,approx,https://iwihwtpzrwyybumottcd.supabase.co/storage/v1/object/public/product-images/ARTCOL7/ARTCOL7_1.jpg | https://iwihwtpzrwyybumottcd.supabase.co/storage/v1/object/public/product-images/ARTCOL7/ARTCOL7_2.jpg
ARTCOL20,ARTSOIE/KOSHUAN INC. (MOD ATOUT),BIJOUX,approx,https://iwihwtpzrwyybumottcd.supabase.co/storage/v1/object/public/product-images/ARTCOL20/ARTCOL20_1.jpg | https://iwihwtpzrwyybumottcd.supabase.co/storage/v1/object/public/product-images/ARTCOL20/ARTCOL20_2.jpg
ARTCOL19,ARTSOIE/KOSHUAN INC. (MOD ATOUT),BIJOUX,approx,https://iwihwtpzrwyybumottcd.supabase.co/storage/v1/object/public/product-images/ARTCOL19/ARTCOL19_1.jpg | https://iwihwtpzrwyybumottcd.supabase.co/storage/v1/object/public/product-images/ARTCOL19/ARTCOL19_2.jpg
ARTCOL18,ARTSOIE/KOSHUAN INC. (MOD ATOUT),BIJOUX,approx,https://iwihwtpzrwyybumottcd.supabase.co/storage/v1/object/public/product-images/ARTCOL18/ARTCOL18_1.jpg | https://iwihwtpzrwyybumottcd.supabase.co/storage/v1/object/public/product-images/ARTCOL18/ARTCOL18_2.jpg
ARTCOL17,ARTSOIE/KOSHUAN INC. (MOD ATOUT),BIJOUX,approx,https://iwihwtpzrwyybumottcd.supabase.co/storage/v1/object/public/product-images/ARTCOL17/ARTCOL17_1.jpg | https://iwihwtpzrwyybumottcd.supabase.co/storage/v1/object/public/product-images/ARTCOL17/ARTCOL17_2.jpg
ARTCOL16,ARTSOIE/KOSHUAN INC. (MOD ATOUT),BIJOUX,approx,https://iwihwtpzrwyybumottcd.supabase.co/storage/v1/object/public/product-images/ARTCOL16/ARTCOL16_1.jpg | https://iwihwtpzrwyybumottcd.supabase.co/storage/v1/object/public/product-images/ARTCOL16/ARTCOL16_2.jpg
ARTCOL15,ARTSOIE/KOSHUAN INC. (MOD ATOUT),BIJOUX,approx,https://iwihwtpzrwyybumottcd.supabase.co/storage/v1/object/public/product-images/ARTCOL15/ARTCOL15_1.jpg | https://iwihwtpzrwyybumottcd.supabase.co/storage/v1/object/public/product-images/ARTCOL15/ARTCOL15_2.jpg
ARTCOL14,ARTSOIE/KOSHUAN INC. (MOD ATOUT),BIJOUX,approx,https://iwihwtpzrwyybumottcd.supabase.co/storage/v1/object/public/product-images/ARTCOL14/ARTCOL14_1.jpg | https://iwihwtpzrwyybumottcd.supabase.co/storage/v1/object/public/product-images/ARTCOL14/ARTCOL14_2.jpg
ARTCOL13,ARTSOIE/KOSHUAN INC. (MOD ATOUT),BIJOUX,approx,https://iwihwtpzrwyybumottcd.supabase.co/storage/v1/object/public/product-images/ARTCOL13/ARTCOL13_1.jpg | https://iwihwtpzrwyybumottcd.supabase.co/storage/v1/object/public/product-images/ARTCOL13/ARTCOL13_2.jpg
016003,ARTSOIE/KOSHUAN INC. (MOD ATOUT),BIJOUX,approx,https://iwihwtpzrwyybumottcd.supabase.co/storage/v1/object/public/product-images/016003/016003_1.jpg | https://iwihwtpzrwyybumottcd.supabase.co/storage/v1/object/public/product-images/016003/016003_2.jpg
ARTCOL10,ARTSOIE/KOSHUAN INC. (MOD ATOUT),BIJOUX,approx,https://iwihwtpzrwyybumottcd.supabase.co/storage/v1/object/public/product-images/ARTCOL10/ARTCOL10_1.jpg | https://iwihwtpzrwyybumottcd.supabase.co/storage/v1/object/public/product-images/ARTCOL10/ARTCOL10_2.jpg
ARTCOL012,ARTSOIE/KOSHUAN INC. (MOD ATOUT),BIJOUX,approx,https://iwihwtpzrwyybumottcd.supabase.co/storage/v1/object/public/product-images/ARTCOL012/ARTCOL012_1.jpg | https://iwihwtpzrwyybumottcd.supabase.co/storage/v1/object/public/product-images/ARTCOL012/ARTCOL012_2.jpg
ART6,ARTSOIE/KOSHUAN INC. (MOD ATOUT),BIJOUX,approx,https://iwihwtpzrwyybumottcd.supabase.co/storage/v1/object/public/product-images/ART6/ART6_1.jpg | https://iwihwtpzrwyybumottcd.supabase.co/storage/v1/object/public/product-images/ART6/ART6_2.jpg
0160047,ARTSOIE/KOSHUAN INC. (MOD ATOUT),BIJOUX,approx,https://iwihwtpzrwyybumottcd.supabase.co/storage/v1/object/public/product-images/0160047/0160047_1.jpg | https://iwihwtpzrwyybumottcd.supabase.co/storage/v1/object/public/product-images/0160047/0160047_2.jpg
ART18,ARTSOIE/KOSHUAN INC. (MOD ATOUT),BIJOUX,exact,https://iwihwtpzrwyybumottcd.supabase.co/storage/v1/object/public/product-images/ART18/ART18_1.jpg | https://iwihwtpzrwyybumottcd.supabase.co/storage/v1/object/public/product-images/ART18/ART18_2.jpg | https://iwihwtpzrwyybumottcd.supabase.co/storage/v1/object/public/product-images/ART18/ART18_3.jpg
ART16,ARTSOIE/KOSHUAN INC. (MOD ATOUT),BIJOUX,exact,https://iwihwtpzrwyybumottcd.supabase.co/storage/v1/object/public/product-images/ART16/ART16_1.jpg | https://iwihwtpzrwyybumottcd.supabase.co/storage/v1/object/public/product-images/ART16/ART16_2.jpg
ART12,ARTSOIE/KOSHUAN INC. (MOD ATOUT),BIJOUX,exact,https://iwihwtpzrwyybumottcd.supabase.co/storage/v1/object/public/product-images/ART12/ART12_1.jpg | https://iwihwtpzrwyybumottcd.supabase.co/storage/v1/object/public/product-images/ART12/ART12_2.jpg | https://iwihwtpzrwyybumottcd.supabase.co/storage/v1/object/public/product-images/ART12/ART12_3.jpg
A9,DIFFUSION DREUXX INC. (AXELLE),BIJOUX,approx,https://iwihwtpzrwyybumottcd.supabase.co/storage/v1/object/public/product-images/A9/A9_1.jpg | https://iwihwtpzrwyybumottcd.supabase.co/storage/v1/object/public/product-images/A9/A9_2.jpg
A5,DIFFUSION DREUXX INC. (AXELLE),BIJOUX,approx,https://iwihwtpzrwyybumottcd.supabase.co/storage/v1/object/public/product-images/A5/A5_1.jpg | https://iwihwtpzrwyybumottcd.supabase.co/storage/v1/object/public/product-images/A5/A5_2.jpg
A3157A2,DIFFUSION DREUXX INC. (AXELLE),BIJOUX,approx,https://iwihwtpzrwyybumottcd.supabase.co/storage/v1/object/public/product-images/A3157A2/A3157A2_1.jpg | https://iwihwtpzrwyybumottcd.supabase.co/storage/v1/object/public/product-images/A3157A2/A3157A2_2.jpg
A3091H,DIFFUSION DREUXX INC. (AXELLE),BIJOUX,exact,https://iwihwtpzrwyybumottcd.supabase.co/storage/v1/object/public/product-images/A3091H/A3091H_1.jpg | https://iwihwtpzrwyybumottcd.supabase.co/storage/v1/object/public/product-images/A3091H/A3091H_2.jpg
A2935G,DIFFUSION DREUXX INC. (AXELLE),BIJOUX,exact,https://iwihwtpzrwyybumottcd.supabase.co/storage/v1/object/public/product-images/A2935G/A2935G_1.jpg
A2905B0,DIFFUSION DREUXX INC. (AXELLE),BIJOUX,approx,https://iwihwtpzrwyybumottcd.supabase.co/storage/v1/object/public/product-images/A2905B0/A2905B0_1.jpg | https://iwihwtpzrwyybumottcd.supabase.co/storage/v1/object/public/product-images/A2905B0/A2905B0_2.jpg
A2883A6,DIFFUSION DREUXX INC. (AXELLE),BIJOUX,approx,https://iwihwtpzrwyybumottcd.supabase.co/storage/v1/object/public/product-images/A2883A6/A2883A6_1.jpg | https://iwihwtpzrwyybumottcd.supabase.co/storage/v1/object/public/product-images/A2883A6/A2883A6_2.jpg
99.780,MERX INC BIJOUX,BIJOUX,exact,https://iwihwtpzrwyybumottcd.supabase.co/storage/v1/object/public/product-images/99.780/99.780_1.jpg
99.779,MERX INC BIJOUX,BIJOUX,exact,https://iwihwtpzrwyybumottcd.supabase.co/storage/v1/object/public/product-images/99.779/99.779_1.jpg
99.778,MERX INC BIJOUX,BIJOUX,exact,https://iwihwtpzrwyybumottcd.supabase.co/storage/v1/object/public/product-images/99.778/99.778_1.jpg
99.774,MERX INC BIJOUX,BIJOUX,exact,https://iwihwtpzrwyybumottcd.supabase.co/storage/v1/object/public/product-images/99.774/99.774_1.jpg | https://iwihwtpzrwyybumottcd.supabase.co/storage/v1/object/public/product-images/99.774/99.774_2.jpg
99.737,MERX INC BIJOUX,BIJOUX,exact,https://iwihwtpzrwyybumottcd.supabase.co/storage/v1/object/public/product-images/99.737/99.737_1.jpg
99.736,MERX INC BIJOUX,BIJOUX,exact,https://iwihwtpzrwyybumottcd.supabase.co/storage/v1/object/public/product-images/99.736/99.736_1.jpg
99.733,MERX INC BIJOUX,BIJOUX,approx,https://iwihwtpzrwyybumottcd.supabase.co/storage/v1/object/public/product-images/99.733/99.733_1.jpg | https://iwihwtpzrwyybumottcd.supabase.co/storage/v1/object/public/product-images/99.733/99.733_2.jpg
99.598,MERX INC BIJOUX,BIJOUX,exact,https://iwihwtpzrwyybumottcd.supabase.co/storage/v1/object/public/product-images/99.598/99.598_1.jpg
99.597,MERX INC BIJOUX,BIJOUX,exact,https://iwihwtpzrwyybumottcd.supabase.co/storage/v1/object/public/product-images/99.597/99.597_1.jpg
99.587,MERX INC BIJOUX,BIJOUX,exact,https://iwihwtpzrwyybumottcd.supabase.co/storage/v1/object/public/product-images/99.587/99.587_1.jpg
99.586,MERX INC BIJOUX,BIJOUX,exact,https://iwihwtpzrwyybumottcd.supabase.co/storage/v1/object/public/product-images/99.586/99.586_1.jpg
99.503,MERX INC BIJOUX,BIJOUX,exact,https://iwihwtpzrwyybumottcd.supabase.co/storage/v1/object/public/product-images/99.503/99.503_1.jpg
99.326,MERX INC BIJOUX,BIJOUX,exact,https://iwihwtpzrwyybumottcd.supabase.co/storage/v1/object/public/product-images/99.326/99.326_1.jpg
98.791,MERX INC BIJOUX,BIJOUX,exact,https://iwihwtpzrwyybumottcd.supabase.co/storage/v1/object/public/product-images/98.791/98.791_1.jpg | https://iwihwtpzrwyybumottcd.supabase.co/storage/v1/object/public/product-images/98.791/98.791_2.jpg | https://iwihwtpzrwyybumottcd.supabase.co/storage/v1/object/public/product-images/98.791/98.791_3.jpg | https://iwihwtpzrwyybumottcd.supabase.co/storage/v1/object/public/product-images/98.791/98.791_4.jpg
85.1390,MERX INC BIJOUX,BIJOUX,approx,https://iwihwtpzrwyybumottcd.supabase.co/storage/v1/object/public/product-images/85.1390/85.1390_1.jpg | https://iwihwtpzrwyybumottcd.supabase.co/storage/v1/object/public/product-images/85.1390/85.1390_2.jpg
97.784,MERX INC BIJOUX,BIJOUX,exact,https://iwihwtpzrwyybumottcd.supabase.co/storage/v1/object/public/product-images/97.784/97.784_1.jpg | https://iwihwtpzrwyybumottcd.supabase.co/storage/v1/object/public/product-images/97.784/97.784_2.jpg
97.783,MERX INC BIJOUX,BIJOUX,exact,https://iwihwtpzrwyybumottcd.supabase.co/storage/v1/object/public/product-images/97.783/97.783_1.jpg | https://iwihwtpzrwyybumottcd.supabase.co/storage/v1/object/public/product-images/97.783/97.783_2.jpg
97.755,MERX INC BIJOUX,BIJOUX,exact,https://iwihwtpzrwyybumottcd.supabase.co/storage/v1/object/public/product-images/97.755/97.755_1.jpg | https://iwihwtpzrwyybumottcd.supabase.co/storage/v1/object/public/product-images/97.755/97.755_2.jpg
97.754,MERX INC BIJOUX,BIJOUX,exact,https://iwihwtpzrwyybumottcd.supabase.co/storage/v1/object/public/product-images/97.754/97.754_1.jpg | https://iwihwtpzrwyybumottcd.supabase.co/storage/v1/object/public/product-images/97.754/97.754_2.jpg
97.608,MERX INC BIJOUX,BIJOUX,exact,https://iwihwtpzrwyybumottcd.supabase.co/storage/v1/object/public/product-images/97.608/97.608_1.jpg
99.791,MERX INC BIJOUX,BIJOUX,exact,https://iwihwtpzrwyybumottcd.supabase.co/storage/v1/object/public/product-images/99.791/99.791_1.jpg | https://iwihwtpzrwyybumottcd.supabase.co/storage/v1/object/public/product-images/99.791/99.791_2.jpg | https://iwihwtpzrwyybumottcd.supabase.co/storage/v1/object/public/product-images/99.791/99.791_3.jpg
01662,ARTSOIE/KOSHUAN INC. (MOD ATOUT),BIJOUX,approx,https://iwihwtpzrwyybumottcd.supabase.co/storage/v1/object/public/product-images/01662/01662_1.jpg | https://iwihwtpzrwyybumottcd.supabase.co/storage/v1/object/public/product-images/01662/01662_2.jpg
40847,BIZOU Bijoux,BIJOUX,approx,https://iwihwtpzrwyybumottcd.supabase.co/storage/v1/object/public/product-images/40847/40847_1.jpg | https://iwihwtpzrwyybumottcd.supabase.co/storage/v1/object/public/product-images/40847/40847_2.jpg
882876,MERX INC BIJOUX,BIJOUX,exact,https://iwihwtpzrwyybumottcd.supabase.co/storage/v1/object/public/product-images/882876/882876_1.jpg
881876,MERX INC BIJOUX,BIJOUX,approx,https://iwihwtpzrwyybumottcd.supabase.co/storage/v1/object/public/product-images/881876/881876_1.jpg | https://iwihwtpzrwyybumottcd.supabase.co/storage/v1/object/public/product-images/881876/881876_2.jpg
881498,MERX INC BIJOUX,BIJOUX,approx,https://iwihwtpzrwyybumottcd.supabase.co/storage/v1/object/public/product-images/881498/881498_1.jpg | https://iwihwtpzrwyybumottcd.supabase.co/storage/v1/object/public/product-images/881498/881498_2.jpg
41059,BIZOU Bijoux,BIJOUX,approx,https://iwihwtpzrwyybumottcd.supabase.co/storage/v1/object/public/product-images/41059/41059_1.jpg | https://iwihwtpzrwyybumottcd.supabase.co/storage/v1/object/public/product-images/41059/41059_2.jpg
86.26010.1,MERX INC BIJOUX,BIJOUX,exact,https://iwihwtpzrwyybumottcd.supabase.co/storage/v1/object/public/product-images/86.26010.1/86.26010.1_1.jpg | https://iwihwtpzrwyybumottcd.supabase.co/storage/v1/object/public/product-images/86.26010.1/86.26010.1_2.jpg
85707,BIZOU Bijoux,BIJOUX,approx,https://iwihwtpzrwyybumottcd.supabase.co/storage/v1/object/public/product-images/85707/85707_1.jpg | https://iwihwtpzrwyybumottcd.supabase.co/storage/v1/object/public/product-images/85707/85707_2.jpg
85691,BIZOU Bijoux,BIJOUX,approx,https://iwihwtpzrwyybumottcd.supabase.co/storage/v1/object/public/product-images/85691/85691_1.jpg | https://iwihwtpzrwyybumottcd.supabase.co/storage/v1/object/public/product-images/85691/85691_2.jpg
85591,BIZOU Bijoux,BIJOUX,approx,https://iwihwtpzrwyybumottcd.supabase.co/storage/v1/object/public/product-images/85591/85591_1.jpg | https://iwihwtpzrwyybumottcd.supabase.co/storage/v1/object/public/product-images/85591/85591_2.jpg
85.603,MERX INC BIJOUX,BIJOUX,approx,https://iwihwtpzrwyybumottcd.supabase.co/storage/v1/object/public/product-images/85.603/85.603_1.jpg | https://iwihwtpzrwyybumottcd.supabase.co/storage/v1/object/public/product-images/85.603/85.603_2.jpg
85.2998,MERX INC BIJOUX,BIJOUX,approx,https://iwihwtpzrwyybumottcd.supabase.co/storage/v1/object/public/product-images/85.2998/85.2998_1.jpg | https://iwihwtpzrwyybumottcd.supabase.co/storage/v1/object/public/product-images/85.2998/85.2998_2.jpg
07.14342.1,MERX INC BIJOUX,BIJOUX,exact,https://iwihwtpzrwyybumottcd.supabase.co/storage/v1/object/public/product-images/07.14342.1/07.14342.1_1.jpg
85.2799,MERX INC BIJOUX,BIJOUX,approx,https://iwihwtpzrwyybumottcd.supabase.co/storage/v1/object/public/product-images/85.2799/85.2799_1.jpg | https://iwihwtpzrwyybumottcd.supabase.co/storage/v1/object/public/product-images/85.2799/85.2799_2.jpg
06.14260.2,MERX INC BIJOUX,BIJOUX,exact,https://iwihwtpzrwyybumottcd.supabase.co/storage/v1/object/public/product-images/06.14260.2/06.14260.2_1.jpg | https://iwihwtpzrwyybumottcd.supabase.co/storage/v1/object/public/product-images/06.14260.2/06.14260.2_2.jpg
85.2754,MERX INC BIJOUX,BIJOUX,exact,https://iwihwtpzrwyybumottcd.supabase.co/storage/v1/object/public/product-images/85.2754/85.2754_1.jpg
0001,ARTSOIE/KOSHUAN INC. (MOD ATOUT),BIJOUX,approx,https://iwihwtpzrwyybumottcd.supabase.co/storage/v1/object/public/product-images/0001/0001_1.jpg | https://iwihwtpzrwyybumottcd.supabase.co/storage/v1/object/public/product-images/0001/0001_2.jpg
85.26009.1,MERX INC BIJOUX,BIJOUX,exact,https://iwihwtpzrwyybumottcd.supabase.co/storage/v1/object/public/product-images/85.26009.1/85.26009.1_1.jpg | https://iwihwtpzrwyybumottcd.supabase.co/storage/v1/object/public/product-images/85.26009.1/85.26009.1_2.jpg | https://iwihwtpzrwyybumottcd.supabase.co/storage/v1/object/public/product-images/85.26009.1/85.26009.1_3.jpg
85.26003.1,MERX INC BIJOUX,BIJOUX,approx,https://iwihwtpzrwyybumottcd.supabase.co/storage/v1/object/public/product-images/85.26003.1/85.26003.1_1.jpg | https://iwihwtpzrwyybumottcd.supabase.co/storage/v1/object/public/product-images/85.26003.1/85.26003.1_2.jpg
85.2393,MERX INC BIJOUX,BIJOUX,approx,https://iwihwtpzrwyybumottcd.supabase.co/storage/v1/object/public/product-images/85.2393/85.2393_1.jpg | https://iwihwtpzrwyybumottcd.supabase.co/storage/v1/object/public/product-images/85.2393/85.2393_2.jpg
85.1799,MERX INC BIJOUX,BIJOUX,approx,https://iwihwtpzrwyybumottcd.supabase.co/storage/v1/object/public/product-images/85.1799/85.1799_1.jpg | https://iwihwtpzrwyybumottcd.supabase.co/storage/v1/object/public/product-images/85.1799/85.1799_2.jpg
85.1754,MERX INC BIJOUX,BIJOUX,exact,https://iwihwtpzrwyybumottcd.supabase.co/storage/v1/object/public/product-images/85.1754/85.1754_1.jpg
85.1658,MERX INC BIJOUX,BIJOUX,approx,https://iwihwtpzrwyybumottcd.supabase.co/storage/v1/object/public/product-images/85.1658/85.1658_1.jpg | https://iwihwtpzrwyybumottcd.supabase.co/storage/v1/object/public/product-images/85.1658/85.1658_2.jpg
ARTCOL12,ARTSOIE/KOSHUAN INC. (MOD ATOUT),BIJOUX,approx,https://iwihwtpzrwyybumottcd.supabase.co/storage/v1/object/public/product-images/ARTCOL12/ARTCOL12_1.jpg | https://iwihwtpzrwyybumottcd.supabase.co/storage/v1/object/public/product-images/ARTCOL12/ARTCOL12_2.jpg
85.1643,MERX INC BIJOUX,BIJOUX,approx,https://iwihwtpzrwyybumottcd.supabase.co/storage/v1/object/public/product-images/85.1643/85.1643_1.jpg | https://iwihwtpzrwyybumottcd.supabase.co/storage/v1/object/public/product-images/85.1643/85.1643_2.jpg
0160060,ARTSOIE/KOSHUAN INC. (MOD ATOUT),BIJOUX,approx,https://iwihwtpzrwyybumottcd.supabase.co/storage/v1/object/public/product-images/0160060/0160060_1.jpg | https://iwihwtpzrwyybumottcd.supabase.co/storage/v1/object/public/product-images/0160060/0160060_2.jpg
61446,BIZOU Bijoux,BIJOUX,approx,https://iwihwtpzrwyybumottcd.supabase.co/storage/v1/object/public/product-images/61446/61446_1.jpg | https://iwihwtpzrwyybumottcd.supabase.co/storage/v1/object/public/product-images/61446/61446_2.jpg
75913,BIZOU Bijoux,BIJOUX,approx,https://iwihwtpzrwyybumottcd.supabase.co/storage/v1/object/public/product-images/75913/75913_1.jpg | https://iwihwtpzrwyybumottcd.supabase.co/storage/v1/object/public/product-images/75913/75913_2.jpg
700.119,MERX INC BIJOUX,BIJOUX,approx,https://iwihwtpzrwyybumottcd.supabase.co/storage/v1/object/public/product-images/700.119/700.119_1.jpg | https://iwihwtpzrwyybumottcd.supabase.co/storage/v1/object/public/product-images/700.119/700.119_2.jpg
84.26003.1,MERX INC BIJOUX,BIJOUX,approx,https://iwihwtpzrwyybumottcd.supabase.co/storage/v1/object/public/product-images/84.26003.1/84.26003.1_1.jpg | https://iwihwtpzrwyybumottcd.supabase.co/storage/v1/object/public/product-images/84.26003.1/84.26003.1_2.jpg
B2X,DIFFUSION DREUXX INC. (AXELLE),BIJOUX,approx,https://iwihwtpzrwyybumottcd.supabase.co/storage/v1/object/public/product-images/B2X/B2X_1.jpg | https://iwihwtpzrwyybumottcd.supabase.co/storage/v1/object/public/product-images/B2X/B2X_2.jpg
68,ARTSOIE/KOSHUAN INC. (MOD ATOUT),BIJOUX,approx,https://iwihwtpzrwyybumottcd.supabase.co/storage/v1/object/public/product-images/68/68_1.jpg | https://iwihwtpzrwyybumottcd.supabase.co/storage/v1/object/public/product-images/68/68_2.jpg
62412,BIZOU Bijoux,BIJOUX,approx,https://iwihwtpzrwyybumottcd.supabase.co/storage/v1/object/public/product-images/62412/62412_1.jpg | https://iwihwtpzrwyybumottcd.supabase.co/storage/v1/object/public/product-images/62412/62412_2.jpg
62160,BIZOU Bijoux,BIJOUX,approx,https://iwihwtpzrwyybumottcd.supabase.co/storage/v1/object/public/product-images/62160/62160_1.jpg | https://iwihwtpzrwyybumottcd.supabase.co/storage/v1/object/public/product-images/62160/62160_2.jpg
62122,BIZOU Bijoux,BIJOUX,approx,https://iwihwtpzrwyybumottcd.supabase.co/storage/v1/object/public/product-images/62122/62122_1.jpg | https://iwihwtpzrwyybumottcd.supabase.co/storage/v1/object/public/product-images/62122/62122_2.jpg
62115,BIZOU Bijoux,BIJOUX,approx,https://iwihwtpzrwyybumottcd.supabase.co/storage/v1/object/public/product-images/62115/62115_1.jpg | https://iwihwtpzrwyybumottcd.supabase.co/storage/v1/object/public/product-images/62115/62115_2.jpg
61842,BIZOU Bijoux,BIJOUX,approx,https://iwihwtpzrwyybumottcd.supabase.co/storage/v1/object/public/product-images/61842/61842_1.jpg | https://iwihwtpzrwyybumottcd.supabase.co/storage/v1/object/public/product-images/61842/61842_2.jpg
61835,BIZOU Bijoux,BIJOUX,approx,https://iwihwtpzrwyybumottcd.supabase.co/storage/v1/object/public/product-images/61835/61835_1.jpg | https://iwihwtpzrwyybumottcd.supabase.co/storage/v1/object/public/product-images/61835/61835_2.jpg
61316,BIZOU Bijoux,BIJOUX,approx,https://iwihwtpzrwyybumottcd.supabase.co/storage/v1/object/public/product-images/61316/61316_1.jpg | https://iwihwtpzrwyybumottcd.supabase.co/storage/v1/object/public/product-images/61316/61316_2.jpg
61286,BIZOU Bijoux,BIJOUX,approx,https://iwihwtpzrwyybumottcd.supabase.co/storage/v1/object/public/product-images/61286/61286_1.jpg | https://iwihwtpzrwyybumottcd.supabase.co/storage/v1/object/public/product-images/61286/61286_2.jpg
61279,BIZOU Bijoux,BIJOUX,approx,https://iwihwtpzrwyybumottcd.supabase.co/storage/v1/object/public/product-images/61279/61279_1.jpg | https://iwihwtpzrwyybumottcd.supabase.co/storage/v1/object/public/product-images/61279/61279_2.jpg
61149,BIZOU Bijoux,BIJOUX,approx,https://iwihwtpzrwyybumottcd.supabase.co/storage/v1/object/public/product-images/61149/61149_1.jpg | https://iwihwtpzrwyybumottcd.supabase.co/storage/v1/object/public/product-images/61149/61149_2.jpg
M22002,MEXX FEMME,BIJOUX,approx,https://iwihwtpzrwyybumottcd.supabase.co/storage/v1/object/public/product-images/M22002/M22002_1.jpg | https://iwihwtpzrwyybumottcd.supabase.co/storage/v1/object/public/product-images/M22002/M22002_2.jpg
43947,BIZOU Bijoux,BIJOUX,approx,https://iwihwtpzrwyybumottcd.supabase.co/storage/v1/object/public/product-images/43947/43947_1.jpg | https://iwihwtpzrwyybumottcd.supabase.co/storage/v1/object/public/product-images/43947/43947_2.jpg
43343,BIZOU Bijoux,BIJOUX,approx,https://iwihwtpzrwyybumottcd.supabase.co/storage/v1/object/public/product-images/43343/43343_1.jpg | https://iwihwtpzrwyybumottcd.supabase.co/storage/v1/object/public/product-images/43343/43343_2.jpg
42919,BIZOU Bijoux,BIJOUX,approx,https://iwihwtpzrwyybumottcd.supabase.co/storage/v1/object/public/product-images/42919/42919_1.jpg | https://iwihwtpzrwyybumottcd.supabase.co/storage/v1/object/public/product-images/42919/42919_2.jpg
0170035,ARTSOIE/KOSHUAN INC. (MOD ATOUT),BIJOUX,approx,https://iwihwtpzrwyybumottcd.supabase.co/storage/v1/object/public/product-images/0170035/0170035_1.jpg | https://iwihwtpzrwyybumottcd.supabase.co/storage/v1/object/public/product-images/0170035/0170035_2.jpg
42896,BIZOU Bijoux,BIJOUX,approx,https://iwihwtpzrwyybumottcd.supabase.co/storage/v1/object/public/product-images/42896/42896_1.jpg | https://iwihwtpzrwyybumottcd.supabase.co/storage/v1/object/public/product-images/42896/42896_2.jpg
02051,ARTSOIE/KOSHUAN INC. (MOD ATOUT),BIJOUX,approx,https://iwihwtpzrwyybumottcd.supabase.co/storage/v1/object/public/product-images/02051/02051_1.jpg | https://iwihwtpzrwyybumottcd.supabase.co/storage/v1/object/public/product-images/02051/02051_2.jpg
02116,ARTSOIE/KOSHUAN INC. (MOD ATOUT),BIJOUX,approx,https://iwihwtpzrwyybumottcd.supabase.co/storage/v1/object/public/product-images/02116/02116_1.jpg | https://iwihwtpzrwyybumottcd.supabase.co/storage/v1/object/public/product-images/02116/02116_2.jpg
03.02405,MERX INC BIJOUX,BIJOUX,approx,https://iwihwtpzrwyybumottcd.supabase.co/storage/v1/object/public/product-images/03.02405/03.02405_1.jpg | https://iwihwtpzrwyybumottcd.supabase.co/storage/v1/object/public/product-images/03.02405/03.02405_2.jpg
03.02407.2,MERX INC BIJOUX,BIJOUX,exact,https://iwihwtpzrwyybumottcd.supabase.co/storage/v1/object/public/product-images/03.02407.2/03.02407.2_1.jpg
03.5803.1,MERX INC BIJOUX,BIJOUX,approx,https://iwihwtpzrwyybumottcd.supabase.co/storage/v1/object/public/product-images/03.5803.1/03.5803.1_1.jpg | https://iwihwtpzrwyybumottcd.supabase.co/storage/v1/object/public/product-images/03.5803.1/03.5803.1_2.jpg
0314312,MERX INC BIJOUX,BIJOUX,exact,https://iwihwtpzrwyybumottcd.supabase.co/storage/v1/object/public/product-images/0314312/0314312_1.jpg | https://iwihwtpzrwyybumottcd.supabase.co/storage/v1/object/public/product-images/0314312/0314312_2.jpg
06.02385.1,MERX INC BIJOUX,BIJOUX,exact,https://iwihwtpzrwyybumottcd.supabase.co/storage/v1/object/public/product-images/06.02385.1/06.02385.1_1.jpg | https://iwihwtpzrwyybumottcd.supabase.co/storage/v1/object/public/product-images/06.02385.1/06.02385.1_2.jpg
06.4243.2,MERX INC BIJOUX,BIJOUX,approx,https://iwihwtpzrwyybumottcd.supabase.co/storage/v1/object/public/product-images/06.4243.2/06.4243.2_1.jpg | https://iwihwtpzrwyybumottcd.supabase.co/storage/v1/object/public/product-images/06.4243.2/06.4243.2_2.jpg
0120018,ARTSOIE/KOSHUAN INC. (MOD ATOUT),BIJOUX,approx,https://iwihwtpzrwyybumottcd.supabase.co/storage/v1/object/public/product-images/0120018/0120018_1.jpg | https://iwihwtpzrwyybumottcd.supabase.co/storage/v1/object/public/product-images/0120018/0120018_2.jpg
06.42434.2,MERX INC BIJOUX,BIJOUX,exact,https://iwihwtpzrwyybumottcd.supabase.co/storage/v1/object/public/product-images/06.42434.2/06.42434.2_1.jpg | https://iwihwtpzrwyybumottcd.supabase.co/storage/v1/object/public/product-images/06.42434.2/06.42434.2_2.jpg
06.14302.1,MERX INC BIJOUX,BIJOUX,approx,https://iwihwtpzrwyybumottcd.supabase.co/storage/v1/object/public/product-images/06.14302.1/06.14302.1_1.jpg | https://iwihwtpzrwyybumottcd.supabase.co/storage/v1/object/public/product-images/06.14302.1/06.14302.1_2.jpg
61491,BIZOU Bijoux,BIJOUX,approx,https://iwihwtpzrwyybumottcd.supabase.co/storage/v1/object/public/product-images/61491/61491_1.jpg | https://iwihwtpzrwyybumottcd.supabase.co/storage/v1/object/public/product-images/61491/61491_2.jpg
07.6549.01,MERX INC BIJOUX,BIJOUX,approx,https://iwihwtpzrwyybumottcd.supabase.co/storage/v1/object/public/product-images/07.6549.01/07.6549.01_1.jpg | https://iwihwtpzrwyybumottcd.supabase.co/storage/v1/object/public/product-images/07.6549.01/07.6549.01_2.jpg
P1432A5,DIFFUSION DREUXX INC. (AXELLE),BIJOUX,approx,https://iwihwtpzrwyybumottcd.supabase.co/storage/v1/object/public/product-images/P1432A5/P1432A5_1.jpg | https://iwihwtpzrwyybumottcd.supabase.co/storage/v1/object/public/product-images/P1432A5/P1432A5_2.jpg
06.42451,MERX INC BIJOUX,BIJOUX,exact,https://iwihwtpzrwyybumottcd.supabase.co/storage/v1/object/public/product-images/06.42451/06.42451_1.jpg | https://iwihwtpzrwyybumottcd.supabase.co/storage/v1/object/public/product-images/06.42451/06.42451_2.jpg | https://iwihwtpzrwyybumottcd.supabase.co/storage/v1/object/public/product-images/06.42451/06.42451_3.jpg
06.42478.1,MERX INC BIJOUX,BIJOUX,exact,https://iwihwtpzrwyybumottcd.supabase.co/storage/v1/object/public/product-images/06.42478.1/06.42478.1_1.jpg | https://iwihwtpzrwyybumottcd.supabase.co/storage/v1/object/public/product-images/06.42478.1/06.42478.1_2.jpg | https://iwihwtpzrwyybumottcd.supabase.co/storage/v1/object/public/product-images/06.42478.1/06.42478.1_3.jpg
06.5411.01,MERX INC BIJOUX,BIJOUX,exact,https://iwihwtpzrwyybumottcd.supabase.co/storage/v1/object/public/product-images/06.5411.01/06.5411.01_1.jpg
06.5411.02,MERX INC BIJOUX,BIJOUX,exact,https://iwihwtpzrwyybumottcd.supabase.co/storage/v1/object/public/product-images/06.5411.02/06.5411.02_1.jpg
06.5544.01,MERX INC BIJOUX,BIJOUX,approx,https://iwihwtpzrwyybumottcd.supabase.co/storage/v1/object/public/product-images/06.5544.01/06.5544.01_1.jpg | https://iwihwtpzrwyybumottcd.supabase.co/storage/v1/object/public/product-images/06.5544.01/06.5544.01_2.jpg
06.5569.02,MERX INC BIJOUX,BIJOUX,exact,https://iwihwtpzrwyybumottcd.supabase.co/storage/v1/object/public/product-images/06.5569.02/06.5569.02_1.jpg
06.5573.02,MERX INC BIJOUX,BIJOUX,exact,https://iwihwtpzrwyybumottcd.supabase.co/storage/v1/object/public/product-images/06.5573.02/06.5573.02_1.jpg
06.5576.02,MERX INC BIJOUX,BIJOUX,exact,https://iwihwtpzrwyybumottcd.supabase.co/storage/v1/object/public/product-images/06.5576.02/06.5576.02_1.jpg
06.5579.02,MERX INC BIJOUX,BIJOUX,exact,https://iwihwtpzrwyybumottcd.supabase.co/storage/v1/object/public/product-images/06.5579.02/06.5579.02_1.jpg
06.5582.01,MERX INC BIJOUX,BIJOUX,exact,https://iwihwtpzrwyybumottcd.supabase.co/storage/v1/object/public/product-images/06.5582.01/06.5582.01_1.jpg
06.5584.02,MERX INC BIJOUX,BIJOUX,exact,https://iwihwtpzrwyybumottcd.supabase.co/storage/v1/object/public/product-images/06.5584.02/06.5584.02_1.jpg
06.5822.2,MERX INC BIJOUX,BIJOUX,exact,https://iwihwtpzrwyybumottcd.supabase.co/storage/v1/object/public/product-images/06.5822.2/06.5822.2_1.jpg | https://iwihwtpzrwyybumottcd.supabase.co/storage/v1/object/public/product-images/06.5822.2/06.5822.2_2.jpg
06.5843,MERX INC BIJOUX,BIJOUX,exact,https://iwihwtpzrwyybumottcd.supabase.co/storage/v1/object/public/product-images/06.5843/06.5843_1.jpg | https://iwihwtpzrwyybumottcd.supabase.co/storage/v1/object/public/product-images/06.5843/06.5843_2.jpg | https://iwihwtpzrwyybumottcd.supabase.co/storage/v1/object/public/product-images/06.5843/06.5843_3.jpg
06.5843.1,MERX INC BIJOUX,BIJOUX,exact,https://iwihwtpzrwyybumottcd.supabase.co/storage/v1/object/public/product-images/06.5843.1/06.5843.1_1.jpg | https://iwihwtpzrwyybumottcd.supabase.co/storage/v1/object/public/product-images/06.5843.1/06.5843.1_2.jpg | https://iwihwtpzrwyybumottcd.supabase.co/storage/v1/object/public/product-images/06.5843.1/06.5843.1_3.jpg
06023272,MERX INC BIJOUX,BIJOUX,exact,https://iwihwtpzrwyybumottcd.supabase.co/storage/v1/object/public/product-images/06023272/06023272_1.jpg | https://iwihwtpzrwyybumottcd.supabase.co/storage/v1/object/public/product-images/06023272/06023272_2.jpg
0614291,MERX INC BIJOUX,BIJOUX,approx,https://iwihwtpzrwyybumottcd.supabase.co/storage/v1/object/public/product-images/0614291/0614291_1.jpg | https://iwihwtpzrwyybumottcd.supabase.co/storage/v1/object/public/product-images/0614291/0614291_2.jpg
06142931,MERX INC BIJOUX,BIJOUX,exact,https://iwihwtpzrwyybumottcd.supabase.co/storage/v1/object/public/product-images/06142931/06142931_1.jpg
0614312,MERX INC BIJOUX,BIJOUX,exact,https://iwihwtpzrwyybumottcd.supabase.co/storage/v1/object/public/product-images/0614312/0614312_1.jpg
0614330,MERX INC BIJOUX,BIJOUX,exact,https://iwihwtpzrwyybumottcd.supabase.co/storage/v1/object/public/product-images/0614330/0614330_1.jpg | https://iwihwtpzrwyybumottcd.supabase.co/storage/v1/object/public/product-images/0614330/0614330_2.jpg
0646051,MERX INC BIJOUX,BIJOUX,exact,https://iwihwtpzrwyybumottcd.supabase.co/storage/v1/object/public/product-images/0646051/0646051_1.jpg
07.6560.02,MERX INC BIJOUX,BIJOUX,approx,https://iwihwtpzrwyybumottcd.supabase.co/storage/v1/object/public/product-images/07.6560.02/07.6560.02_1.jpg | https://iwihwtpzrwyybumottcd.supabase.co/storage/v1/object/public/product-images/07.6560.02/07.6560.02_2.jpg
07.6631.01,MERX INC BIJOUX,BIJOUX,exact,https://iwihwtpzrwyybumottcd.supabase.co/storage/v1/object/public/product-images/07.6631.01/07.6631.01_1.jpg
07.6631.02,MERX INC BIJOUX,BIJOUX,exact,https://iwihwtpzrwyybumottcd.supabase.co/storage/v1/object/public/product-images/07.6631.02/07.6631.02_1.jpg
07.6633.01,MERX INC BIJOUX,BIJOUX,exact,https://iwihwtpzrwyybumottcd.supabase.co/storage/v1/object/public/product-images/07.6633.01/07.6633.01_1.jpg
0714291,MERX INC BIJOUX,BIJOUX,approx,https://iwihwtpzrwyybumottcd.supabase.co/storage/v1/object/public/product-images/0714291/0714291_1.jpg | https://iwihwtpzrwyybumottcd.supabase.co/storage/v1/object/public/product-images/0714291/0714291_2.jpg
07143181,MERX INC BIJOUX,BIJOUX,approx,https://iwihwtpzrwyybumottcd.supabase.co/storage/v1/object/public/product-images/07143181/07143181_1.jpg | https://iwihwtpzrwyybumottcd.supabase.co/storage/v1/object/public/product-images/07143181/07143181_2.jpg
07224401,MERX INC BIJOUX,BIJOUX,approx,https://iwihwtpzrwyybumottcd.supabase.co/storage/v1/object/public/product-images/07224401/07224401_1.jpg | https://iwihwtpzrwyybumottcd.supabase.co/storage/v1/object/public/product-images/07224401/07224401_2.jpg
07656002,MERX INC BIJOUX,BIJOUX,approx,https://iwihwtpzrwyybumottcd.supabase.co/storage/v1/object/public/product-images/07656002/07656002_1.jpg | https://iwihwtpzrwyybumottcd.supabase.co/storage/v1/object/public/product-images/07656002/07656002_2.jpg
07659101,MERX INC BIJOUX,BIJOUX,exact,https://iwihwtpzrwyybumottcd.supabase.co/storage/v1/object/public/product-images/07659101/07659101_1.jpg
07659102,MERX INC BIJOUX,BIJOUX,exact,https://iwihwtpzrwyybumottcd.supabase.co/storage/v1/object/public/product-images/07659102/07659102_1.jpg
07659103,MERX INC BIJOUX,BIJOUX,exact,https://iwihwtpzrwyybumottcd.supabase.co/storage/v1/object/public/product-images/07659103/07659103_1.jpg
AXELLE9,DIFFUSION DREUXX INC. (AXELLE),BIJOUX,approx,https://iwihwtpzrwyybumottcd.supabase.co/storage/v1/object/public/product-images/AXELLE9/AXELLE9_1.jpg | https://iwihwtpzrwyybumottcd.supabase.co/storage/v1/object/public/product-images/AXELLE9/AXELLE9_2.jpg
40595,BIZOU Bijoux,BIJOUX,approx,https://iwihwtpzrwyybumottcd.supabase.co/storage/v1/object/public/product-images/40595/40595_1.jpg | https://iwihwtpzrwyybumottcd.supabase.co/storage/v1/object/public/product-images/40595/40595_2.jpg
AXELLE5,DIFFUSION DREUXX INC. (AXELLE),BIJOUX,approx,https://iwihwtpzrwyybumottcd.supabase.co/storage/v1/object/public/product-images/AXELLE5/AXELLE5_1.jpg | https://iwihwtpzrwyybumottcd.supabase.co/storage/v1/object/public/product-images/AXELLE5/AXELLE5_2.jpg
AXELLE15,DIFFUSION DREUXX INC. (AXELLE),BIJOUX,approx,https://iwihwtpzrwyybumottcd.supabase.co/storage/v1/object/public/product-images/AXELLE15/AXELLE15_1.jpg | https://iwihwtpzrwyybumottcd.supabase.co/storage/v1/object/public/product-images/AXELLE15/AXELLE15_2.jpg
AXELLE12X,DIFFUSION DREUXX INC. (AXELLE),BIJOUX,approx,https://iwihwtpzrwyybumottcd.supabase.co/storage/v1/object/public/product-images/AXELLE12X/AXELLE12X_1.jpg | https://iwihwtpzrwyybumottcd.supabase.co/storage/v1/object/public/product-images/AXELLE12X/AXELLE12X_2.jpg
AXELLE10,DIFFUSION DREUXX INC. (AXELLE),BIJOUX,approx,https://iwihwtpzrwyybumottcd.supabase.co/storage/v1/object/public/product-images/AXELLE10/AXELLE10_1.jpg | https://iwihwtpzrwyybumottcd.supabase.co/storage/v1/object/public/product-images/AXELLE10/AXELLE10_2.jpg
ARTSOIES22,ARTSOIE/KOSHUAN INC. (MOD ATOUT),BIJOUX,approx,https://iwihwtpzrwyybumottcd.supabase.co/storage/v1/object/public/product-images/ARTSOIES22/ARTSOIES22_1.jpg | https://iwihwtpzrwyybumottcd.supabase.co/storage/v1/object/public/product-images/ARTSOIES22/ARTSOIES22_2.jpg
ARTSOIE8,ARTSOIE/KOSHUAN INC. (MOD ATOUT),BIJOUX,approx,https://iwihwtpzrwyybumottcd.supabase.co/storage/v1/object/public/product-images/ARTSOIE8/ARTSOIE8_1.jpg | https://iwihwtpzrwyybumottcd.supabase.co/storage/v1/object/public/product-images/ARTSOIE8/ARTSOIE8_2.jpg
ARTSOIE6,ARTSOIE/KOSHUAN INC. (MOD ATOUT),BIJOUX,approx,https://iwihwtpzrwyybumottcd.supabase.co/storage/v1/object/public/product-images/ARTSOIE6/ARTSOIE6_1.jpg | https://iwihwtpzrwyybumottcd.supabase.co/storage/v1/object/public/product-images/ARTSOIE6/ARTSOIE6_2.jpg
42865,BIZOU Bijoux,BIJOUX,approx,https://iwihwtpzrwyybumottcd.supabase.co/storage/v1/object/public/product-images/42865/42865_1.jpg | https://iwihwtpzrwyybumottcd.supabase.co/storage/v1/object/public/product-images/42865/42865_2.jpg
42391,BIZOU Bijoux,BIJOUX,approx,https://iwihwtpzrwyybumottcd.supabase.co/storage/v1/object/public/product-images/42391/42391_1.jpg | https://iwihwtpzrwyybumottcd.supabase.co/storage/v1/object/public/product-images/42391/42391_2.jpg
42261,BIZOU Bijoux,BIJOUX,approx,https://iwihwtpzrwyybumottcd.supabase.co/storage/v1/object/public/product-images/42261/42261_1.jpg | https://iwihwtpzrwyybumottcd.supabase.co/storage/v1/object/public/product-images/42261/42261_2.jpg
01719,ARTSOIE/KOSHUAN INC. (MOD ATOUT),BIJOUX,approx,https://iwihwtpzrwyybumottcd.supabase.co/storage/v1/object/public/product-images/01719/01719_1.jpg | https://iwihwtpzrwyybumottcd.supabase.co/storage/v1/object/public/product-images/01719/01719_2.jpg
0180088,ARTSOIE/KOSHUAN INC. (MOD ATOUT),BIJOUX,approx,https://iwihwtpzrwyybumottcd.supabase.co/storage/v1/object/public/product-images/0180088/0180088_1.jpg | https://iwihwtpzrwyybumottcd.supabase.co/storage/v1/object/public/product-images/0180088/0180088_2.jpg
01853,ARTSOIE/KOSHUAN INC. (MOD ATOUT),BIJOUX,approx,https://iwihwtpzrwyybumottcd.supabase.co/storage/v1/object/public/product-images/01853/01853_1.jpg | https://iwihwtpzrwyybumottcd.supabase.co/storage/v1/object/public/product-images/01853/01853_2.jpg
01883,ARTSOIE/KOSHUAN INC. (MOD ATOUT),BIJOUX,approx,https://iwihwtpzrwyybumottcd.supabase.co/storage/v1/object/public/product-images/01883/01883_1.jpg | https://iwihwtpzrwyybumottcd.supabase.co/storage/v1/object/public/product-images/01883/01883_2.jpg
01884,ARTSOIE/KOSHUAN INC. (MOD ATOUT),BIJOUX,approx,https://iwihwtpzrwyybumottcd.supabase.co/storage/v1/object/public/product-images/01884/01884_1.jpg | https://iwihwtpzrwyybumottcd.supabase.co/storage/v1/object/public/product-images/01884/01884_2.jpg
SP2510032,ESQUALO (ALPHI),BLOUSE M.L. FEMME,exact,https://iwihwtpzrwyybumottcd.supabase.co/storage/v1/object/public/product-images/SP2510032/SP2510032_1.jpg
ART17,ARTSOIE/KOSHUAN INC. (MOD ATOUT),BOA,exact,https://iwihwtpzrwyybumottcd.supabase.co/storage/v1/object/public/product-images/ART17/ART17_1.jpg | https://iwihwtpzrwyybumottcd.supabase.co/storage/v1/object/public/product-images/ART17/ART17_2.jpg
937802,APRICOT COLLECTIONS,BOLÉRO,approx,https://iwihwtpzrwyybumottcd.supabase.co/storage/v1/object/public/product-images/937802/937802_1.jpg | https://iwihwtpzrwyybumottcd.supabase.co/storage/v1/object/public/product-images/937802/937802_2.jpg
937734,APRICOT COLLECTIONS,BOLÉRO,exact,https://iwihwtpzrwyybumottcd.supabase.co/storage/v1/object/public/product-images/937734/937734_1.jpg
C4515801,TRAMONTANA Alphi,BOOMER POLYESTER,approx,https://iwihwtpzrwyybumottcd.supabase.co/storage/v1/object/public/product-images/C4515801/C4515801_1.jpg | https://iwihwtpzrwyybumottcd.supabase.co/storage/v1/object/public/product-images/C4515801/C4515801_2.jpg
MSBORPEDRO,PVH LEGWEAR CANADA,BOUCLE D'OREILLE,approx,https://iwihwtpzrwyybumottcd.supabase.co/storage/v1/object/public/product-images/MSBORPEDRO/MSBORPEDRO_1.jpg | https://iwihwtpzrwyybumottcd.supabase.co/storage/v1/object/public/product-images/MSBORPEDRO/MSBORPEDRO_2.jpg
MSBOUPEDBL,PVH LEGWEAR CANADA,BOUCLE D'OREILLE,approx,https://iwihwtpzrwyybumottcd.supabase.co/storage/v1/object/public/product-images/MSBOUPEDBL/MSBOUPEDBL_1.jpg | https://iwihwtpzrwyybumottcd.supabase.co/storage/v1/object/public/product-images/MSBOUPEDBL/MSBOUPEDBL_2.jpg
MSBOH,PVH LEGWEAR CANADA,BOUCLE D'OREILLE,approx,https://iwihwtpzrwyybumottcd.supabase.co/storage/v1/object/public/product-images/MSBOH/MSBOH_1.jpg | https://iwihwtpzrwyybumottcd.supabase.co/storage/v1/object/public/product-images/MSBOH/MSBOH_2.jpg
MSBOON,PVH LEGWEAR CANADA,BOUCLE D'OREILLE,approx,https://iwihwtpzrwyybumottcd.supabase.co/storage/v1/object/public/product-images/MSBOON/MSBOON_1.jpg | https://iwihwtpzrwyybumottcd.supabase.co/storage/v1/object/public/product-images/MSBOON/MSBOON_2.jpg
MSBOBPB,PVH LEGWEAR CANADA,BOUCLE D'OREILLE,approx,https://iwihwtpzrwyybumottcd.supabase.co/storage/v1/object/public/product-images/MSBOBPB/MSBOBPB_1.jpg | https://iwihwtpzrwyybumottcd.supabase.co/storage/v1/object/public/product-images/MSBOBPB/MSBOBPB_2.jpg
PERLESOREILLES,PVH LEGWEAR CANADA,BOUCLE D'OREILLE,approx,https://iwihwtpzrwyybumottcd.supabase.co/storage/v1/object/public/product-images/PERLESOREILLES/PERLESOREILLES_1.jpg | https://iwihwtpzrwyybumottcd.supabase.co/storage/v1/object/public/product-images/PERLESOREILLES/PERLESOREILLES_2.jpg
MSBOPBPE,PVH LEGWEAR CANADA,BOUCLE D'OREILLE,approx,https://iwihwtpzrwyybumottcd.supabase.co/storage/v1/object/public/product-images/MSBOPBPE/MSBOPBPE_1.jpg | https://iwihwtpzrwyybumottcd.supabase.co/storage/v1/object/public/product-images/MSBOPBPE/MSBOPBPE_2.jpg
MSBOHE,PVH LEGWEAR CANADA,BOUCLE D'OREILLE,approx,https://iwihwtpzrwyybumottcd.supabase.co/storage/v1/object/public/product-images/MSBOHE/MSBOHE_1.jpg | https://iwihwtpzrwyybumottcd.supabase.co/storage/v1/object/public/product-images/MSBOHE/MSBOHE_2.jpg
MSBOPR,PVH LEGWEAR CANADA,BOUCLE D'OREILLE,approx,https://iwihwtpzrwyybumottcd.supabase.co/storage/v1/object/public/product-images/MSBOPR/MSBOPR_1.jpg | https://iwihwtpzrwyybumottcd.supabase.co/storage/v1/object/public/product-images/MSBOPR/MSBOPR_2.jpg
MSBORPEDG,PVH LEGWEAR CANADA,BOUCLE D'OREILLE,approx,https://iwihwtpzrwyybumottcd.supabase.co/storage/v1/object/public/product-images/MSBORPEDG/MSBORPEDG_1.jpg | https://iwihwtpzrwyybumottcd.supabase.co/storage/v1/object/public/product-images/MSBORPEDG/MSBORPEDG_2.jpg
MSBORPEDGB,PVH LEGWEAR CANADA,BOUCLE D'OREILLE,approx,https://iwihwtpzrwyybumottcd.supabase.co/storage/v1/object/public/product-images/MSBORPEDGB/MSBORPEDGB_1.jpg | https://iwihwtpzrwyybumottcd.supabase.co/storage/v1/object/public/product-images/MSBORPEDGB/MSBORPEDGB_2.jpg
MSBRABPM,PVH LEGWEAR CANADA,BRACELET,approx,https://iwihwtpzrwyybumottcd.supabase.co/storage/v1/object/public/product-images/MSBRABPM/MSBRABPM_1.jpg | https://iwihwtpzrwyybumottcd.supabase.co/storage/v1/object/public/product-images/MSBRABPM/MSBRABPM_2.jpg
PIERREDELUNE,PVH LEGWEAR CANADA,BRACELET,approx,https://iwihwtpzrwyybumottcd.supabase.co/storage/v1/object/public/product-images/PIERREDELUNE/PIERREDELUNE_1.jpg | https://iwihwtpzrwyybumottcd.supabase.co/storage/v1/object/public/product-images/PIERREDELUNE/PIERREDELUNE_2.jpg
BRAHÉMATITE,PVH LEGWEAR CANADA,BRACELET,approx,https://iwihwtpzrwyybumottcd.supabase.co/storage/v1/object/public/product-images/BRAH_MATITE/BRAH_MATITE_1.jpg | https://iwihwtpzrwyybumottcd.supabase.co/storage/v1/object/public/product-images/BRAH_MATITE/BRAH_MATITE_2.jpg
QUARTZ1,PVH LEGWEAR CANADA,BRACELET,approx,https://iwihwtpzrwyybumottcd.supabase.co/storage/v1/object/public/product-images/QUARTZ1/QUARTZ1_1.jpg | https://iwihwtpzrwyybumottcd.supabase.co/storage/v1/object/public/product-images/QUARTZ1/QUARTZ1_2.jpg
AMAZONITE,PVH LEGWEAR CANADA,BRACELET,approx,https://iwihwtpzrwyybumottcd.supabase.co/storage/v1/object/public/product-images/AMAZONITE/AMAZONITE_1.jpg | https://iwihwtpzrwyybumottcd.supabase.co/storage/v1/object/public/product-images/AMAZONITE/AMAZONITE_2.jpg
MSQROZC,PVH LEGWEAR CANADA,BRACELET,approx,https://iwihwtpzrwyybumottcd.supabase.co/storage/v1/object/public/product-images/MSQROZC/MSQROZC_1.jpg | https://iwihwtpzrwyybumottcd.supabase.co/storage/v1/object/public/product-images/MSQROZC/MSQROZC_2.jpg
SODALITE1,PVH LEGWEAR CANADA,BRACELET,exact,https://iwihwtpzrwyybumottcd.supabase.co/storage/v1/object/public/product-images/SODALITE1/SODALITE1_1.jpg
SODALITE,PVH LEGWEAR CANADA,BRACELET,approx,https://iwihwtpzrwyybumottcd.supabase.co/storage/v1/object/public/product-images/SODALITE/SODALITE_1.jpg | https://iwihwtpzrwyybumottcd.supabase.co/storage/v1/object/public/product-images/SODALITE/SODALITE_2.jpg
SERPENTINE,PVH LEGWEAR CANADA,BRACELET,approx,https://iwihwtpzrwyybumottcd.supabase.co/storage/v1/object/public/product-images/SERPENTINE/SERPENTINE_1.jpg | https://iwihwtpzrwyybumottcd.supabase.co/storage/v1/object/public/product-images/SERPENTINE/SERPENTINE_2.jpg
RHODONITE,PVH LEGWEAR CANADA,BRACELET,approx,https://iwihwtpzrwyybumottcd.supabase.co/storage/v1/object/public/product-images/RHODONITE/RHODONITE_1.jpg | https://iwihwtpzrwyybumottcd.supabase.co/storage/v1/object/public/product-images/RHODONITE/RHODONITE_2.jpg
QUARTZROUGE,PVH LEGWEAR CANADA,BRACELET,approx,https://iwihwtpzrwyybumottcd.supabase.co/storage/v1/object/public/product-images/QUARTZROUGE/QUARTZROUGE_1.jpg | https://iwihwtpzrwyybumottcd.supabase.co/storage/v1/object/public/product-images/QUARTZROUGE/QUARTZROUGE_2.jpg
QUARTZFUMÉ,PVH LEGWEAR CANADA,BRACELET,approx,https://iwihwtpzrwyybumottcd.supabase.co/storage/v1/object/public/product-images/QUARTZFUM_/QUARTZFUM__1.jpg | https://iwihwtpzrwyybumottcd.supabase.co/storage/v1/object/public/product-images/QUARTZFUM_/QUARTZFUM__2.jpg
QUARTZCITRINE,PVH LEGWEAR CANADA,BRACELET,approx,https://iwihwtpzrwyybumottcd.supabase.co/storage/v1/object/public/product-images/QUARTZCITRINE/QUARTZCITRINE_1.jpg | https://iwihwtpzrwyybumottcd.supabase.co/storage/v1/object/public/product-images/QUARTZCITRINE/QUARTZCITRINE_2.jpg
QUARTZ8,PVH LEGWEAR CANADA,BRACELET,approx,https://iwihwtpzrwyybumottcd.supabase.co/storage/v1/object/public/product-images/QUARTZ8/QUARTZ8_1.jpg | https://iwihwtpzrwyybumottcd.supabase.co/storage/v1/object/public/product-images/QUARTZ8/QUARTZ8_2.jpg
QUARTZ5,PVH LEGWEAR CANADA,BRACELET,approx,https://iwihwtpzrwyybumottcd.supabase.co/storage/v1/object/public/product-images/QUARTZ5/QUARTZ5_1.jpg | https://iwihwtpzrwyybumottcd.supabase.co/storage/v1/object/public/product-images/QUARTZ5/QUARTZ5_2.jpg
QUARTZ4,PVH LEGWEAR CANADA,BRACELET,approx,https://iwihwtpzrwyybumottcd.supabase.co/storage/v1/object/public/product-images/QUARTZ4/QUARTZ4_1.jpg | https://iwihwtpzrwyybumottcd.supabase.co/storage/v1/object/public/product-images/QUARTZ4/QUARTZ4_2.jpg
QUARTZ3,PVH LEGWEAR CANADA,BRACELET,approx,https://iwihwtpzrwyybumottcd.supabase.co/storage/v1/object/public/product-images/QUARTZ3/QUARTZ3_1.jpg | https://iwihwtpzrwyybumottcd.supabase.co/storage/v1/object/public/product-images/QUARTZ3/QUARTZ3_2.jpg
QUARTZ2,PVH LEGWEAR CANADA,BRACELET,approx,https://iwihwtpzrwyybumottcd.supabase.co/storage/v1/object/public/product-images/QUARTZ2/QUARTZ2_1.jpg | https://iwihwtpzrwyybumottcd.supabase.co/storage/v1/object/public/product-images/QUARTZ2/QUARTZ2_2.jpg
QUARTZ ROSE 2,PVH LEGWEAR CANADA,BRACELET,exact,https://iwihwtpzrwyybumottcd.supabase.co/storage/v1/object/public/product-images/QUARTZ_ROSE_2/QUARTZ_ROSE_2_1.jpg
QUARTZ ROSE 1,PVH LEGWEAR CANADA,BRACELET,approx,https://iwihwtpzrwyybumottcd.supabase.co/storage/v1/object/public/product-images/QUARTZ_ROSE_1/QUARTZ_ROSE_1_1.jpg | https://iwihwtpzrwyybumottcd.supabase.co/storage/v1/object/public/product-images/QUARTZ_ROSE_1/QUARTZ_ROSE_1_2.jpg
QUARTZ ROSE,PVH LEGWEAR CANADA,BRACELET,approx,https://iwihwtpzrwyybumottcd.supabase.co/storage/v1/object/public/product-images/QUARTZ_ROSE/QUARTZ_ROSE_1.jpg | https://iwihwtpzrwyybumottcd.supabase.co/storage/v1/object/public/product-images/QUARTZ_ROSE/QUARTZ_ROSE_2.jpg
QUARTZ,PVH LEGWEAR CANADA,BRACELET,approx,https://iwihwtpzrwyybumottcd.supabase.co/storage/v1/object/public/product-images/QUARTZ/QUARTZ_1.jpg | https://iwihwtpzrwyybumottcd.supabase.co/storage/v1/object/public/product-images/QUARTZ/QUARTZ_2.jpg
PINKZEBRA,PVH LEGWEAR CANADA,BRACELET,approx,https://iwihwtpzrwyybumottcd.supabase.co/storage/v1/object/public/product-images/PINKZEBRA/PINKZEBRA_1.jpg | https://iwihwtpzrwyybumottcd.supabase.co/storage/v1/object/public/product-images/PINKZEBRA/PINKZEBRA_2.jpg
PIERREDELUNE1,PVH LEGWEAR CANADA,BRACELET,approx,https://iwihwtpzrwyybumottcd.supabase.co/storage/v1/object/public/product-images/PIERREDELUNE1/PIERREDELUNE1_1.jpg | https://iwihwtpzrwyybumottcd.supabase.co/storage/v1/object/public/product-images/PIERREDELUNE1/PIERREDELUNE1_2.jpg
PIERRE DE LUNE,PVH LEGWEAR CANADA,BRACELET,approx,https://iwihwtpzrwyybumottcd.supabase.co/storage/v1/object/public/product-images/PIERRE_DE_LUNE/PIERRE_DE_LUNE_1.jpg | https://iwihwtpzrwyybumottcd.supabase.co/storage/v1/object/public/product-images/PIERRE_DE_LUNE/PIERRE_DE_LUNE_2.jpg
ONYX1,PVH LEGWEAR CANADA,BRACELET,approx,https://iwihwtpzrwyybumottcd.supabase.co/storage/v1/object/public/product-images/ONYX1/ONYX1_1.jpg | https://iwihwtpzrwyybumottcd.supabase.co/storage/v1/object/public/product-images/ONYX1/ONYX1_2.jpg
ONYX,PVH LEGWEAR CANADA,BRACELET,approx,https://iwihwtpzrwyybumottcd.supabase.co/storage/v1/object/public/product-images/ONYX/ONYX_1.jpg | https://iwihwtpzrwyybumottcd.supabase.co/storage/v1/object/public/product-images/ONYX/ONYX_2.jpg
OEIL DE TIGRE,PVH LEGWEAR CANADA,BRACELET,exact,https://iwihwtpzrwyybumottcd.supabase.co/storage/v1/object/public/product-images/OEIL_DE_TIGRE/OEIL_DE_TIGRE_1.jpg | https://iwihwtpzrwyybumottcd.supabase.co/storage/v1/object/public/product-images/OEIL_DE_TIGRE/OEIL_DE_TIGRE_2.jpg | https://iwihwtpzrwyybumottcd.supabase.co/storage/v1/object/public/product-images/OEIL_DE_TIGRE/OEIL_DE_TIGRE_3.jpg
MSBROAL,PVH LEGWEAR CANADA,BRACELET,approx,https://iwihwtpzrwyybumottcd.supabase.co/storage/v1/object/public/product-images/MSBROAL/MSBROAL_1.jpg | https://iwihwtpzrwyybumottcd.supabase.co/storage/v1/object/public/product-images/MSBROAL/MSBROAL_2.jpg
MSBRASOD,PVH LEGWEAR CANADA,BRACELET,approx,https://iwihwtpzrwyybumottcd.supabase.co/storage/v1/object/public/product-images/MSBRASOD/MSBRASOD_1.jpg | https://iwihwtpzrwyybumottcd.supabase.co/storage/v1/object/public/product-images/MSBRASOD/MSBRASOD_2.jpg
MSBRARR,PVH LEGWEAR CANADA,BRACELET,approx,https://iwihwtpzrwyybumottcd.supabase.co/storage/v1/object/public/product-images/MSBRARR/MSBRARR_1.jpg | https://iwihwtpzrwyybumottcd.supabase.co/storage/v1/object/public/product-images/MSBRARR/MSBRARR_2.jpg
MSBRARHOR,PVH LEGWEAR CANADA,BRACELET,approx,https://iwihwtpzrwyybumottcd.supabase.co/storage/v1/object/public/product-images/MSBRARHOR/MSBRARHOR_1.jpg | https://iwihwtpzrwyybumottcd.supabase.co/storage/v1/object/public/product-images/MSBRARHOR/MSBRARHOR_2.jpg
MSBRARHO19,PVH LEGWEAR CANADA,BRACELET,approx,https://iwihwtpzrwyybumottcd.supabase.co/storage/v1/object/public/product-images/MSBRARHO19/MSBRARHO19_1.jpg | https://iwihwtpzrwyybumottcd.supabase.co/storage/v1/object/public/product-images/MSBRARHO19/MSBRARHO19_2.jpg
MSBRAQURO,PVH LEGWEAR CANADA,BRACELET,approx,https://iwihwtpzrwyybumottcd.supabase.co/storage/v1/object/public/product-images/MSBRAQURO/MSBRAQURO_1.jpg | https://iwihwtpzrwyybumottcd.supabase.co/storage/v1/object/public/product-images/MSBRAQURO/MSBRAQURO_2.jpg
MSBRAQTZ,PVH LEGWEAR CANADA,BRACELET,approx,https://iwihwtpzrwyybumottcd.supabase.co/storage/v1/object/public/product-images/MSBRAQTZ/MSBRAQTZ_1.jpg | https://iwihwtpzrwyybumottcd.supabase.co/storage/v1/object/public/product-images/MSBRAQTZ/MSBRAQTZ_2.jpg
MSBRAQR8M,PVH LEGWEAR CANADA,BRACELET,approx,https://iwihwtpzrwyybumottcd.supabase.co/storage/v1/object/public/product-images/MSBRAQR8M/MSBRAQR8M_1.jpg | https://iwihwtpzrwyybumottcd.supabase.co/storage/v1/object/public/product-images/MSBRAQR8M/MSBRAQR8M_2.jpg
MSBRAQFRA,PVH LEGWEAR CANADA,BRACELET,approx,https://iwihwtpzrwyybumottcd.supabase.co/storage/v1/object/public/product-images/MSBRAQFRA/MSBRAQFRA_1.jpg | https://iwihwtpzrwyybumottcd.supabase.co/storage/v1/object/public/product-images/MSBRAQFRA/MSBRAQFRA_2.jpg
MSBRAQC,PVH LEGWEAR CANADA,BRACELET,approx,https://iwihwtpzrwyybumottcd.supabase.co/storage/v1/object/public/product-images/MSBRAQC/MSBRAQC_1.jpg | https://iwihwtpzrwyybumottcd.supabase.co/storage/v1/object/public/product-images/MSBRAQC/MSBRAQC_2.jpg
MSBRAQ,PVH LEGWEAR CANADA,BRACELET,approx,https://iwihwtpzrwyybumottcd.supabase.co/storage/v1/object/public/product-images/MSBRAQ/MSBRAQ_1.jpg | https://iwihwtpzrwyybumottcd.supabase.co/storage/v1/object/public/product-images/MSBRAQ/MSBRAQ_2.jpg
MSBRAPZJ8M,PVH LEGWEAR CANADA,BRACELET,approx,https://iwihwtpzrwyybumottcd.supabase.co/storage/v1/object/public/product-images/MSBRAPZJ8M/MSBRAPZJ8M_1.jpg | https://iwihwtpzrwyybumottcd.supabase.co/storage/v1/object/public/product-images/MSBRAPZJ8M/MSBRAPZJ8M_2.jpg
MSBRAPR19,PVH LEGWEAR CANADA,BRACELET,approx,https://iwihwtpzrwyybumottcd.supabase.co/storage/v1/object/public/product-images/MSBRAPR19/MSBRAPR19_1.jpg | https://iwihwtpzrwyybumottcd.supabase.co/storage/v1/object/public/product-images/MSBRAPR19/MSBRAPR19_2.jpg
MSBRAPPBL,PVH LEGWEAR CANADA,BRACELET,approx,https://iwihwtpzrwyybumottcd.supabase.co/storage/v1/object/public/product-images/MSBRAPPBL/MSBRAPPBL_1.jpg | https://iwihwtpzrwyybumottcd.supabase.co/storage/v1/object/public/product-images/MSBRAPPBL/MSBRAPPBL_2.jpg
MSBRAPLM,PVH LEGWEAR CANADA,BRACELET,approx,https://iwihwtpzrwyybumottcd.supabase.co/storage/v1/object/public/product-images/MSBRAPLM/MSBRAPLM_1.jpg | https://iwihwtpzrwyybumottcd.supabase.co/storage/v1/object/public/product-images/MSBRAPLM/MSBRAPLM_2.jpg
MSBRAPDR19,PVH LEGWEAR CANADA,BRACELET,approx,https://iwihwtpzrwyybumottcd.supabase.co/storage/v1/object/public/product-images/MSBRAPDR19/MSBRAPDR19_1.jpg | https://iwihwtpzrwyybumottcd.supabase.co/storage/v1/object/public/product-images/MSBRAPDR19/MSBRAPDR19_2.jpg
MSBRAPDL8M,PVH LEGWEAR CANADA,BRACELET,approx,https://iwihwtpzrwyybumottcd.supabase.co/storage/v1/object/public/product-images/MSBRAPDL8M/MSBRAPDL8M_1.jpg | https://iwihwtpzrwyybumottcd.supabase.co/storage/v1/object/public/product-images/MSBRAPDL8M/MSBRAPDL8M_2.jpg
MSBRAPDL19,PVH LEGWEAR CANADA,BRACELET,approx,https://iwihwtpzrwyybumottcd.supabase.co/storage/v1/object/public/product-images/MSBRAPDL19/MSBRAPDL19_1.jpg | https://iwihwtpzrwyybumottcd.supabase.co/storage/v1/object/public/product-images/MSBRAPDL19/MSBRAPDL19_2.jpg
MSBRAPBG,PVH LEGWEAR CANADA,BRACELET,approx,https://iwihwtpzrwyybumottcd.supabase.co/storage/v1/object/public/product-images/MSBRAPBG/MSBRAPBG_1.jpg | https://iwihwtpzrwyybumottcd.supabase.co/storage/v1/object/public/product-images/MSBRAPBG/MSBRAPBG_2.jpg
MSBRAPB19,PVH LEGWEAR CANADA,BRACELET,approx,https://iwihwtpzrwyybumottcd.supabase.co/storage/v1/object/public/product-images/MSBRAPB19/MSBRAPB19_1.jpg | https://iwihwtpzrwyybumottcd.supabase.co/storage/v1/object/public/product-images/MSBRAPB19/MSBRAPB19_2.jpg
MSBRAM,PVH LEGWEAR CANADA,BRACELET,approx,https://iwihwtpzrwyybumottcd.supabase.co/storage/v1/object/public/product-images/MSBRAM/MSBRAM_1.jpg | https://iwihwtpzrwyybumottcd.supabase.co/storage/v1/object/public/product-images/MSBRAM/MSBRAM_2.jpg
MSBRAJZR,PVH LEGWEAR CANADA,BRACELET,approx,https://iwihwtpzrwyybumottcd.supabase.co/storage/v1/object/public/product-images/MSBRAJZR/MSBRAJZR_1.jpg | https://iwihwtpzrwyybumottcd.supabase.co/storage/v1/object/public/product-images/MSBRAJZR/MSBRAJZR_2.jpg
MSBRAJPL,PVH LEGWEAR CANADA,BRACELET,approx,https://iwihwtpzrwyybumottcd.supabase.co/storage/v1/object/public/product-images/MSBRAJPL/MSBRAJPL_1.jpg | https://iwihwtpzrwyybumottcd.supabase.co/storage/v1/object/public/product-images/MSBRAJPL/MSBRAJPL_2.jpg
MSBRAJPG8M,PVH LEGWEAR CANADA,BRACELET,approx,https://iwihwtpzrwyybumottcd.supabase.co/storage/v1/object/public/product-images/MSBRAJPG8M/MSBRAJPG8M_1.jpg | https://iwihwtpzrwyybumottcd.supabase.co/storage/v1/object/public/product-images/MSBRAJPG8M/MSBRAJPG8M_2.jpg
MSBRAJP,PVH LEGWEAR CANADA,BRACELET,approx,https://iwihwtpzrwyybumottcd.supabase.co/storage/v1/object/public/product-images/MSBRAJP/MSBRAJP_1.jpg | https://iwihwtpzrwyybumottcd.supabase.co/storage/v1/object/public/product-images/MSBRAJP/MSBRAJP_2.jpg
MSBRAJART,PVH LEGWEAR CANADA,BRACELET,approx,https://iwihwtpzrwyybumottcd.supabase.co/storage/v1/object/public/product-images/MSBRAJART/MSBRAJART_1.jpg | https://iwihwtpzrwyybumottcd.supabase.co/storage/v1/object/public/product-images/MSBRAJART/MSBRAJART_2.jpg
MSBRAJ,PVH LEGWEAR CANADA,BRACELET,approx,https://iwihwtpzrwyybumottcd.supabase.co/storage/v1/object/public/product-images/MSBRAJ/MSBRAJ_1.jpg | https://iwihwtpzrwyybumottcd.supabase.co/storage/v1/object/public/product-images/MSBRAJ/MSBRAJ_2.jpg
MSBRAHT,PVH LEGWEAR CANADA,BRACELET,approx,https://iwihwtpzrwyybumottcd.supabase.co/storage/v1/object/public/product-images/MSBRAHT/MSBRAHT_1.jpg | https://iwihwtpzrwyybumottcd.supabase.co/storage/v1/object/public/product-images/MSBRAHT/MSBRAHT_2.jpg
MSBRAHOT,PVH LEGWEAR CANADA,BRACELET,approx,https://iwihwtpzrwyybumottcd.supabase.co/storage/v1/object/public/product-images/MSBRAHOT/MSBRAHOT_1.jpg | https://iwihwtpzrwyybumottcd.supabase.co/storage/v1/object/public/product-images/MSBRAHOT/MSBRAHOT_2.jpg
MSBRAHOB,PVH LEGWEAR CANADA,BRACELET,approx,https://iwihwtpzrwyybumottcd.supabase.co/storage/v1/object/public/product-images/MSBRAHOB/MSBRAHOB_1.jpg | https://iwihwtpzrwyybumottcd.supabase.co/storage/v1/object/public/product-images/MSBRAHOB/MSBRAHOB_2.jpg
MSBRAADB19,PVH LEGWEAR CANADA,BRACELET,approx,https://iwihwtpzrwyybumottcd.supabase.co/storage/v1/object/public/product-images/MSBRAADB19/MSBRAADB19_1.jpg | https://iwihwtpzrwyybumottcd.supabase.co/storage/v1/object/public/product-images/MSBRAADB19/MSBRAADB19_2.jpg
MSBRAACR,PVH LEGWEAR CANADA,BRACELET,approx,https://iwihwtpzrwyybumottcd.supabase.co/storage/v1/object/public/product-images/MSBRAACR/MSBRAACR_1.jpg | https://iwihwtpzrwyybumottcd.supabase.co/storage/v1/object/public/product-images/MSBRAACR/MSBRAACR_2.jpg
MSBRAACLZC,PVH LEGWEAR CANADA,BRACELET,approx,https://iwihwtpzrwyybumottcd.supabase.co/storage/v1/object/public/product-images/MSBRAACLZC/MSBRAACLZC_1.jpg | https://iwihwtpzrwyybumottcd.supabase.co/storage/v1/object/public/product-images/MSBRAACLZC/MSBRAACLZC_2.jpg
MSBRAAC,PVH LEGWEAR CANADA,BRACELET,approx,https://iwihwtpzrwyybumottcd.supabase.co/storage/v1/object/public/product-images/MSBRAAC/MSBRAAC_1.jpg | https://iwihwtpzrwyybumottcd.supabase.co/storage/v1/object/public/product-images/MSBRAAC/MSBRAAC_2.jpg
MSBRAABL,PVH LEGWEAR CANADA,BRACELET,approx,https://iwihwtpzrwyybumottcd.supabase.co/storage/v1/object/public/product-images/MSBRAABL/MSBRAABL_1.jpg | https://iwihwtpzrwyybumottcd.supabase.co/storage/v1/object/public/product-images/MSBRAABL/MSBRAABL_2.jpg
MOKAITE,PVH LEGWEAR CANADA,BRACELET,approx,https://iwihwtpzrwyybumottcd.supabase.co/storage/v1/object/public/product-images/MOKAITE/MOKAITE_1.jpg | https://iwihwtpzrwyybumottcd.supabase.co/storage/v1/object/public/product-images/MOKAITE/MOKAITE_2.jpg
MSBRABFP,PVH LEGWEAR CANADA,BRACELET,approx,https://iwihwtpzrwyybumottcd.supabase.co/storage/v1/object/public/product-images/MSBRABFP/MSBRABFP_1.jpg | https://iwihwtpzrwyybumottcd.supabase.co/storage/v1/object/public/product-images/MSBRABFP/MSBRABFP_2.jpg
MSBRAHG,PVH LEGWEAR CANADA,BRACELET,approx,https://iwihwtpzrwyybumottcd.supabase.co/storage/v1/object/public/product-images/MSBRAHG/MSBRAHG_1.jpg | https://iwihwtpzrwyybumottcd.supabase.co/storage/v1/object/public/product-images/MSBRAHG/MSBRAHG_2.jpg
MSBRADUMOT,PVH LEGWEAR CANADA,BRACELET,approx,https://iwihwtpzrwyybumottcd.supabase.co/storage/v1/object/public/product-images/MSBRADUMOT/MSBRADUMOT_1.jpg | https://iwihwtpzrwyybumottcd.supabase.co/storage/v1/object/public/product-images/MSBRADUMOT/MSBRADUMOT_2.jpg
MSBRADUMOB,PVH LEGWEAR CANADA,BRACELET,approx,https://iwihwtpzrwyybumottcd.supabase.co/storage/v1/object/public/product-images/MSBRADUMOB/MSBRADUMOB_1.jpg | https://iwihwtpzrwyybumottcd.supabase.co/storage/v1/object/public/product-images/MSBRADUMOB/MSBRADUMOB_2.jpg
MSBRADBSJ,PVH LEGWEAR CANADA,BRACELET,approx,https://iwihwtpzrwyybumottcd.supabase.co/storage/v1/object/public/product-images/MSBRADBSJ/MSBRADBSJ_1.jpg | https://iwihwtpzrwyybumottcd.supabase.co/storage/v1/object/public/product-images/MSBRADBSJ/MSBRADBSJ_2.jpg
LEOPARD,PVH LEGWEAR CANADA,BRACELET,approx,https://iwihwtpzrwyybumottcd.supabase.co/storage/v1/object/public/product-images/LEOPARD/LEOPARD_1.jpg | https://iwihwtpzrwyybumottcd.supabase.co/storage/v1/object/public/product-images/LEOPARD/LEOPARD_2.jpg
LAPISLAZULI,PVH LEGWEAR CANADA,BRACELET,approx,https://iwihwtpzrwyybumottcd.supabase.co/storage/v1/object/public/product-images/LAPISLAZULI/LAPISLAZULI_1.jpg | https://iwihwtpzrwyybumottcd.supabase.co/storage/v1/object/public/product-images/LAPISLAZULI/LAPISLAZULI_2.jpg
JASPEPAYSAGER,PVH LEGWEAR CANADA,BRACELET,approx,https://iwihwtpzrwyybumottcd.supabase.co/storage/v1/object/public/product-images/JASPEPAYSAGER/JASPEPAYSAGER_1.jpg | https://iwihwtpzrwyybumottcd.supabase.co/storage/v1/object/public/product-images/JASPEPAYSAGER/JASPEPAYSAGER_2.jpg
JASPEGRIS,PVH LEGWEAR CANADA,BRACELET,approx,https://iwihwtpzrwyybumottcd.supabase.co/storage/v1/object/public/product-images/JASPEGRIS/JASPEGRIS_1.jpg | https://iwihwtpzrwyybumottcd.supabase.co/storage/v1/object/public/product-images/JASPEGRIS/JASPEGRIS_2.jpg
JASPEARTISTIQUE,PVH LEGWEAR CANADA,BRACELET,approx,https://iwihwtpzrwyybumottcd.supabase.co/storage/v1/object/public/product-images/JASPEARTISTIQUE/JASPEARTISTIQUE_1.jpg | https://iwihwtpzrwyybumottcd.supabase.co/storage/v1/object/public/product-images/JASPEARTISTIQUE/JASPEARTISTIQUE_2.jpg
JASPE ROUGE,PVH LEGWEAR CANADA,BRACELET,approx,https://iwihwtpzrwyybumottcd.supabase.co/storage/v1/object/public/product-images/JASPE_ROUGE/JASPE_ROUGE_1.jpg | https://iwihwtpzrwyybumottcd.supabase.co/storage/v1/object/public/product-images/JASPE_ROUGE/JASPE_ROUGE_2.jpg
MSBRAHLA,PVH LEGWEAR CANADA,BRACELET,approx,https://iwihwtpzrwyybumottcd.supabase.co/storage/v1/object/public/product-images/MSBRAHLA/MSBRAHLA_1.jpg | https://iwihwtpzrwyybumottcd.supabase.co/storage/v1/object/public/product-images/MSBRAHLA/MSBRAHLA_2.jpg
MSBRAQTMS,PVH LEGWEAR CANADA,BRACELET,approx,https://iwihwtpzrwyybumottcd.supabase.co/storage/v1/object/public/product-images/MSBRAQTMS/MSBRAQTMS_1.jpg | https://iwihwtpzrwyybumottcd.supabase.co/storage/v1/object/public/product-images/MSBRAQTMS/MSBRAQTMS_2.jpg
MSBRASERP,PVH LEGWEAR CANADA,BRACELET,approx,https://iwihwtpzrwyybumottcd.supabase.co/storage/v1/object/public/product-images/MSBRASERP/MSBRASERP_1.jpg | https://iwihwtpzrwyybumottcd.supabase.co/storage/v1/object/public/product-images/MSBRASERP/MSBRASERP_2.jpg
HOWLITE2,PVH LEGWEAR CANADA,BRACELET,exact,https://iwihwtpzrwyybumottcd.supabase.co/storage/v1/object/public/product-images/HOWLITE2/HOWLITE2_1.jpg | https://iwihwtpzrwyybumottcd.supabase.co/storage/v1/object/public/product-images/HOWLITE2/HOWLITE2_2.jpg
HOWLITE1,PVH LEGWEAR CANADA,BRACELET,exact,https://iwihwtpzrwyybumottcd.supabase.co/storage/v1/object/public/product-images/HOWLITE1/HOWLITE1_1.jpg
HOWLITE,PVH LEGWEAR CANADA,BRACELET,approx,https://iwihwtpzrwyybumottcd.supabase.co/storage/v1/object/public/product-images/HOWLITE/HOWLITE_1.jpg | https://iwihwtpzrwyybumottcd.supabase.co/storage/v1/object/public/product-images/HOWLITE/HOWLITE_2.jpg
LABRADORITE,PVH LEGWEAR CANADA,BRACELET,approx,https://iwihwtpzrwyybumottcd.supabase.co/storage/v1/object/public/product-images/LABRADORITE/LABRADORITE_1.jpg | https://iwihwtpzrwyybumottcd.supabase.co/storage/v1/object/public/product-images/LABRADORITE/LABRADORITE_2.jpg
GRENAT2,PVH LEGWEAR CANADA,BRACELET,approx,https://iwihwtpzrwyybumottcd.supabase.co/storage/v1/object/public/product-images/GRENAT2/GRENAT2_1.jpg | https://iwihwtpzrwyybumottcd.supabase.co/storage/v1/object/public/product-images/GRENAT2/GRENAT2_2.jpg
GRENAT1,PVH LEGWEAR CANADA,BRACELET,approx,https://iwihwtpzrwyybumottcd.supabase.co/storage/v1/object/public/product-images/GRENAT1/GRENAT1_1.jpg | https://iwihwtpzrwyybumottcd.supabase.co/storage/v1/object/public/product-images/GRENAT1/GRENAT1_2.jpg
GRENAT,PVH LEGWEAR CANADA,BRACELET,approx,https://iwihwtpzrwyybumottcd.supabase.co/storage/v1/object/public/product-images/GRENAT/GRENAT_1.jpg | https://iwihwtpzrwyybumottcd.supabase.co/storage/v1/object/public/product-images/GRENAT/GRENAT_2.jpg
HÉMATITE,PVH LEGWEAR CANADA,BRACELET,approx,https://iwihwtpzrwyybumottcd.supabase.co/storage/v1/object/public/product-images/H_MATITE/H_MATITE_1.jpg | https://iwihwtpzrwyybumottcd.supabase.co/storage/v1/object/public/product-images/H_MATITE/H_MATITE_2.jpg
DUMORTIÉRITE,PVH LEGWEAR CANADA,BRACELET,approx,https://iwihwtpzrwyybumottcd.supabase.co/storage/v1/object/public/product-images/DUMORTI_RITE/DUMORTI_RITE_1.jpg | https://iwihwtpzrwyybumottcd.supabase.co/storage/v1/object/public/product-images/DUMORTI_RITE/DUMORTI_RITE_2.jpg
DRAGONBLOOD,PVH LEGWEAR CANADA,BRACELET,approx,https://iwihwtpzrwyybumottcd.supabase.co/storage/v1/object/public/product-images/DRAGONBLOOD/DRAGONBLOOD_1.jpg | https://iwihwtpzrwyybumottcd.supabase.co/storage/v1/object/public/product-images/DRAGONBLOOD/DRAGONBLOOD_2.jpg
MSBRAHHE,PVH LEGWEAR CANADA,BRACELET,approx,https://iwihwtpzrwyybumottcd.supabase.co/storage/v1/object/public/product-images/MSBRAHHE/MSBRAHHE_1.jpg | https://iwihwtpzrwyybumottcd.supabase.co/storage/v1/object/public/product-images/MSBRAHHE/MSBRAHHE_2.jpg
AGATE1,PVH LEGWEAR CANADA,BRACELET,approx,https://iwihwtpzrwyybumottcd.supabase.co/storage/v1/object/public/product-images/AGATE1/AGATE1_1.jpg | https://iwihwtpzrwyybumottcd.supabase.co/storage/v1/object/public/product-images/AGATE1/AGATE1_2.jpg
AGATEBOTSWANA,PVH LEGWEAR CANADA,BRACELET,approx,https://iwihwtpzrwyybumottcd.supabase.co/storage/v1/object/public/product-images/AGATEBOTSWANA/AGATEBOTSWANA_1.jpg | https://iwihwtpzrwyybumottcd.supabase.co/storage/v1/object/public/product-images/AGATEBOTSWANA/AGATEBOTSWANA_2.jpg
AMAZONITE1,PVH LEGWEAR CANADA,BRACELET,approx,https://iwihwtpzrwyybumottcd.supabase.co/storage/v1/object/public/product-images/AMAZONITE1/AMAZONITE1_1.jpg | https://iwihwtpzrwyybumottcd.supabase.co/storage/v1/object/public/product-images/AMAZONITE1/AMAZONITE1_2.jpg
AMAZONITE2,PVH LEGWEAR CANADA,BRACELET,approx,https://iwihwtpzrwyybumottcd.supabase.co/storage/v1/object/public/product-images/AMAZONITE2/AMAZONITE2_1.jpg | https://iwihwtpzrwyybumottcd.supabase.co/storage/v1/object/public/product-images/AMAZONITE2/AMAZONITE2_2.jpg
AMÉTHYSTE,PVH LEGWEAR CANADA,BRACELET,approx,https://iwihwtpzrwyybumottcd.supabase.co/storage/v1/object/public/product-images/AM_THYSTE/AM_THYSTE_1.jpg | https://iwihwtpzrwyybumottcd.supabase.co/storage/v1/object/public/product-images/AM_THYSTE/AM_THYSTE_2.jpg
APATITE,PVH LEGWEAR CANADA,BRACELET,approx,https://iwihwtpzrwyybumottcd.supabase.co/storage/v1/object/public/product-images/APATITE/APATITE_1.jpg | https://iwihwtpzrwyybumottcd.supabase.co/storage/v1/object/public/product-images/APATITE/APATITE_2.jpg
ARGENT,PVH LEGWEAR CANADA,BRACELET,exact,https://iwihwtpzrwyybumottcd.supabase.co/storage/v1/object/public/product-images/ARGENT/ARGENT_1.jpg | https://iwihwtpzrwyybumottcd.supabase.co/storage/v1/object/public/product-images/ARGENT/ARGENT_2.jpg | https://iwihwtpzrwyybumottcd.supabase.co/storage/v1/object/public/product-images/ARGENT/ARGENT_3.jpg
ARTBRA10,ARTSOIE/KOSHUAN INC. (MOD ATOUT),BRACELET,approx,https://iwihwtpzrwyybumottcd.supabase.co/storage/v1/object/public/product-images/ARTBRA10/ARTBRA10_1.jpg | https://iwihwtpzrwyybumottcd.supabase.co/storage/v1/object/public/product-images/ARTBRA10/ARTBRA10_2.jpg
ARTBRA14,ARTSOIE/KOSHUAN INC. (MOD ATOUT),BRACELET,approx,https://iwihwtpzrwyybumottcd.supabase.co/storage/v1/object/public/product-images/ARTBRA14/ARTBRA14_1.jpg | https://iwihwtpzrwyybumottcd.supabase.co/storage/v1/object/public/product-images/ARTBRA14/ARTBRA14_2.jpg
ARTBRA9,ARTSOIE/KOSHUAN INC. (MOD ATOUT),BRACELET,approx,https://iwihwtpzrwyybumottcd.supabase.co/storage/v1/object/public/product-images/ARTBRA9/ARTBRA9_1.jpg | https://iwihwtpzrwyybumottcd.supabase.co/storage/v1/object/public/product-images/ARTBRA9/ARTBRA9_2.jpg
MSBRACRIST,PVH LEGWEAR CANADA,BRACELET,approx,https://iwihwtpzrwyybumottcd.supabase.co/storage/v1/object/public/product-images/MSBRACRIST/MSBRACRIST_1.jpg | https://iwihwtpzrwyybumottcd.supabase.co/storage/v1/object/public/product-images/MSBRACRIST/MSBRACRIST_2.jpg
AVENTURINEBLEUE,PVH LEGWEAR CANADA,BRACELET,approx,https://iwihwtpzrwyybumottcd.supabase.co/storage/v1/object/public/product-images/AVENTURINEBLEUE/AVENTURINEBLEUE_1.jpg | https://iwihwtpzrwyybumottcd.supabase.co/storage/v1/object/public/product-images/AVENTURINEBLEUE/AVENTURINEBLEUE_2.jpg
CRISTALDEROCHE,PVH LEGWEAR CANADA,BRACELET,approx,https://iwihwtpzrwyybumottcd.supabase.co/storage/v1/object/public/product-images/CRISTALDEROCHE/CRISTALDEROCHE_1.jpg | https://iwihwtpzrwyybumottcd.supabase.co/storage/v1/object/public/product-images/CRISTALDEROCHE/CRISTALDEROCHE_2.jpg
CRISTAL,PVH LEGWEAR CANADA,BRACELET,approx,https://iwihwtpzrwyybumottcd.supabase.co/storage/v1/object/public/product-images/CRISTAL/CRISTAL_1.jpg | https://iwihwtpzrwyybumottcd.supabase.co/storage/v1/object/public/product-images/CRISTAL/CRISTAL_2.jpg
CRAZY,PVH LEGWEAR CANADA,BRACELET,approx,https://iwihwtpzrwyybumottcd.supabase.co/storage/v1/object/public/product-images/CRAZY/CRAZY_1.jpg | https://iwihwtpzrwyybumottcd.supabase.co/storage/v1/object/public/product-images/CRAZY/CRAZY_2.jpg
BOISFOSSIL,PVH LEGWEAR CANADA,BRACELET,approx,https://iwihwtpzrwyybumottcd.supabase.co/storage/v1/object/public/product-images/BOISFOSSIL/BOISFOSSIL_1.jpg | https://iwihwtpzrwyybumottcd.supabase.co/storage/v1/object/public/product-images/BOISFOSSIL/BOISFOSSIL_2.jpg
CORNALINE,PVH LEGWEAR CANADA,BRACELET,approx,https://iwihwtpzrwyybumottcd.supabase.co/storage/v1/object/public/product-images/CORNALINE/CORNALINE_1.jpg | https://iwihwtpzrwyybumottcd.supabase.co/storage/v1/object/public/product-images/CORNALINE/CORNALINE_2.jpg
CITRINE,PVH LEGWEAR CANADA,BRACELET,approx,https://iwihwtpzrwyybumottcd.supabase.co/storage/v1/object/public/product-images/CITRINE/CITRINE_1.jpg | https://iwihwtpzrwyybumottcd.supabase.co/storage/v1/object/public/product-images/CITRINE/CITRINE_2.jpg
CHEVILLES,PVH LEGWEAR CANADA,BRACELET,approx,https://iwihwtpzrwyybumottcd.supabase.co/storage/v1/object/public/product-images/CHEVILLES/CHEVILLES_1.jpg | https://iwihwtpzrwyybumottcd.supabase.co/storage/v1/object/public/product-images/CHEVILLES/CHEVILLES_2.jpg
CHEVJAPSEPIC,PVH LEGWEAR CANADA,BRACELET CHEVILLE,approx,https://iwihwtpzrwyybumottcd.supabase.co/storage/v1/object/public/product-images/CHEVJAPSEPIC/CHEVJAPSEPIC_1.jpg | https://iwihwtpzrwyybumottcd.supabase.co/storage/v1/object/public/product-images/CHEVJAPSEPIC/CHEVJAPSEPIC_2.jpg
CHEVJAPSEPAYSAG,PVH LEGWEAR CANADA,BRACELET CHEVILLE,approx,https://iwihwtpzrwyybumottcd.supabase.co/storage/v1/object/public/product-images/CHEVJAPSEPAYSAG/CHEVJAPSEPAYSAG_1.jpg | https://iwihwtpzrwyybumottcd.supabase.co/storage/v1/object/public/product-images/CHEVJAPSEPAYSAG/CHEVJAPSEPAYSAG_2.jpg
CHEVHOWLITE,PVH LEGWEAR CANADA,BRACELET CHEVILLE,approx,https://iwihwtpzrwyybumottcd.supabase.co/storage/v1/object/public/product-images/CHEVHOWLITE/CHEVHOWLITE_1.jpg | https://iwihwtpzrwyybumottcd.supabase.co/storage/v1/object/public/product-images/CHEVHOWLITE/CHEVHOWLITE_2.jpg
CHEVAMAZONITE,PVH LEGWEAR CANADA,BRACELET CHEVILLE,approx,https://iwihwtpzrwyybumottcd.supabase.co/storage/v1/object/public/product-images/CHEVAMAZONITE/CHEVAMAZONITE_1.jpg | https://iwihwtpzrwyybumottcd.supabase.co/storage/v1/object/public/product-images/CHEVAMAZONITE/CHEVAMAZONITE_2.jpg
CHEVHEMATITE,PVH LEGWEAR CANADA,BRACELET CHEVILLE,approx,https://iwihwtpzrwyybumottcd.supabase.co/storage/v1/object/public/product-images/CHEVHEMATITE/CHEVHEMATITE_1.jpg | https://iwihwtpzrwyybumottcd.supabase.co/storage/v1/object/public/product-images/CHEVHEMATITE/CHEVHEMATITE_2.jpg
6DNTT004,MEXX FEMME,BRETELLES SPAGHETTI,approx,https://iwihwtpzrwyybumottcd.supabase.co/storage/v1/object/public/product-images/6DNTT004/6DNTT004_1.jpg | https://iwihwtpzrwyybumottcd.supabase.co/storage/v1/object/public/product-images/6DNTT004/6DNTT004_2.jpg
10604095,CREAM DK Compagny Canada,BRETELLES SPAGHETTI,exact,https://iwihwtpzrwyybumottcd.supabase.co/storage/v1/object/public/product-images/10604095/10604095_1.jpg | https://iwihwtpzrwyybumottcd.supabase.co/storage/v1/object/public/product-images/10604095/10604095_2.jpg | https://iwihwtpzrwyybumottcd.supabase.co/storage/v1/object/public/product-images/10604095/10604095_3.jpg | https://iwihwtpzrwyybumottcd.supabase.co/storage/v1/object/public/product-images/10604095/10604095_4.jpg
C0191610779,SANDWICH,BRETELLES SPAGHETTI,approx,https://iwihwtpzrwyybumottcd.supabase.co/storage/v1/object/public/product-images/C0191610779/C0191610779_1.jpg | https://iwihwtpzrwyybumottcd.supabase.co/storage/v1/object/public/product-images/C0191610779/C0191610779_2.jpg
N1AST044,MEXX FEMME,BRETELLES SPAGHETTI,approx,https://iwihwtpzrwyybumottcd.supabase.co/storage/v1/object/public/product-images/N1AST044/N1AST044_1.jpg | https://iwihwtpzrwyybumottcd.supabase.co/storage/v1/object/public/product-images/N1AST044/N1AST044_2.jpg
6BKTT042,MEXX FEMME,BRETELLES SPAGHETTI,approx,https://iwihwtpzrwyybumottcd.supabase.co/storage/v1/object/public/product-images/6BKTT042/6BKTT042_1.jpg | https://iwihwtpzrwyybumottcd.supabase.co/storage/v1/object/public/product-images/6BKTT042/6BKTT042_2.jpg
F253T7170,ADELYN RAE,BRETELLES SPAGHETTI,approx,https://iwihwtpzrwyybumottcd.supabase.co/storage/v1/object/public/product-images/F253T7170/F253T7170_1.jpg | https://iwihwtpzrwyybumottcd.supabase.co/storage/v1/object/public/product-images/F253T7170/F253T7170_2.jpg
6GFTT001,MEXX FEMME,BRETELLES SPAGHETTI,approx,https://iwihwtpzrwyybumottcd.supabase.co/storage/v1/object/public/product-images/6GFTT001/6GFTT001_1.jpg | https://iwihwtpzrwyybumottcd.supabase.co/storage/v1/object/public/product-images/6GFTT001/6GFTT001_2.jpg
CRANNATOP,CREAM DK Compagny Canada,BRETELLES SPAGHETTI,exact,https://iwihwtpzrwyybumottcd.supabase.co/storage/v1/object/public/product-images/CRANNATOP/CRANNATOP_1.jpg
N1LST045,MEXX FEMME,BRETELLES SPAGHETTI,approx,https://iwihwtpzrwyybumottcd.supabase.co/storage/v1/object/public/product-images/N1LST045/N1LST045_1.jpg | https://iwihwtpzrwyybumottcd.supabase.co/storage/v1/object/public/product-images/N1LST045/N1LST045_2.jpg
16.7107X,M Italy (Importation Bolide),BRETELLES SPAGHETTI,approx,https://iwihwtpzrwyybumottcd.supabase.co/storage/v1/object/public/product-images/16.7107X/16.7107X_1.jpg | https://iwihwtpzrwyybumottcd.supabase.co/storage/v1/object/public/product-images/16.7107X/16.7107X_2.jpg
10612448,CREAM DK Compagny Canada,CACHE COEUR,exact,https://iwihwtpzrwyybumottcd.supabase.co/storage/v1/object/public/product-images/10612448/10612448_1.jpg | https://iwihwtpzrwyybumottcd.supabase.co/storage/v1/object/public/product-images/10612448/10612448_2.jpg
2163699800,LOIS ( FEMME),CAPRI DENIM,exact,https://iwihwtpzrwyybumottcd.supabase.co/storage/v1/object/public/product-images/2163699800/2163699800_1.jpg | https://iwihwtpzrwyybumottcd.supabase.co/storage/v1/object/public/product-images/2163699800/2163699800_2.jpg
10614335,CREAM DK Compagny Canada,CARDIGAN,exact,https://iwihwtpzrwyybumottcd.supabase.co/storage/v1/object/public/product-images/10614335/10614335_1.jpg | https://iwihwtpzrwyybumottcd.supabase.co/storage/v1/object/public/product-images/10614335/10614335_2.jpg | https://iwihwtpzrwyybumottcd.supabase.co/storage/v1/object/public/product-images/10614335/10614335_3.jpg | https://iwihwtpzrwyybumottcd.supabase.co/storage/v1/object/public/product-images/10614335/10614335_4.jpg
54C.10273,COMPAGNIA FANTASTICA,CARDIGAN,exact,https://iwihwtpzrwyybumottcd.supabase.co/storage/v1/object/public/product-images/54C.10273/54C.10273_1.jpg | https://iwihwtpzrwyybumottcd.supabase.co/storage/v1/object/public/product-images/54C.10273/54C.10273_2.jpg | https://iwihwtpzrwyybumottcd.supabase.co/storage/v1/object/public/product-images/54C.10273/54C.10273_3.jpg | https://iwihwtpzrwyybumottcd.supabase.co/storage/v1/object/public/product-images/54C.10273/54C.10273_4.jpg
H50051,Garcia,CARDIGAN,exact,https://iwihwtpzrwyybumottcd.supabase.co/storage/v1/object/public/product-images/H50051/H50051_1.jpg
17.4354H,ASTRID (IMPORTATION BOLIDE),CARDIGAN,approx,https://iwihwtpzrwyybumottcd.supabase.co/storage/v1/object/public/product-images/17.4354H/17.4354H_1.jpg | https://iwihwtpzrwyybumottcd.supabase.co/storage/v1/object/public/product-images/17.4354H/17.4354H_2.jpg
MERCEDE,VICARIO (Codav & Forest Import),CARDIGAN,approx,https://iwihwtpzrwyybumottcd.supabase.co/storage/v1/object/public/product-images/MERCEDE/MERCEDE_1.jpg | https://iwihwtpzrwyybumottcd.supabase.co/storage/v1/object/public/product-images/MERCEDE/MERCEDE_2.jpg | https://iwihwtpzrwyybumottcd.supabase.co/storage/v1/object/public/product-images/MERCEDE/MERCEDE_3.jpg
X192939,APRICOT COLLECTIONS,CARDIGAN,approx,https://iwihwtpzrwyybumottcd.supabase.co/storage/v1/object/public/product-images/X192939/X192939_1.jpg | https://iwihwtpzrwyybumottcd.supabase.co/storage/v1/object/public/product-images/X192939/X192939_2.jpg
17.901X,M Italy (Importation Bolide),CARDIGAN,approx,https://iwihwtpzrwyybumottcd.supabase.co/storage/v1/object/public/product-images/17.901X/17.901X_1.jpg | https://iwihwtpzrwyybumottcd.supabase.co/storage/v1/object/public/product-images/17.901X/17.901X_2.jpg | https://iwihwtpzrwyybumottcd.supabase.co/storage/v1/object/public/product-images/17.901X/17.901X_3.jpg
F2507500,ESQUALO (ALPHI),CARDIGAN,exact,https://iwihwtpzrwyybumottcd.supabase.co/storage/v1/object/public/product-images/F2507500/F2507500_1.jpg | https://iwihwtpzrwyybumottcd.supabase.co/storage/v1/object/public/product-images/F2507500/F2507500_2.jpg | https://iwihwtpzrwyybumottcd.supabase.co/storage/v1/object/public/product-images/F2507500/F2507500_3.jpg | https://iwihwtpzrwyybumottcd.supabase.co/storage/v1/object/public/product-images/F2507500/F2507500_4.jpg
10614211,CREAM DK Compagny Canada,CARDIGAN,exact,https://iwihwtpzrwyybumottcd.supabase.co/storage/v1/object/public/product-images/10614211/10614211_1.jpg | https://iwihwtpzrwyybumottcd.supabase.co/storage/v1/object/public/product-images/10614211/10614211_2.jpg | https://iwihwtpzrwyybumottcd.supabase.co/storage/v1/object/public/product-images/10614211/10614211_3.jpg
30514454,SAINT TROPEZ,CARDIGAN,exact,https://iwihwtpzrwyybumottcd.supabase.co/storage/v1/object/public/product-images/30514454/30514454_1.jpg | https://iwihwtpzrwyybumottcd.supabase.co/storage/v1/object/public/product-images/30514454/30514454_2.jpg | https://iwihwtpzrwyybumottcd.supabase.co/storage/v1/object/public/product-images/30514454/30514454_3.jpg | https://iwihwtpzrwyybumottcd.supabase.co/storage/v1/object/public/product-images/30514454/30514454_4.jpg
MASSIMA,VICARIO (Codav & Forest Import),CARDIGAN,approx,https://iwihwtpzrwyybumottcd.supabase.co/storage/v1/object/public/product-images/MASSIMA/MASSIMA_1.jpg | https://iwihwtpzrwyybumottcd.supabase.co/storage/v1/object/public/product-images/MASSIMA/MASSIMA_2.jpg | https://iwihwtpzrwyybumottcd.supabase.co/storage/v1/object/public/product-images/MASSIMA/MASSIMA_3.jpg
17.18610Y,M Italy (Importation Bolide),CARDIGAN,exact,https://iwihwtpzrwyybumottcd.supabase.co/storage/v1/object/public/product-images/17.18610Y/17.18610Y_1.jpg
30515292,SAINT TROPEZ,CARDIGAN,exact,https://iwihwtpzrwyybumottcd.supabase.co/storage/v1/object/public/product-images/30515292/30515292_1.jpg | https://iwihwtpzrwyybumottcd.supabase.co/storage/v1/object/public/product-images/30515292/30515292_2.jpg | https://iwihwtpzrwyybumottcd.supabase.co/storage/v1/object/public/product-images/30515292/30515292_3.jpg | https://iwihwtpzrwyybumottcd.supabase.co/storage/v1/object/public/product-images/30515292/30515292_4.jpg
10607836,CREAM DK Compagny Canada,CARDIGAN,exact,https://iwihwtpzrwyybumottcd.supabase.co/storage/v1/object/public/product-images/10607836/10607836_1.jpg | https://iwihwtpzrwyybumottcd.supabase.co/storage/v1/object/public/product-images/10607836/10607836_2.jpg | https://iwihwtpzrwyybumottcd.supabase.co/storage/v1/object/public/product-images/10607836/10607836_3.jpg | https://iwihwtpzrwyybumottcd.supabase.co/storage/v1/object/public/product-images/10607836/10607836_4.jpg
MILICA621,VICARIO (Codav & Forest Import),CARDIGAN,approx,https://iwihwtpzrwyybumottcd.supabase.co/storage/v1/object/public/product-images/MILICA621/MILICA621_1.jpg | https://iwihwtpzrwyybumottcd.supabase.co/storage/v1/object/public/product-images/MILICA621/MILICA621_2.jpg | https://iwihwtpzrwyybumottcd.supabase.co/storage/v1/object/public/product-images/MILICA621/MILICA621_3.jpg
10614299,CREAM DK Compagny Canada,CARDIGAN,exact,https://iwihwtpzrwyybumottcd.supabase.co/storage/v1/object/public/product-images/10614299/10614299_1.jpg
ALWEN,RAGWEAR,CARDIGAN,approx,https://iwihwtpzrwyybumottcd.supabase.co/storage/v1/object/public/product-images/ALWEN/ALWEN_1.jpg | https://iwihwtpzrwyybumottcd.supabase.co/storage/v1/object/public/product-images/ALWEN/ALWEN_2.jpg
30514429,SAINT TROPEZ,CARDIGAN,exact,https://iwihwtpzrwyybumottcd.supabase.co/storage/v1/object/public/product-images/30514429/30514429_1.jpg | https://iwihwtpzrwyybumottcd.supabase.co/storage/v1/object/public/product-images/30514429/30514429_2.jpg | https://iwihwtpzrwyybumottcd.supabase.co/storage/v1/object/public/product-images/30514429/30514429_3.jpg
53C.10308,COMPAGNIA FANTASTICA,CARDIGAN,exact,https://iwihwtpzrwyybumottcd.supabase.co/storage/v1/object/public/product-images/53C.10308/53C.10308_1.jpg | https://iwihwtpzrwyybumottcd.supabase.co/storage/v1/object/public/product-images/53C.10308/53C.10308_2.jpg | https://iwihwtpzrwyybumottcd.supabase.co/storage/v1/object/public/product-images/53C.10308/53C.10308_3.jpg | https://iwihwtpzrwyybumottcd.supabase.co/storage/v1/object/public/product-images/53C.10308/53C.10308_4.jpg
11.4961X,M Italy (Importation Bolide),CARGO,exact,https://iwihwtpzrwyybumottcd.supabase.co/storage/v1/object/public/product-images/11.4961X/11.4961X_1.jpg | https://iwihwtpzrwyybumottcd.supabase.co/storage/v1/object/public/product-images/11.4961X/11.4961X_2.jpg
B50111,Garcia,CARGO,exact,https://iwihwtpzrwyybumottcd.supabase.co/storage/v1/object/public/product-images/B50111/B50111_1.jpg
C4515101,TRAMONTANA Alphi,CARGO POLYESTER,approx,https://iwihwtpzrwyybumottcd.supabase.co/storage/v1/object/public/product-images/C4515101/C4515101_1.jpg | https://iwihwtpzrwyybumottcd.supabase.co/storage/v1/object/public/product-images/C4515101/C4515101_2.jpg
CHLOESILVER,EC07 DISTRIBUTION ceintures,CEINTURE CUIR,approx,https://iwihwtpzrwyybumottcd.supabase.co/storage/v1/object/public/product-images/CHLOESILVER/CHLOESILVER_1.jpg | https://iwihwtpzrwyybumottcd.supabase.co/storage/v1/object/public/product-images/CHLOESILVER/CHLOESILVER_2.jpg
LS5716,RAYATA acessories,CEINTURE CUIR,approx,https://iwihwtpzrwyybumottcd.supabase.co/storage/v1/object/public/product-images/LS5716/LS5716_1.jpg | https://iwihwtpzrwyybumottcd.supabase.co/storage/v1/object/public/product-images/LS5716/LS5716_2.jpg
LOLABLACK,EC07 DISTRIBUTION ceintures,CEINTURE CUIR,approx,https://iwihwtpzrwyybumottcd.supabase.co/storage/v1/object/public/product-images/LOLABLACK/LOLABLACK_1.jpg | https://iwihwtpzrwyybumottcd.supabase.co/storage/v1/object/public/product-images/LOLABLACK/LOLABLACK_2.jpg
CHARLIEBROWN,EC07 DISTRIBUTION ceintures,CEINTURE CUIR,approx,https://iwihwtpzrwyybumottcd.supabase.co/storage/v1/object/public/product-images/CHARLIEBROWN/CHARLIEBROWN_1.jpg | https://iwihwtpzrwyybumottcd.supabase.co/storage/v1/object/public/product-images/CHARLIEBROWN/CHARLIEBROWN_2.jpg
BENILDE920,VICARIO (Codav & Forest Import),CEINTURE CUIR,approx,https://iwihwtpzrwyybumottcd.supabase.co/storage/v1/object/public/product-images/BENILDE920/BENILDE920_1.jpg | https://iwihwtpzrwyybumottcd.supabase.co/storage/v1/object/public/product-images/BENILDE920/BENILDE920_2.jpg
JESSYBLACK,EC07 DISTRIBUTION ceintures,CEINTURE CUIR,approx,https://iwihwtpzrwyybumottcd.supabase.co/storage/v1/object/public/product-images/JESSYBLACK/JESSYBLACK_1.jpg | https://iwihwtpzrwyybumottcd.supabase.co/storage/v1/object/public/product-images/JESSYBLACK/JESSYBLACK_2.jpg
BOLLA,VICARIO (Codav & Forest Import),CEINTURE CUIR,approx,https://iwihwtpzrwyybumottcd.supabase.co/storage/v1/object/public/product-images/BOLLA/BOLLA_1.jpg | https://iwihwtpzrwyybumottcd.supabase.co/storage/v1/object/public/product-images/BOLLA/BOLLA_2.jpg
4050,FILATI (Les Importations),CEINTURE CUIR,approx,https://iwihwtpzrwyybumottcd.supabase.co/storage/v1/object/public/product-images/4050/4050_1.jpg | https://iwihwtpzrwyybumottcd.supabase.co/storage/v1/object/public/product-images/4050/4050_2.jpg
40187,FILATI (Les Importations),CEINTURE CUIR,approx,https://iwihwtpzrwyybumottcd.supabase.co/storage/v1/object/public/product-images/40187/40187_1.jpg | https://iwihwtpzrwyybumottcd.supabase.co/storage/v1/object/public/product-images/40187/40187_2.jpg
JADESILVER,EC07 DISTRIBUTION ceintures,CEINTURE CUIR,approx,https://iwihwtpzrwyybumottcd.supabase.co/storage/v1/object/public/product-images/JADESILVER/JADESILVER_1.jpg | https://iwihwtpzrwyybumottcd.supabase.co/storage/v1/object/public/product-images/JADESILVER/JADESILVER_2.jpg
3243H,MISS CAPRICE,CHAPEAU SOLEIL,approx,https://iwihwtpzrwyybumottcd.supabase.co/storage/v1/object/public/product-images/3243H/3243H_1.jpg | https://iwihwtpzrwyybumottcd.supabase.co/storage/v1/object/public/product-images/3243H/3243H_2.jpg | https://iwihwtpzrwyybumottcd.supabase.co/storage/v1/object/public/product-images/3243H/3243H_3.jpg
3210H,MISS CAPRICE,CHAPEAU SOLEIL,approx,https://iwihwtpzrwyybumottcd.supabase.co/storage/v1/object/public/product-images/3210H/3210H_1.jpg | https://iwihwtpzrwyybumottcd.supabase.co/storage/v1/object/public/product-images/3210H/3210H_2.jpg | https://iwihwtpzrwyybumottcd.supabase.co/storage/v1/object/public/product-images/3210H/3210H_3.jpg
24.529,VALENTINA (ED BATTH & CO),CHEMISIER,approx,https://iwihwtpzrwyybumottcd.supabase.co/storage/v1/object/public/product-images/24.529/24.529_1.jpg | https://iwihwtpzrwyybumottcd.supabase.co/storage/v1/object/public/product-images/24.529/24.529_2.jpg
24.502,VALENTINA (ED BATTH & CO),CHEMISIER,approx,https://iwihwtpzrwyybumottcd.supabase.co/storage/v1/object/public/product-images/24.502/24.502_1.jpg | https://iwihwtpzrwyybumottcd.supabase.co/storage/v1/object/public/product-images/24.502/24.502_2.jpg
10613901,CREAM DK Compagny Canada,CHEMISIER,exact,https://iwihwtpzrwyybumottcd.supabase.co/storage/v1/object/public/product-images/10613901/10613901_1.jpg | https://iwihwtpzrwyybumottcd.supabase.co/storage/v1/object/public/product-images/10613901/10613901_2.jpg | https://iwihwtpzrwyybumottcd.supabase.co/storage/v1/object/public/product-images/10613901/10613901_3.jpg
10615217,CREAM DK Compagny Canada,CHEMISIER,exact,https://iwihwtpzrwyybumottcd.supabase.co/storage/v1/object/public/product-images/10615217/10615217_1.jpg
7232E,Lez A Lez (DDL 9190-8608 Québec Inc.),CHEMISIER,exact,https://iwihwtpzrwyybumottcd.supabase.co/storage/v1/object/public/product-images/7232E/7232E_1.jpg
2265,LOIS ( FEMME),CHEMISIER,approx,https://iwihwtpzrwyybumottcd.supabase.co/storage/v1/object/public/product-images/2265/2265_1.jpg | https://iwihwtpzrwyybumottcd.supabase.co/storage/v1/object/public/product-images/2265/2265_2.jpg | https://iwihwtpzrwyybumottcd.supabase.co/storage/v1/object/public/product-images/2265/2265_3.jpg
30512627,SAINT TROPEZ,CHEMISIER,exact,https://iwihwtpzrwyybumottcd.supabase.co/storage/v1/object/public/product-images/30512627/30512627_1.jpg | https://iwihwtpzrwyybumottcd.supabase.co/storage/v1/object/public/product-images/30512627/30512627_2.jpg | https://iwihwtpzrwyybumottcd.supabase.co/storage/v1/object/public/product-images/30512627/30512627_3.jpg
10614629,CREAM DK Compagny Canada,CHEMISIER,exact,https://iwihwtpzrwyybumottcd.supabase.co/storage/v1/object/public/product-images/10614629/10614629_1.jpg | https://iwihwtpzrwyybumottcd.supabase.co/storage/v1/object/public/product-images/10614629/10614629_2.jpg | https://iwihwtpzrwyybumottcd.supabase.co/storage/v1/object/public/product-images/10614629/10614629_3.jpg | https://iwihwtpzrwyybumottcd.supabase.co/storage/v1/object/public/product-images/10614629/10614629_4.jpg
10614214,CREAM DK Compagny Canada,CHEMISIER,exact,https://iwihwtpzrwyybumottcd.supabase.co/storage/v1/object/public/product-images/10614214/10614214_1.jpg | https://iwihwtpzrwyybumottcd.supabase.co/storage/v1/object/public/product-images/10614214/10614214_2.jpg | https://iwihwtpzrwyybumottcd.supabase.co/storage/v1/object/public/product-images/10614214/10614214_3.jpg
I50233,Garcia,CHEMISIER,exact,https://iwihwtpzrwyybumottcd.supabase.co/storage/v1/object/public/product-images/I50233/I50233_1.jpg | https://iwihwtpzrwyybumottcd.supabase.co/storage/v1/object/public/product-images/I50233/I50233_2.jpg | https://iwihwtpzrwyybumottcd.supabase.co/storage/v1/object/public/product-images/I50233/I50233_3.jpg
26WWCW15,DESIGUAL FEMME,CHEMISIER,approx,https://iwihwtpzrwyybumottcd.supabase.co/storage/v1/object/public/product-images/26WWCW15/26WWCW15_1.jpg | https://iwihwtpzrwyybumottcd.supabase.co/storage/v1/object/public/product-images/26WWCW15/26WWCW15_2.jpg
2091699300,LOIS ( FEMME),CHEMISIER,exact,https://iwihwtpzrwyybumottcd.supabase.co/storage/v1/object/public/product-images/2091699300/2091699300_1.jpg | https://iwihwtpzrwyybumottcd.supabase.co/storage/v1/object/public/product-images/2091699300/2091699300_2.jpg | https://iwihwtpzrwyybumottcd.supabase.co/storage/v1/object/public/product-images/2091699300/2091699300_3.jpg | https://iwihwtpzrwyybumottcd.supabase.co/storage/v1/object/public/product-images/2091699300/2091699300_4.jpg
54C.12113,COMPAGNIA FANTASTICA,CHEMISIER,exact,https://iwihwtpzrwyybumottcd.supabase.co/storage/v1/object/public/product-images/54C.12113/54C.12113_1.jpg
F2514503,ESQUALO (ALPHI),CHEMISIER,exact,https://iwihwtpzrwyybumottcd.supabase.co/storage/v1/object/public/product-images/F2514503/F2514503_1.jpg
53C.11064,COMPAGNIA FANTASTICA,CHEMISIER,exact,https://iwihwtpzrwyybumottcd.supabase.co/storage/v1/object/public/product-images/53C.11064/53C.11064_1.jpg | https://iwihwtpzrwyybumottcd.supabase.co/storage/v1/object/public/product-images/53C.11064/53C.11064_2.jpg | https://iwihwtpzrwyybumottcd.supabase.co/storage/v1/object/public/product-images/53C.11064/53C.11064_3.jpg | https://iwihwtpzrwyybumottcd.supabase.co/storage/v1/object/public/product-images/53C.11064/53C.11064_4.jpg
C0320801,TRAMONTANA Alphi,CHEMISIER,approx,https://iwihwtpzrwyybumottcd.supabase.co/storage/v1/object/public/product-images/C0320801/C0320801_1.jpg | https://iwihwtpzrwyybumottcd.supabase.co/storage/v1/object/public/product-images/C0320801/C0320801_2.jpg
10614892,CREAM DK Compagny Canada,CHEMISIER,exact,https://iwihwtpzrwyybumottcd.supabase.co/storage/v1/object/public/product-images/10614892/10614892_1.jpg | https://iwihwtpzrwyybumottcd.supabase.co/storage/v1/object/public/product-images/10614892/10614892_2.jpg | https://iwihwtpzrwyybumottcd.supabase.co/storage/v1/object/public/product-images/10614892/10614892_3.jpg
26WVD03,DESIGUAL FEMME,CHEMISIER,approx,https://iwihwtpzrwyybumottcd.supabase.co/storage/v1/object/public/product-images/26WVD03/26WVD03_1.jpg | https://iwihwtpzrwyybumottcd.supabase.co/storage/v1/object/public/product-images/26WVD03/26WVD03_2.jpg
O0417301,TRAMONTANA Alphi,CHEMISIER,approx,https://iwihwtpzrwyybumottcd.supabase.co/storage/v1/object/public/product-images/O0417301/O0417301_1.jpg | https://iwihwtpzrwyybumottcd.supabase.co/storage/v1/object/public/product-images/O0417301/O0417301_2.jpg
10615166,CREAM DK Compagny Canada,CHEMISIER,approx,https://iwihwtpzrwyybumottcd.supabase.co/storage/v1/object/public/product-images/10615166/10615166_1.jpg | https://iwihwtpzrwyybumottcd.supabase.co/storage/v1/object/public/product-images/10615166/10615166_2.jpg | https://iwihwtpzrwyybumottcd.supabase.co/storage/v1/object/public/product-images/10615166/10615166_3.jpg
26WWCW10,DESIGUAL FEMME,CHEMISIER,exact,https://iwihwtpzrwyybumottcd.supabase.co/storage/v1/object/public/product-images/26WWCW10/26WWCW10_1.jpg | https://iwihwtpzrwyybumottcd.supabase.co/storage/v1/object/public/product-images/26WWCW10/26WWCW10_2.jpg | https://iwihwtpzrwyybumottcd.supabase.co/storage/v1/object/public/product-images/26WWCW10/26WWCW10_3.jpg
30514360,SAINT TROPEZ,CHEMISIER,exact,https://iwihwtpzrwyybumottcd.supabase.co/storage/v1/object/public/product-images/30514360/30514360_1.jpg | https://iwihwtpzrwyybumottcd.supabase.co/storage/v1/object/public/product-images/30514360/30514360_2.jpg | https://iwihwtpzrwyybumottcd.supabase.co/storage/v1/object/public/product-images/30514360/30514360_3.jpg
1973254DP,Dex Bros Clothing Co Ltd,CHEMISIER,approx,https://iwihwtpzrwyybumottcd.supabase.co/storage/v1/object/public/product-images/1973254DP/1973254DP_1.jpg | https://iwihwtpzrwyybumottcd.supabase.co/storage/v1/object/public/product-images/1973254DP/1973254DP_2.jpg
10614773,CREAM DK Compagny Canada,CHEMISIER,exact,https://iwihwtpzrwyybumottcd.supabase.co/storage/v1/object/public/product-images/10614773/10614773_1.jpg
I50234,Garcia,CHEMISIER,exact,https://iwihwtpzrwyybumottcd.supabase.co/storage/v1/object/public/product-images/I50234/I50234_1.jpg | https://iwihwtpzrwyybumottcd.supabase.co/storage/v1/object/public/product-images/I50234/I50234_2.jpg | https://iwihwtpzrwyybumottcd.supabase.co/storage/v1/object/public/product-images/I50234/I50234_3.jpg
2261,LOIS ( FEMME),CHEMISIER,exact,https://iwihwtpzrwyybumottcd.supabase.co/storage/v1/object/public/product-images/2261/2261_1.jpg | https://iwihwtpzrwyybumottcd.supabase.co/storage/v1/object/public/product-images/2261/2261_2.jpg | https://iwihwtpzrwyybumottcd.supabase.co/storage/v1/object/public/product-images/2261/2261_3.jpg | https://iwihwtpzrwyybumottcd.supabase.co/storage/v1/object/public/product-images/2261/2261_4.jpg
10611978,CREAM DK Compagny Canada,CHEMISIER,exact,https://iwihwtpzrwyybumottcd.supabase.co/storage/v1/object/public/product-images/10611978/10611978_1.jpg | https://iwihwtpzrwyybumottcd.supabase.co/storage/v1/object/public/product-images/10611978/10611978_2.jpg | https://iwihwtpzrwyybumottcd.supabase.co/storage/v1/object/public/product-images/10611978/10611978_3.jpg | https://iwihwtpzrwyybumottcd.supabase.co/storage/v1/object/public/product-images/10611978/10611978_4.jpg
10614189,CREAM DK Compagny Canada,CHEMISIER,exact,https://iwihwtpzrwyybumottcd.supabase.co/storage/v1/object/public/product-images/10614189/10614189_1.jpg
C2417401,TRAMONTANA Alphi,CHEMISIER,exact,https://iwihwtpzrwyybumottcd.supabase.co/storage/v1/object/public/product-images/C2417401/C2417401_1.jpg | https://iwihwtpzrwyybumottcd.supabase.co/storage/v1/object/public/product-images/C2417401/C2417401_2.jpg | https://iwihwtpzrwyybumottcd.supabase.co/storage/v1/object/public/product-images/C2417401/C2417401_3.jpg
7535E,Lez A Lez (DDL 9190-8608 Québec Inc.),CHEMISIER,approx,https://iwihwtpzrwyybumottcd.supabase.co/storage/v1/object/public/product-images/7535E/7535E_1.jpg | https://iwihwtpzrwyybumottcd.supabase.co/storage/v1/object/public/product-images/7535E/7535E_2.jpg | https://iwihwtpzrwyybumottcd.supabase.co/storage/v1/object/public/product-images/7535E/7535E_3.jpg
24.901,VALENTINA (ED BATTH & CO),CHEMISIER,approx,https://iwihwtpzrwyybumottcd.supabase.co/storage/v1/object/public/product-images/24.901/24.901_1.jpg | https://iwihwtpzrwyybumottcd.supabase.co/storage/v1/object/public/product-images/24.901/24.901_2.jpg
24.807,VALENTINA (ED BATTH & CO),CHEMISIER,approx,https://iwihwtpzrwyybumottcd.supabase.co/storage/v1/object/public/product-images/24.807/24.807_1.jpg | https://iwihwtpzrwyybumottcd.supabase.co/storage/v1/object/public/product-images/24.807/24.807_2.jpg
2091795800,LOIS ( FEMME),CHEMISIER,exact,https://iwihwtpzrwyybumottcd.supabase.co/storage/v1/object/public/product-images/2091795800/2091795800_1.jpg | https://iwihwtpzrwyybumottcd.supabase.co/storage/v1/object/public/product-images/2091795800/2091795800_2.jpg | https://iwihwtpzrwyybumottcd.supabase.co/storage/v1/object/public/product-images/2091795800/2091795800_3.jpg | https://iwihwtpzrwyybumottcd.supabase.co/storage/v1/object/public/product-images/2091795800/2091795800_4.jpg
24.603,VALENTINA (ED BATTH & CO),CHEMISIER,approx,https://iwihwtpzrwyybumottcd.supabase.co/storage/v1/object/public/product-images/24.603/24.603_1.jpg | https://iwihwtpzrwyybumottcd.supabase.co/storage/v1/object/public/product-images/24.603/24.603_2.jpg
24.538,VALENTINA (ED BATTH & CO),CHEMISIER,approx,https://iwihwtpzrwyybumottcd.supabase.co/storage/v1/object/public/product-images/24.538/24.538_1.jpg | https://iwihwtpzrwyybumottcd.supabase.co/storage/v1/object/public/product-images/24.538/24.538_2.jpg
24.527,VALENTINA (ED BATTH & CO),CHEMISIER,approx,https://iwihwtpzrwyybumottcd.supabase.co/storage/v1/object/public/product-images/24.527/24.527_1.jpg | https://iwihwtpzrwyybumottcd.supabase.co/storage/v1/object/public/product-images/24.527/24.527_2.jpg
7405E,Lez A Lez (DDL 9190-8608 Québec Inc.),CHEMISIER,exact,https://iwihwtpzrwyybumottcd.supabase.co/storage/v1/object/public/product-images/7405E/7405E_1.jpg | https://iwihwtpzrwyybumottcd.supabase.co/storage/v1/object/public/product-images/7405E/7405E_2.jpg
F2515514,ESQUALO (ALPHI),CHEMISIER,exact,https://iwihwtpzrwyybumottcd.supabase.co/storage/v1/object/public/product-images/F2515514/F2515514_1.jpg
10614901,CREAM DK Compagny Canada,CHEMISIER,exact,https://iwihwtpzrwyybumottcd.supabase.co/storage/v1/object/public/product-images/10614901/10614901_1.jpg | https://iwihwtpzrwyybumottcd.supabase.co/storage/v1/object/public/product-images/10614901/10614901_2.jpg | https://iwihwtpzrwyybumottcd.supabase.co/storage/v1/object/public/product-images/10614901/10614901_3.jpg | https://iwihwtpzrwyybumottcd.supabase.co/storage/v1/object/public/product-images/10614901/10614901_4.jpg
26SWCW28,DESIGUAL FEMME,CHEMISIER,exact,https://iwihwtpzrwyybumottcd.supabase.co/storage/v1/object/public/product-images/26SWCW28/26SWCW28_1.jpg | https://iwihwtpzrwyybumottcd.supabase.co/storage/v1/object/public/product-images/26SWCW28/26SWCW28_2.jpg | https://iwihwtpzrwyybumottcd.supabase.co/storage/v1/object/public/product-images/26SWCW28/26SWCW28_3.jpg
10615162,CREAM DK Compagny Canada,CHEMISIER,exact,https://iwihwtpzrwyybumottcd.supabase.co/storage/v1/object/public/product-images/10615162/10615162_1.jpg
61C.11046,COMPAGNIA FANTASTICA,CHEMISIER,exact,https://iwihwtpzrwyybumottcd.supabase.co/storage/v1/object/public/product-images/61C.11046/61C.11046_1.jpg | https://iwihwtpzrwyybumottcd.supabase.co/storage/v1/object/public/product-images/61C.11046/61C.11046_2.jpg | https://iwihwtpzrwyybumottcd.supabase.co/storage/v1/object/public/product-images/61C.11046/61C.11046_3.jpg | https://iwihwtpzrwyybumottcd.supabase.co/storage/v1/object/public/product-images/61C.11046/61C.11046_4.jpg
33.8008X,M Italy (Importation Bolide),COL ROND,exact,https://iwihwtpzrwyybumottcd.supabase.co/storage/v1/object/public/product-images/33.8008X/33.8008X_1.jpg
331395W,M Italy (Importation Bolide),COL ROND,approx,https://iwihwtpzrwyybumottcd.supabase.co/storage/v1/object/public/product-images/331395W/331395W_1.jpg | https://iwihwtpzrwyybumottcd.supabase.co/storage/v1/object/public/product-images/331395W/331395W_2.jpg
33.1395X,M Italy (Importation Bolide),COL ROND,exact,https://iwihwtpzrwyybumottcd.supabase.co/storage/v1/object/public/product-images/33.1395X/33.1395X_1.jpg
F2531503,ESQUALO (ALPHI),COL ROND,exact,https://iwihwtpzrwyybumottcd.supabase.co/storage/v1/object/public/product-images/F2531503/F2531503_1.jpg | https://iwihwtpzrwyybumottcd.supabase.co/storage/v1/object/public/product-images/F2531503/F2531503_2.jpg | https://iwihwtpzrwyybumottcd.supabase.co/storage/v1/object/public/product-images/F2531503/F2531503_3.jpg
19081,GILDAN (Silk),COLLANT,approx,https://iwihwtpzrwyybumottcd.supabase.co/storage/v1/object/public/product-images/19081/19081_1.jpg | https://iwihwtpzrwyybumottcd.supabase.co/storage/v1/object/public/product-images/19081/19081_2.jpg
MCK565,Calvin Klein,COLLANT,approx,https://iwihwtpzrwyybumottcd.supabase.co/storage/v1/object/public/product-images/MCK565/MCK565_1.jpg | https://iwihwtpzrwyybumottcd.supabase.co/storage/v1/object/public/product-images/MCK565/MCK565_2.jpg
MCR569,Calvin Klein,COLLANT,approx,https://iwihwtpzrwyybumottcd.supabase.co/storage/v1/object/public/product-images/MCR569/MCR569_1.jpg | https://iwihwtpzrwyybumottcd.supabase.co/storage/v1/object/public/product-images/MCR569/MCR569_2.jpg
COL3,VAS £ CO (BAS COLLANT),COLLANT,approx,https://iwihwtpzrwyybumottcd.supabase.co/storage/v1/object/public/product-images/COL3/COL3_1.jpg | https://iwihwtpzrwyybumottcd.supabase.co/storage/v1/object/public/product-images/COL3/COL3_2.jpg
COL6,VAS £ CO (BAS COLLANT),COLLANT MOTIF,approx,https://iwihwtpzrwyybumottcd.supabase.co/storage/v1/object/public/product-images/COL6/COL6_1.jpg | https://iwihwtpzrwyybumottcd.supabase.co/storage/v1/object/public/product-images/COL6/COL6_2.jpg
MSCOLPO,PVH LEGWEAR CANADA,COLLIER,approx,https://iwihwtpzrwyybumottcd.supabase.co/storage/v1/object/public/product-images/MSCOLPO/MSCOLPO_1.jpg | https://iwihwtpzrwyybumottcd.supabase.co/storage/v1/object/public/product-images/MSCOLPO/MSCOLPO_2.jpg
COLLIER3,PVH LEGWEAR CANADA,COLLIER,approx,https://iwihwtpzrwyybumottcd.supabase.co/storage/v1/object/public/product-images/COLLIER3/COLLIER3_1.jpg | https://iwihwtpzrwyybumottcd.supabase.co/storage/v1/object/public/product-images/COLLIER3/COLLIER3_2.jpg
MSCOLPC,PVH LEGWEAR CANADA,COLLIER,approx,https://iwihwtpzrwyybumottcd.supabase.co/storage/v1/object/public/product-images/MSCOLPC/MSCOLPC_1.jpg | https://iwihwtpzrwyybumottcd.supabase.co/storage/v1/object/public/product-images/MSCOLPC/MSCOLPC_2.jpg
MSCOLPR,PVH LEGWEAR CANADA,COLLIER,approx,https://iwihwtpzrwyybumottcd.supabase.co/storage/v1/object/public/product-images/MSCOLPR/MSCOLPR_1.jpg | https://iwihwtpzrwyybumottcd.supabase.co/storage/v1/object/public/product-images/MSCOLPR/MSCOLPR_2.jpg
MSCOLMS,PVH LEGWEAR CANADA,COLLIER,approx,https://iwihwtpzrwyybumottcd.supabase.co/storage/v1/object/public/product-images/MSCOLMS/MSCOLMS_1.jpg | https://iwihwtpzrwyybumottcd.supabase.co/storage/v1/object/public/product-images/MSCOLMS/MSCOLMS_2.jpg
MSCOLO,PVH LEGWEAR CANADA,COLLIER,approx,https://iwihwtpzrwyybumottcd.supabase.co/storage/v1/object/public/product-images/MSCOLO/MSCOLO_1.jpg | https://iwihwtpzrwyybumottcd.supabase.co/storage/v1/object/public/product-images/MSCOLO/MSCOLO_2.jpg
AXELLE14,DIFFUSION DREUXX INC. (AXELLE),COLLIER,approx,https://iwihwtpzrwyybumottcd.supabase.co/storage/v1/object/public/product-images/AXELLE14/AXELLE14_1.jpg | https://iwihwtpzrwyybumottcd.supabase.co/storage/v1/object/public/product-images/AXELLE14/AXELLE14_2.jpg
MSCOLPQR,PVH LEGWEAR CANADA,COLLIER,approx,https://iwihwtpzrwyybumottcd.supabase.co/storage/v1/object/public/product-images/MSCOLPQR/MSCOLPQR_1.jpg | https://iwihwtpzrwyybumottcd.supabase.co/storage/v1/object/public/product-images/MSCOLPQR/MSCOLPQR_2.jpg
MSCOLPDR18,PVH LEGWEAR CANADA,COLLIER,approx,https://iwihwtpzrwyybumottcd.supabase.co/storage/v1/object/public/product-images/MSCOLPDR18/MSCOLPDR18_1.jpg | https://iwihwtpzrwyybumottcd.supabase.co/storage/v1/object/public/product-images/MSCOLPDR18/MSCOLPDR18_2.jpg
MSCOPDR18,PVH LEGWEAR CANADA,COLLIER,approx,https://iwihwtpzrwyybumottcd.supabase.co/storage/v1/object/public/product-images/MSCOPDR18/MSCOPDR18_1.jpg | https://iwihwtpzrwyybumottcd.supabase.co/storage/v1/object/public/product-images/MSCOPDR18/MSCOPDR18_2.jpg
MSCOPDB18,PVH LEGWEAR CANADA,COLLIER,approx,https://iwihwtpzrwyybumottcd.supabase.co/storage/v1/object/public/product-images/MSCOPDB18/MSCOPDB18_1.jpg | https://iwihwtpzrwyybumottcd.supabase.co/storage/v1/object/public/product-images/MSCOPDB18/MSCOPDB18_2.jpg
MSCOLPRM,PVH LEGWEAR CANADA,COLLIER,approx,https://iwihwtpzrwyybumottcd.supabase.co/storage/v1/object/public/product-images/MSCOLPRM/MSCOLPRM_1.jpg | https://iwihwtpzrwyybumottcd.supabase.co/storage/v1/object/public/product-images/MSCOLPRM/MSCOLPRM_2.jpg
COLLIER2,PVH LEGWEAR CANADA,COLLIER,approx,https://iwihwtpzrwyybumottcd.supabase.co/storage/v1/object/public/product-images/COLLIER2/COLLIER2_1.jpg | https://iwihwtpzrwyybumottcd.supabase.co/storage/v1/object/public/product-images/COLLIER2/COLLIER2_2.jpg
COLLIERPERLES,PVH LEGWEAR CANADA,COLLIER,approx,https://iwihwtpzrwyybumottcd.supabase.co/storage/v1/object/public/product-images/COLLIERPERLES/COLLIERPERLES_1.jpg | https://iwihwtpzrwyybumottcd.supabase.co/storage/v1/object/public/product-images/COLLIERPERLES/COLLIERPERLES_2.jpg
AXELLE20,DIFFUSION DREUXX INC. (AXELLE),COLLIER,approx,https://iwihwtpzrwyybumottcd.supabase.co/storage/v1/object/public/product-images/AXELLE20/AXELLE20_1.jpg | https://iwihwtpzrwyybumottcd.supabase.co/storage/v1/object/public/product-images/AXELLE20/AXELLE20_2.jpg
COLLIER1,PVH LEGWEAR CANADA,COLLIER,exact,https://iwihwtpzrwyybumottcd.supabase.co/storage/v1/object/public/product-images/COLLIER1/COLLIER1_1.jpg | https://iwihwtpzrwyybumottcd.supabase.co/storage/v1/object/public/product-images/COLLIER1/COLLIER1_2.jpg | https://iwihwtpzrwyybumottcd.supabase.co/storage/v1/object/public/product-images/COLLIER1/COLLIER1_3.jpg
MSCOLPPR,PVH LEGWEAR CANADA,COLLIER,approx,https://iwihwtpzrwyybumottcd.supabase.co/storage/v1/object/public/product-images/MSCOLPPR/MSCOLPPR_1.jpg | https://iwihwtpzrwyybumottcd.supabase.co/storage/v1/object/public/product-images/MSCOLPPR/MSCOLPPR_2.jpg
MSCOLPPBL,PVH LEGWEAR CANADA,COLLIER,approx,https://iwihwtpzrwyybumottcd.supabase.co/storage/v1/object/public/product-images/MSCOLPPBL/MSCOLPPBL_1.jpg | https://iwihwtpzrwyybumottcd.supabase.co/storage/v1/object/public/product-images/MSCOLPPBL/MSCOLPPBL_2.jpg
3084,STEPHANIE DUBEAU(BIJOUX),COLLIER,approx,https://iwihwtpzrwyybumottcd.supabase.co/storage/v1/object/public/product-images/3084/3084_1.jpg | https://iwihwtpzrwyybumottcd.supabase.co/storage/v1/object/public/product-images/3084/3084_2.jpg
COLLIER4,PVH LEGWEAR CANADA,COLLIER,approx,https://iwihwtpzrwyybumottcd.supabase.co/storage/v1/object/public/product-images/COLLIER4/COLLIER4_1.jpg | https://iwihwtpzrwyybumottcd.supabase.co/storage/v1/object/public/product-images/COLLIER4/COLLIER4_2.jpg
MSCOLPDB,PVH LEGWEAR CANADA,COLLIER,approx,https://iwihwtpzrwyybumottcd.supabase.co/storage/v1/object/public/product-images/MSCOLPDB/MSCOLPDB_1.jpg | https://iwihwtpzrwyybumottcd.supabase.co/storage/v1/object/public/product-images/MSCOLPDB/MSCOLPDB_2.jpg
PENDENTIF MS,PVH LEGWEAR CANADA,COLLIER,approx,https://iwihwtpzrwyybumottcd.supabase.co/storage/v1/object/public/product-images/PENDENTIF_MS/PENDENTIF_MS_1.jpg | https://iwihwtpzrwyybumottcd.supabase.co/storage/v1/object/public/product-images/PENDENTIF_MS/PENDENTIF_MS_2.jpg
MSCOLPRB,PVH LEGWEAR CANADA,COLLIER,approx,https://iwihwtpzrwyybumottcd.supabase.co/storage/v1/object/public/product-images/MSCOLPRB/MSCOLPRB_1.jpg | https://iwihwtpzrwyybumottcd.supabase.co/storage/v1/object/public/product-images/MSCOLPRB/MSCOLPRB_2.jpg
COLLIER5,PVH LEGWEAR CANADA,COLLIER,approx,https://iwihwtpzrwyybumottcd.supabase.co/storage/v1/object/public/product-images/COLLIER5/COLLIER5_1.jpg | https://iwihwtpzrwyybumottcd.supabase.co/storage/v1/object/public/product-images/COLLIER5/COLLIER5_2.jpg
MSCOLPPB,PVH LEGWEAR CANADA,COLLIER,approx,https://iwihwtpzrwyybumottcd.supabase.co/storage/v1/object/public/product-images/MSCOLPPB/MSCOLPPB_1.jpg | https://iwihwtpzrwyybumottcd.supabase.co/storage/v1/object/public/product-images/MSCOLPPB/MSCOLPPB_2.jpg
MSCOLH,PVH LEGWEAR CANADA,COLLIER,approx,https://iwihwtpzrwyybumottcd.supabase.co/storage/v1/object/public/product-images/MSCOLH/MSCOLH_1.jpg | https://iwihwtpzrwyybumottcd.supabase.co/storage/v1/object/public/product-images/MSCOLH/MSCOLH_2.jpg
10277,Les Nanas (Tricotto),COLLIER,approx,https://iwihwtpzrwyybumottcd.supabase.co/storage/v1/object/public/product-images/10277/10277_1.jpg | https://iwihwtpzrwyybumottcd.supabase.co/storage/v1/object/public/product-images/10277/10277_2.jpg
5860795800,LOIS ( FEMME),CORDUROY,exact,https://iwihwtpzrwyybumottcd.supabase.co/storage/v1/object/public/product-images/5860795800/5860795800_1.jpg | https://iwihwtpzrwyybumottcd.supabase.co/storage/v1/object/public/product-images/5860795800/5860795800_2.jpg | https://iwihwtpzrwyybumottcd.supabase.co/storage/v1/object/public/product-images/5860795800/5860795800_3.jpg | https://iwihwtpzrwyybumottcd.supabase.co/storage/v1/object/public/product-images/5860795800/5860795800_4.jpg
COLETTE.BB,LOLA JEANS,CORDUROY,approx,https://iwihwtpzrwyybumottcd.supabase.co/storage/v1/object/public/product-images/COLETTE.BB/COLETTE.BB_1.jpg | https://iwihwtpzrwyybumottcd.supabase.co/storage/v1/object/public/product-images/COLETTE.BB/COLETTE.BB_2.jpg
COLETTE.FD,LOLA JEANS,CORDUROY,approx,https://iwihwtpzrwyybumottcd.supabase.co/storage/v1/object/public/product-images/COLETTE.FD/COLETTE.FD_1.jpg | https://iwihwtpzrwyybumottcd.supabase.co/storage/v1/object/public/product-images/COLETTE.FD/COLETTE.FD_2.jpg
ZULEIKA,RAGWEAR,COTON,approx,https://iwihwtpzrwyybumottcd.supabase.co/storage/v1/object/public/product-images/ZULEIKA/ZULEIKA_1.jpg | https://iwihwtpzrwyybumottcd.supabase.co/storage/v1/object/public/product-images/ZULEIKA/ZULEIKA_2.jpg
10614693,CREAM DK Compagny Canada,COTON,exact,https://iwihwtpzrwyybumottcd.supabase.co/storage/v1/object/public/product-images/10614693/10614693_1.jpg | https://iwihwtpzrwyybumottcd.supabase.co/storage/v1/object/public/product-images/10614693/10614693_2.jpg | https://iwihwtpzrwyybumottcd.supabase.co/storage/v1/object/public/product-images/10614693/10614693_3.jpg
SP261563KC,MÉLISSA NEPTON INC,COTON,exact,https://iwihwtpzrwyybumottcd.supabase.co/storage/v1/object/public/product-images/SP261563KC/SP261563KC_1.jpg | https://iwihwtpzrwyybumottcd.supabase.co/storage/v1/object/public/product-images/SP261563KC/SP261563KC_2.jpg | https://iwihwtpzrwyybumottcd.supabase.co/storage/v1/object/public/product-images/SP261563KC/SP261563KC_3.jpg
64457,UP,COTON,approx,https://iwihwtpzrwyybumottcd.supabase.co/storage/v1/object/public/product-images/64457/64457_1.jpg | https://iwihwtpzrwyybumottcd.supabase.co/storage/v1/object/public/product-images/64457/64457_2.jpg
RICCA,VICARIO (Codav & Forest Import),COTON,approx,https://iwihwtpzrwyybumottcd.supabase.co/storage/v1/object/public/product-images/RICCA/RICCA_1.jpg | https://iwihwtpzrwyybumottcd.supabase.co/storage/v1/object/public/product-images/RICCA/RICCA_2.jpg | https://iwihwtpzrwyybumottcd.supabase.co/storage/v1/object/public/product-images/RICCA/RICCA_3.jpg
Y0417702,TRAMONTANA Alphi,COTON,exact,https://iwihwtpzrwyybumottcd.supabase.co/storage/v1/object/public/product-images/Y0417702/Y0417702_1.jpg
LM7B01WA1,LIVERPOOL CANADA,COTON,exact,https://iwihwtpzrwyybumottcd.supabase.co/storage/v1/object/public/product-images/LM7B01WA1/LM7B01WA1_1.jpg | https://iwihwtpzrwyybumottcd.supabase.co/storage/v1/object/public/product-images/LM7B01WA1/LM7B01WA1_2.jpg | https://iwihwtpzrwyybumottcd.supabase.co/storage/v1/object/public/product-images/LM7B01WA1/LM7B01WA1_3.jpg
LM4378CH4,LIVERPOOL CANADA,COTON,exact,https://iwihwtpzrwyybumottcd.supabase.co/storage/v1/object/public/product-images/LM4378CH4/LM4378CH4_1.jpg
PASTICCINO,VICARIO (Codav & Forest Import),COTON,approx,https://iwihwtpzrwyybumottcd.supabase.co/storage/v1/object/public/product-images/PASTICCINO/PASTICCINO_1.jpg | https://iwihwtpzrwyybumottcd.supabase.co/storage/v1/object/public/product-images/PASTICCINO/PASTICCINO_2.jpg | https://iwihwtpzrwyybumottcd.supabase.co/storage/v1/object/public/product-images/PASTICCINO/PASTICCINO_3.jpg
SP264701CA,MÉLISSA NEPTON INC,COTON,exact,https://iwihwtpzrwyybumottcd.supabase.co/storage/v1/object/public/product-images/SP264701CA/SP264701CA_1.jpg | https://iwihwtpzrwyybumottcd.supabase.co/storage/v1/object/public/product-images/SP264701CA/SP264701CA_2.jpg
SHAFRONDENIM,RAGWEAR,COTON,approx,https://iwihwtpzrwyybumottcd.supabase.co/storage/v1/object/public/product-images/SHAFRONDENIM/SHAFRONDENIM_1.jpg | https://iwihwtpzrwyybumottcd.supabase.co/storage/v1/object/public/product-images/SHAFRONDENIM/SHAFRONDENIM_2.jpg
ULYSSE,MÉLISSA NEPTON INC,COTON,exact,https://iwihwtpzrwyybumottcd.supabase.co/storage/v1/object/public/product-images/ULYSSE/ULYSSE_1.jpg | https://iwihwtpzrwyybumottcd.supabase.co/storage/v1/object/public/product-images/ULYSSE/ULYSSE_2.jpg
VILLARICCA,VICARIO (Codav & Forest Import),COTON,approx,https://iwihwtpzrwyybumottcd.supabase.co/storage/v1/object/public/product-images/VILLARICCA/VILLARICCA_1.jpg | https://iwihwtpzrwyybumottcd.supabase.co/storage/v1/object/public/product-images/VILLARICCA/VILLARICCA_2.jpg
B0215101,TRAMONTANA Alphi,COTON,exact,https://iwihwtpzrwyybumottcd.supabase.co/storage/v1/object/public/product-images/B0215101/B0215101_1.jpg
965010,APRICOT COLLECTIONS,COTON,exact,https://iwihwtpzrwyybumottcd.supabase.co/storage/v1/object/public/product-images/965010/965010_1.jpg | https://iwihwtpzrwyybumottcd.supabase.co/storage/v1/object/public/product-images/965010/965010_2.jpg | https://iwihwtpzrwyybumottcd.supabase.co/storage/v1/object/public/product-images/965010/965010_3.jpg
30514952,SAINT TROPEZ,COTON,exact,https://iwihwtpzrwyybumottcd.supabase.co/storage/v1/object/public/product-images/30514952/30514952_1.jpg | https://iwihwtpzrwyybumottcd.supabase.co/storage/v1/object/public/product-images/30514952/30514952_2.jpg | https://iwihwtpzrwyybumottcd.supabase.co/storage/v1/object/public/product-images/30514952/30514952_3.jpg
GALEAPANT,MÉLISSA NEPTON INC,COTON,exact,https://iwihwtpzrwyybumottcd.supabase.co/storage/v1/object/public/product-images/GALEAPANT/GALEAPANT_1.jpg | https://iwihwtpzrwyybumottcd.supabase.co/storage/v1/object/public/product-images/GALEAPANT/GALEAPANT_2.jpg
SP266623CV,MÉLISSA NEPTON INC,COTON,exact,https://iwihwtpzrwyybumottcd.supabase.co/storage/v1/object/public/product-images/SP266623CV/SP266623CV_1.jpg | https://iwihwtpzrwyybumottcd.supabase.co/storage/v1/object/public/product-images/SP266623CV/SP266623CV_2.jpg | https://iwihwtpzrwyybumottcd.supabase.co/storage/v1/object/public/product-images/SP266623CV/SP266623CV_3.jpg
2161701800,LOIS ( FEMME),COTON,exact,https://iwihwtpzrwyybumottcd.supabase.co/storage/v1/object/public/product-images/2161701800/2161701800_1.jpg | https://iwihwtpzrwyybumottcd.supabase.co/storage/v1/object/public/product-images/2161701800/2161701800_2.jpg
SP2512009,ESQUALO (ALPHI),COTON,exact,https://iwihwtpzrwyybumottcd.supabase.co/storage/v1/object/public/product-images/SP2512009/SP2512009_1.jpg
LM2401F80,LIVERPOOL CANADA,COTON,exact,https://iwihwtpzrwyybumottcd.supabase.co/storage/v1/object/public/product-images/LM2401F80/LM2401F80_1.jpg | https://iwihwtpzrwyybumottcd.supabase.co/storage/v1/object/public/product-images/LM2401F80/LM2401F80_2.jpg | https://iwihwtpzrwyybumottcd.supabase.co/storage/v1/object/public/product-images/LM2401F80/LM2401F80_3.jpg
B50112,Garcia,COTON,exact,https://iwihwtpzrwyybumottcd.supabase.co/storage/v1/object/public/product-images/B50112/B50112_1.jpg | https://iwihwtpzrwyybumottcd.supabase.co/storage/v1/object/public/product-images/B50112/B50112_2.jpg
B50092,Garcia,COTON,exact,https://iwihwtpzrwyybumottcd.supabase.co/storage/v1/object/public/product-images/B50092/B50092_1.jpg | https://iwihwtpzrwyybumottcd.supabase.co/storage/v1/object/public/product-images/B50092/B50092_2.jpg | https://iwihwtpzrwyybumottcd.supabase.co/storage/v1/object/public/product-images/B50092/B50092_3.jpg
LM4369CH4,LIVERPOOL CANADA,COTON,exact,https://iwihwtpzrwyybumottcd.supabase.co/storage/v1/object/public/product-images/LM4369CH4/LM4369CH4_1.jpg
2916795800,LOIS ( FEMME),COTON,exact,https://iwihwtpzrwyybumottcd.supabase.co/storage/v1/object/public/product-images/2916795800/2916795800_1.jpg | https://iwihwtpzrwyybumottcd.supabase.co/storage/v1/object/public/product-images/2916795800/2916795800_2.jpg | https://iwihwtpzrwyybumottcd.supabase.co/storage/v1/object/public/product-images/2916795800/2916795800_3.jpg | https://iwihwtpzrwyybumottcd.supabase.co/storage/v1/object/public/product-images/2916795800/2916795800_4.jpg
10613668,CREAM DK Compagny Canada,COTON,exact,https://iwihwtpzrwyybumottcd.supabase.co/storage/v1/object/public/product-images/10613668/10613668_1.jpg | https://iwihwtpzrwyybumottcd.supabase.co/storage/v1/object/public/product-images/10613668/10613668_2.jpg | https://iwihwtpzrwyybumottcd.supabase.co/storage/v1/object/public/product-images/10613668/10613668_3.jpg | https://iwihwtpzrwyybumottcd.supabase.co/storage/v1/object/public/product-images/10613668/10613668_4.jpg
LM3117CH4,LIVERPOOL CANADA,COTON,exact,https://iwihwtpzrwyybumottcd.supabase.co/storage/v1/object/public/product-images/LM3117CH4/LM3117CH4_1.jpg | https://iwihwtpzrwyybumottcd.supabase.co/storage/v1/object/public/product-images/LM3117CH4/LM3117CH4_2.jpg | https://iwihwtpzrwyybumottcd.supabase.co/storage/v1/object/public/product-images/LM3117CH4/LM3117CH4_3.jpg | https://iwihwtpzrwyybumottcd.supabase.co/storage/v1/object/public/product-images/LM3117CH4/LM3117CH4_4.jpg
CROTILIE,CREAM DK Compagny Canada,COTON,exact,https://iwihwtpzrwyybumottcd.supabase.co/storage/v1/object/public/product-images/CROTILIE/CROTILIE_1.jpg
SELENAJEANS,COJ (Sandstyle),COTON,exact,https://iwihwtpzrwyybumottcd.supabase.co/storage/v1/object/public/product-images/SELENAJEANS/SELENAJEANS_1.jpg | https://iwihwtpzrwyybumottcd.supabase.co/storage/v1/object/public/product-images/SELENAJEANS/SELENAJEANS_2.jpg | https://iwihwtpzrwyybumottcd.supabase.co/storage/v1/object/public/product-images/SELENAJEANS/SELENAJEANS_3.jpg | https://iwihwtpzrwyybumottcd.supabase.co/storage/v1/object/public/product-images/SELENAJEANS/SELENAJEANS_4.jpg
X100866,APRICOT COLLECTIONS,COTON,approx,https://iwihwtpzrwyybumottcd.supabase.co/storage/v1/object/public/product-images/X100866/X100866_1.jpg | https://iwihwtpzrwyybumottcd.supabase.co/storage/v1/object/public/product-images/X100866/X100866_2.jpg | https://iwihwtpzrwyybumottcd.supabase.co/storage/v1/object/public/product-images/X100866/X100866_3.jpg
Y0520701,TRAMONTANA Alphi,COTON BOUTONNÉ,approx,https://iwihwtpzrwyybumottcd.supabase.co/storage/v1/object/public/product-images/Y0520701/Y0520701_1.jpg | https://iwihwtpzrwyybumottcd.supabase.co/storage/v1/object/public/product-images/Y0520701/Y0520701_2.jpg
25SWJF351001,DESIGUAL FEMME,COTON BOUTONNÉ,approx,https://iwihwtpzrwyybumottcd.supabase.co/storage/v1/object/public/product-images/25SWJF351001/25SWJF351001_1.jpg | https://iwihwtpzrwyybumottcd.supabase.co/storage/v1/object/public/product-images/25SWJF351001/25SWJF351001_2.jpg
10614260,CREAM DK Compagny Canada,COTON CAPUCHON,exact,https://iwihwtpzrwyybumottcd.supabase.co/storage/v1/object/public/product-images/10614260/10614260_1.jpg
SP2527020,ESQUALO (ALPHI),COTON COL BATEAU,exact,https://iwihwtpzrwyybumottcd.supabase.co/storage/v1/object/public/product-images/SP2527020/SP2527020_1.jpg
33.1395Y,M Italy (Importation Bolide),COTON COL BATEAU,exact,https://iwihwtpzrwyybumottcd.supabase.co/storage/v1/object/public/product-images/33.1395Y/33.1395Y_1.jpg | https://iwihwtpzrwyybumottcd.supabase.co/storage/v1/object/public/product-images/33.1395Y/33.1395Y_2.jpg | https://iwihwtpzrwyybumottcd.supabase.co/storage/v1/object/public/product-images/33.1395Y/33.1395Y_3.jpg
B50040,Garcia,COTON COL BATEAU,exact,https://iwihwtpzrwyybumottcd.supabase.co/storage/v1/object/public/product-images/B50040/B50040_1.jpg | https://iwihwtpzrwyybumottcd.supabase.co/storage/v1/object/public/product-images/B50040/B50040_2.jpg
33.5013Y,M Italy (Importation Bolide),COTON COL BATEAU,exact,https://iwihwtpzrwyybumottcd.supabase.co/storage/v1/object/public/product-images/33.5013Y/33.5013Y_1.jpg
CRLIVYSLEEVELES,CREAM DK Compagny Canada,COTON COL CHEMINÉ,approx,https://iwihwtpzrwyybumottcd.supabase.co/storage/v1/object/public/product-images/CRLIVYSLEEVELES/CRLIVYSLEEVELES_1.jpg | https://iwihwtpzrwyybumottcd.supabase.co/storage/v1/object/public/product-images/CRLIVYSLEEVELES/CRLIVYSLEEVELES_2.jpg
10614886,CREAM DK Compagny Canada,COTON COL CHEMINÉ,exact,https://iwihwtpzrwyybumottcd.supabase.co/storage/v1/object/public/product-images/10614886/10614886_1.jpg | https://iwihwtpzrwyybumottcd.supabase.co/storage/v1/object/public/product-images/10614886/10614886_2.jpg | https://iwihwtpzrwyybumottcd.supabase.co/storage/v1/object/public/product-images/10614886/10614886_3.jpg | https://iwihwtpzrwyybumottcd.supabase.co/storage/v1/object/public/product-images/10614886/10614886_4.jpg
10609539,CREAM DK Compagny Canada,COTON COL REG,exact,https://iwihwtpzrwyybumottcd.supabase.co/storage/v1/object/public/product-images/10609539/10609539_1.jpg | https://iwihwtpzrwyybumottcd.supabase.co/storage/v1/object/public/product-images/10609539/10609539_2.jpg | https://iwihwtpzrwyybumottcd.supabase.co/storage/v1/object/public/product-images/10609539/10609539_3.jpg | https://iwihwtpzrwyybumottcd.supabase.co/storage/v1/object/public/product-images/10609539/10609539_4.jpg
C4215301,TRAMONTANA Alphi,COTON COL REG.,exact,https://iwihwtpzrwyybumottcd.supabase.co/storage/v1/object/public/product-images/C4215301/C4215301_1.jpg
D50030,Garcia,COTON COL REG.,exact,https://iwihwtpzrwyybumottcd.supabase.co/storage/v1/object/public/product-images/D50030/D50030_1.jpg | https://iwihwtpzrwyybumottcd.supabase.co/storage/v1/object/public/product-images/D50030/D50030_2.jpg | https://iwihwtpzrwyybumottcd.supabase.co/storage/v1/object/public/product-images/D50030/D50030_3.jpg
51C43026,COMPAGNIA FANTASTICA,COTON COL REG.,exact,https://iwihwtpzrwyybumottcd.supabase.co/storage/v1/object/public/product-images/51C43026/51C43026_1.jpg | https://iwihwtpzrwyybumottcd.supabase.co/storage/v1/object/public/product-images/51C43026/51C43026_2.jpg | https://iwihwtpzrwyybumottcd.supabase.co/storage/v1/object/public/product-images/51C43026/51C43026_3.jpg | https://iwihwtpzrwyybumottcd.supabase.co/storage/v1/object/public/product-images/51C43026/51C43026_4.jpg
C2315802,TRAMONTANA Alphi,COTON COL REG.,exact,https://iwihwtpzrwyybumottcd.supabase.co/storage/v1/object/public/product-images/C2315802/C2315802_1.jpg
51C41058,COMPAGNIA FANTASTICA,COTON COL REG.,approx,https://iwihwtpzrwyybumottcd.supabase.co/storage/v1/object/public/product-images/51C41058/51C41058_1.jpg | https://iwihwtpzrwyybumottcd.supabase.co/storage/v1/object/public/product-images/51C41058/51C41058_2.jpg
51C41035,COMPAGNIA FANTASTICA,COTON COL REG.,exact,https://iwihwtpzrwyybumottcd.supabase.co/storage/v1/object/public/product-images/51C41035/51C41035_1.jpg | https://iwihwtpzrwyybumottcd.supabase.co/storage/v1/object/public/product-images/51C41035/51C41035_2.jpg | https://iwihwtpzrwyybumottcd.supabase.co/storage/v1/object/public/product-images/51C41035/51C41035_3.jpg | https://iwihwtpzrwyybumottcd.supabase.co/storage/v1/object/public/product-images/51C41035/51C41035_4.jpg
C1215301,TRAMONTANA Alphi,COTON COL REG.,exact,https://iwihwtpzrwyybumottcd.supabase.co/storage/v1/object/public/product-images/C1215301/C1215301_1.jpg
SEQUOIA,VICARIO (Codav & Forest Import),COTON COL REG.,approx,https://iwihwtpzrwyybumottcd.supabase.co/storage/v1/object/public/product-images/SEQUOIA/SEQUOIA_1.jpg | https://iwihwtpzrwyybumottcd.supabase.co/storage/v1/object/public/product-images/SEQUOIA/SEQUOIA_2.jpg
30514717,SAINT TROPEZ,COTON COL REG.,approx,https://iwihwtpzrwyybumottcd.supabase.co/storage/v1/object/public/product-images/30514717/30514717_1.jpg | https://iwihwtpzrwyybumottcd.supabase.co/storage/v1/object/public/product-images/30514717/30514717_2.jpg
30514716,SAINT TROPEZ,COTON COL REG.,exact,https://iwihwtpzrwyybumottcd.supabase.co/storage/v1/object/public/product-images/30514716/30514716_1.jpg | https://iwihwtpzrwyybumottcd.supabase.co/storage/v1/object/public/product-images/30514716/30514716_2.jpg
61C.43030,COMPAGNIA FANTASTICA,COTON COL REG.,exact,https://iwihwtpzrwyybumottcd.supabase.co/storage/v1/object/public/product-images/61C.43030/61C.43030_1.jpg | https://iwihwtpzrwyybumottcd.supabase.co/storage/v1/object/public/product-images/61C.43030/61C.43030_2.jpg | https://iwihwtpzrwyybumottcd.supabase.co/storage/v1/object/public/product-images/61C.43030/61C.43030_3.jpg | https://iwihwtpzrwyybumottcd.supabase.co/storage/v1/object/public/product-images/61C.43030/61C.43030_4.jpg
F2514520,ESQUALO (ALPHI),COTON COL REG.,exact,https://iwihwtpzrwyybumottcd.supabase.co/storage/v1/object/public/product-images/F2514520/F2514520_1.jpg | https://iwihwtpzrwyybumottcd.supabase.co/storage/v1/object/public/product-images/F2514520/F2514520_2.jpg | https://iwihwtpzrwyybumottcd.supabase.co/storage/v1/object/public/product-images/F2514520/F2514520_3.jpg
CELINASWEATER,MÉLISSA NEPTON INC,COTON COL ROND,exact,https://iwihwtpzrwyybumottcd.supabase.co/storage/v1/object/public/product-images/CELINASWEATER/CELINASWEATER_1.jpg | https://iwihwtpzrwyybumottcd.supabase.co/storage/v1/object/public/product-images/CELINASWEATER/CELINASWEATER_2.jpg
1031086W,M Italy (Importation Bolide),COTON COL ROND,approx,https://iwihwtpzrwyybumottcd.supabase.co/storage/v1/object/public/product-images/1031086W/1031086W_1.jpg | https://iwihwtpzrwyybumottcd.supabase.co/storage/v1/object/public/product-images/1031086W/1031086W_2.jpg
3116E,Lez A Lez (DDL 9190-8608 Québec Inc.),COTON COL ROND,exact,https://iwihwtpzrwyybumottcd.supabase.co/storage/v1/object/public/product-images/3116E/3116E_1.jpg | https://iwihwtpzrwyybumottcd.supabase.co/storage/v1/object/public/product-images/3116E/3116E_2.jpg
CRSILLAR,CREAM DK Compagny Canada,COTON COL ROND,exact,https://iwihwtpzrwyybumottcd.supabase.co/storage/v1/object/public/product-images/CRSILLAR/CRSILLAR_1.jpg | https://iwihwtpzrwyybumottcd.supabase.co/storage/v1/object/public/product-images/CRSILLAR/CRSILLAR_2.jpg | https://iwihwtpzrwyybumottcd.supabase.co/storage/v1/object/public/product-images/CRSILLAR/CRSILLAR_3.jpg
D50060,Garcia,COTON COL ROND,exact,https://iwihwtpzrwyybumottcd.supabase.co/storage/v1/object/public/product-images/D50060/D50060_1.jpg | https://iwihwtpzrwyybumottcd.supabase.co/storage/v1/object/public/product-images/D50060/D50060_2.jpg | https://iwihwtpzrwyybumottcd.supabase.co/storage/v1/object/public/product-images/D50060/D50060_3.jpg
DAGNI,SAINT TROPEZ,COTON COL ROND,approx,https://iwihwtpzrwyybumottcd.supabase.co/storage/v1/object/public/product-images/DAGNI/DAGNI_1.jpg | https://iwihwtpzrwyybumottcd.supabase.co/storage/v1/object/public/product-images/DAGNI/DAGNI_2.jpg
51C42007,COMPAGNIA FANTASTICA,COTON COL ROND,exact,https://iwihwtpzrwyybumottcd.supabase.co/storage/v1/object/public/product-images/51C42007/51C42007_1.jpg | https://iwihwtpzrwyybumottcd.supabase.co/storage/v1/object/public/product-images/51C42007/51C42007_2.jpg | https://iwihwtpzrwyybumottcd.supabase.co/storage/v1/object/public/product-images/51C42007/51C42007_3.jpg | https://iwihwtpzrwyybumottcd.supabase.co/storage/v1/object/public/product-images/51C42007/51C42007_4.jpg
10.31535X,M Italy (Importation Bolide),COTON COL ROND,exact,https://iwihwtpzrwyybumottcd.supabase.co/storage/v1/object/public/product-images/10.31535X/10.31535X_1.jpg | https://iwihwtpzrwyybumottcd.supabase.co/storage/v1/object/public/product-images/10.31535X/10.31535X_2.jpg
10614203,CREAM DK Compagny Canada,COTON COL ROND,exact,https://iwihwtpzrwyybumottcd.supabase.co/storage/v1/object/public/product-images/10614203/10614203_1.jpg | https://iwihwtpzrwyybumottcd.supabase.co/storage/v1/object/public/product-images/10614203/10614203_2.jpg | https://iwihwtpzrwyybumottcd.supabase.co/storage/v1/object/public/product-images/10614203/10614203_3.jpg
CRHANNEKNIT,CREAM DK Compagny Canada,COTON COL ROND,exact,https://iwihwtpzrwyybumottcd.supabase.co/storage/v1/object/public/product-images/CRHANNEKNIT/CRHANNEKNIT_1.jpg | https://iwihwtpzrwyybumottcd.supabase.co/storage/v1/object/public/product-images/CRHANNEKNIT/CRHANNEKNIT_2.jpg | https://iwihwtpzrwyybumottcd.supabase.co/storage/v1/object/public/product-images/CRHANNEKNIT/CRHANNEKNIT_3.jpg | https://iwihwtpzrwyybumottcd.supabase.co/storage/v1/object/public/product-images/CRHANNEKNIT/CRHANNEKNIT_4.jpg | https://iwihwtpzrwyybumottcd.supabase.co/storage/v1/object/public/product-images/CRHANNEKNIT/CRHANNEKNIT_5.jpg
SP2505020,ESQUALO (ALPHI),COTON COL ROND,exact,https://iwihwtpzrwyybumottcd.supabase.co/storage/v1/object/public/product-images/SP2505020/SP2505020_1.jpg | https://iwihwtpzrwyybumottcd.supabase.co/storage/v1/object/public/product-images/SP2505020/SP2505020_2.jpg
SP2505021,ESQUALO (ALPHI),COTON COL ROND,exact,https://iwihwtpzrwyybumottcd.supabase.co/storage/v1/object/public/product-images/SP2505021/SP2505021_1.jpg
I50201,Garcia,COTON COL ROND,exact,https://iwihwtpzrwyybumottcd.supabase.co/storage/v1/object/public/product-images/I50201/I50201_1.jpg | https://iwihwtpzrwyybumottcd.supabase.co/storage/v1/object/public/product-images/I50201/I50201_2.jpg | https://iwihwtpzrwyybumottcd.supabase.co/storage/v1/object/public/product-images/I50201/I50201_3.jpg
H50001,Garcia,COTON COL ROND,exact,https://iwihwtpzrwyybumottcd.supabase.co/storage/v1/object/public/product-images/H50001/H50001_1.jpg | https://iwihwtpzrwyybumottcd.supabase.co/storage/v1/object/public/product-images/H50001/H50001_2.jpg | https://iwihwtpzrwyybumottcd.supabase.co/storage/v1/object/public/product-images/H50001/H50001_3.jpg | https://iwihwtpzrwyybumottcd.supabase.co/storage/v1/object/public/product-images/H50001/H50001_4.jpg | https://iwihwtpzrwyybumottcd.supabase.co/storage/v1/object/public/product-images/H50001/H50001_5.jpg | https://iwihwtpzrwyybumottcd.supabase.co/storage/v1/object/public/product-images/H50001/H50001_6.jpg
SP2605018,ESQUALO (ALPHI),COTON COL ROND,exact,https://iwihwtpzrwyybumottcd.supabase.co/storage/v1/object/public/product-images/SP2605018/SP2605018_1.jpg
B50005,Garcia,COTON COL ROND,exact,https://iwihwtpzrwyybumottcd.supabase.co/storage/v1/object/public/product-images/B50005/B50005_1.jpg | https://iwihwtpzrwyybumottcd.supabase.co/storage/v1/object/public/product-images/B50005/B50005_2.jpg
10615269,CREAM DK Compagny Canada,COTON COL ROND,exact,https://iwihwtpzrwyybumottcd.supabase.co/storage/v1/object/public/product-images/10615269/10615269_1.jpg | https://iwihwtpzrwyybumottcd.supabase.co/storage/v1/object/public/product-images/10615269/10615269_2.jpg
10615231,CREAM DK Compagny Canada,COTON COL ROND,exact,https://iwihwtpzrwyybumottcd.supabase.co/storage/v1/object/public/product-images/10615231/10615231_1.jpg | https://iwihwtpzrwyybumottcd.supabase.co/storage/v1/object/public/product-images/10615231/10615231_2.jpg | https://iwihwtpzrwyybumottcd.supabase.co/storage/v1/object/public/product-images/10615231/10615231_3.jpg | https://iwihwtpzrwyybumottcd.supabase.co/storage/v1/object/public/product-images/10615231/10615231_4.jpg | https://iwihwtpzrwyybumottcd.supabase.co/storage/v1/object/public/product-images/10615231/10615231_5.jpg | https://iwihwtpzrwyybumottcd.supabase.co/storage/v1/object/public/product-images/10615231/10615231_6.jpg
51C42009,COMPAGNIA FANTASTICA,COTON COL ROND,exact,https://iwihwtpzrwyybumottcd.supabase.co/storage/v1/object/public/product-images/51C42009/51C42009_1.jpg | https://iwihwtpzrwyybumottcd.supabase.co/storage/v1/object/public/product-images/51C42009/51C42009_2.jpg | https://iwihwtpzrwyybumottcd.supabase.co/storage/v1/object/public/product-images/51C42009/51C42009_3.jpg | https://iwihwtpzrwyybumottcd.supabase.co/storage/v1/object/public/product-images/51C42009/51C42009_4.jpg
MALISWEATER,MÉLISSA NEPTON INC,COTON COL ROND,approx,https://iwihwtpzrwyybumottcd.supabase.co/storage/v1/object/public/product-images/MALISWEATER/MALISWEATER_1.jpg | https://iwihwtpzrwyybumottcd.supabase.co/storage/v1/object/public/product-images/MALISWEATER/MALISWEATER_2.jpg
52C42109,COMPAGNIA FANTASTICA,COTON COL ROND,exact,https://iwihwtpzrwyybumottcd.supabase.co/storage/v1/object/public/product-images/52C42109/52C42109_1.jpg | https://iwihwtpzrwyybumottcd.supabase.co/storage/v1/object/public/product-images/52C42109/52C42109_2.jpg | https://iwihwtpzrwyybumottcd.supabase.co/storage/v1/object/public/product-images/52C42109/52C42109_3.jpg | https://iwihwtpzrwyybumottcd.supabase.co/storage/v1/object/public/product-images/52C42109/52C42109_4.jpg
52C42110,COMPAGNIA FANTASTICA,COTON COL ROND,exact,https://iwihwtpzrwyybumottcd.supabase.co/storage/v1/object/public/product-images/52C42110/52C42110_1.jpg | https://iwihwtpzrwyybumottcd.supabase.co/storage/v1/object/public/product-images/52C42110/52C42110_2.jpg | https://iwihwtpzrwyybumottcd.supabase.co/storage/v1/object/public/product-images/52C42110/52C42110_3.jpg | https://iwihwtpzrwyybumottcd.supabase.co/storage/v1/object/public/product-images/52C42110/52C42110_4.jpg
52C42114,COMPAGNIA FANTASTICA,COTON COL ROND,approx,https://iwihwtpzrwyybumottcd.supabase.co/storage/v1/object/public/product-images/52C42114/52C42114_1.jpg | https://iwihwtpzrwyybumottcd.supabase.co/storage/v1/object/public/product-images/52C42114/52C42114_2.jpg
53C.42003,COMPAGNIA FANTASTICA,COTON COL ROND,exact,https://iwihwtpzrwyybumottcd.supabase.co/storage/v1/object/public/product-images/53C.42003/53C.42003_1.jpg | https://iwihwtpzrwyybumottcd.supabase.co/storage/v1/object/public/product-images/53C.42003/53C.42003_2.jpg | https://iwihwtpzrwyybumottcd.supabase.co/storage/v1/object/public/product-images/53C.42003/53C.42003_3.jpg | https://iwihwtpzrwyybumottcd.supabase.co/storage/v1/object/public/product-images/53C.42003/53C.42003_4.jpg
53C.42011,COMPAGNIA FANTASTICA,COTON COL ROND,exact,https://iwihwtpzrwyybumottcd.supabase.co/storage/v1/object/public/product-images/53C.42011/53C.42011_1.jpg | https://iwihwtpzrwyybumottcd.supabase.co/storage/v1/object/public/product-images/53C.42011/53C.42011_2.jpg | https://iwihwtpzrwyybumottcd.supabase.co/storage/v1/object/public/product-images/53C.42011/53C.42011_3.jpg | https://iwihwtpzrwyybumottcd.supabase.co/storage/v1/object/public/product-images/53C.42011/53C.42011_4.jpg
JULASWEATERVEST,MÉLISSA NEPTON INC,COTON COL ROND,exact,https://iwihwtpzrwyybumottcd.supabase.co/storage/v1/object/public/product-images/JULASWEATERVEST/JULASWEATERVEST_1.jpg | https://iwihwtpzrwyybumottcd.supabase.co/storage/v1/object/public/product-images/JULASWEATERVEST/JULASWEATERVEST_2.jpg
JETTY,SAINT TROPEZ,COTON COL ROND,approx,https://iwihwtpzrwyybumottcd.supabase.co/storage/v1/object/public/product-images/JETTY/JETTY_1.jpg | https://iwihwtpzrwyybumottcd.supabase.co/storage/v1/object/public/product-images/JETTY/JETTY_2.jpg
SP266635CA,MÉLISSA NEPTON INC,COTON COL ROND,exact,https://iwihwtpzrwyybumottcd.supabase.co/storage/v1/object/public/product-images/SP266635CA/SP266635CA_1.jpg | https://iwihwtpzrwyybumottcd.supabase.co/storage/v1/object/public/product-images/SP266635CA/SP266635CA_2.jpg | https://iwihwtpzrwyybumottcd.supabase.co/storage/v1/object/public/product-images/SP266635CA/SP266635CA_3.jpg
51C42021,COMPAGNIA FANTASTICA,COTON COL ROND,exact,https://iwihwtpzrwyybumottcd.supabase.co/storage/v1/object/public/product-images/51C42021/51C42021_1.jpg | https://iwihwtpzrwyybumottcd.supabase.co/storage/v1/object/public/product-images/51C42021/51C42021_2.jpg | https://iwihwtpzrwyybumottcd.supabase.co/storage/v1/object/public/product-images/51C42021/51C42021_3.jpg | https://iwihwtpzrwyybumottcd.supabase.co/storage/v1/object/public/product-images/51C42021/51C42021_4.jpg
I50261,Garcia,COTON COL ROND,exact,https://iwihwtpzrwyybumottcd.supabase.co/storage/v1/object/public/product-images/I50261/I50261_1.jpg | https://iwihwtpzrwyybumottcd.supabase.co/storage/v1/object/public/product-images/I50261/I50261_2.jpg | https://iwihwtpzrwyybumottcd.supabase.co/storage/v1/object/public/product-images/I50261/I50261_3.jpg
I50260,Garcia,COTON COL ROND,exact,https://iwihwtpzrwyybumottcd.supabase.co/storage/v1/object/public/product-images/I50260/I50260_1.jpg
O260060,Garcia,COTON COL ROND,exact,https://iwihwtpzrwyybumottcd.supabase.co/storage/v1/object/public/product-images/O260060/O260060_1.jpg | https://iwihwtpzrwyybumottcd.supabase.co/storage/v1/object/public/product-images/O260060/O260060_2.jpg
52C42116,COMPAGNIA FANTASTICA,COTON COL ROND,exact,https://iwihwtpzrwyybumottcd.supabase.co/storage/v1/object/public/product-images/52C42116/52C42116_1.jpg | https://iwihwtpzrwyybumottcd.supabase.co/storage/v1/object/public/product-images/52C42116/52C42116_2.jpg
53C.42000,COMPAGNIA FANTASTICA,COTON COL ROND,exact,https://iwihwtpzrwyybumottcd.supabase.co/storage/v1/object/public/product-images/53C.42000/53C.42000_1.jpg | https://iwihwtpzrwyybumottcd.supabase.co/storage/v1/object/public/product-images/53C.42000/53C.42000_2.jpg | https://iwihwtpzrwyybumottcd.supabase.co/storage/v1/object/public/product-images/53C.42000/53C.42000_3.jpg | https://iwihwtpzrwyybumottcd.supabase.co/storage/v1/object/public/product-images/53C.42000/53C.42000_4.jpg
61C.42010,COMPAGNIA FANTASTICA,COTON COL ROND,exact,https://iwihwtpzrwyybumottcd.supabase.co/storage/v1/object/public/product-images/61C.42010/61C.42010_1.jpg | https://iwihwtpzrwyybumottcd.supabase.co/storage/v1/object/public/product-images/61C.42010/61C.42010_2.jpg | https://iwihwtpzrwyybumottcd.supabase.co/storage/v1/object/public/product-images/61C.42010/61C.42010_3.jpg | https://iwihwtpzrwyybumottcd.supabase.co/storage/v1/object/public/product-images/61C.42010/61C.42010_4.jpg
G50201,Garcia,COTON COL ROND,exact,https://iwihwtpzrwyybumottcd.supabase.co/storage/v1/object/public/product-images/G50201/G50201_1.jpg | https://iwihwtpzrwyybumottcd.supabase.co/storage/v1/object/public/product-images/G50201/G50201_2.jpg
C50207,Garcia,COTON COL ROND,exact,https://iwihwtpzrwyybumottcd.supabase.co/storage/v1/object/public/product-images/C50207/C50207_1.jpg | https://iwihwtpzrwyybumottcd.supabase.co/storage/v1/object/public/product-images/C50207/C50207_2.jpg | https://iwihwtpzrwyybumottcd.supabase.co/storage/v1/object/public/product-images/C50207/C50207_3.jpg
7199E,Lez A Lez (DDL 9190-8608 Québec Inc.),COTON COL ROND,exact,https://iwihwtpzrwyybumottcd.supabase.co/storage/v1/object/public/product-images/7199E/7199E_1.jpg | https://iwihwtpzrwyybumottcd.supabase.co/storage/v1/object/public/product-images/7199E/7199E_2.jpg
F2527524,ESQUALO (ALPHI),COTON COL ROND,exact,https://iwihwtpzrwyybumottcd.supabase.co/storage/v1/object/public/product-images/F2527524/F2527524_1.jpg
F2527523,ESQUALO (ALPHI),COTON COL ROND,exact,https://iwihwtpzrwyybumottcd.supabase.co/storage/v1/object/public/product-images/F2527523/F2527523_1.jpg
F2527519,ESQUALO (ALPHI),COTON COL ROND,exact,https://iwihwtpzrwyybumottcd.supabase.co/storage/v1/object/public/product-images/F2527519/F2527519_1.jpg | https://iwihwtpzrwyybumottcd.supabase.co/storage/v1/object/public/product-images/F2527519/F2527519_2.jpg | https://iwihwtpzrwyybumottcd.supabase.co/storage/v1/object/public/product-images/F2527519/F2527519_3.jpg
SAMI,VICARIO (Codav & Forest Import),COTON COL ROND,exact,https://iwihwtpzrwyybumottcd.supabase.co/storage/v1/object/public/product-images/SAMI/SAMI_1.jpg | https://iwihwtpzrwyybumottcd.supabase.co/storage/v1/object/public/product-images/SAMI/SAMI_2.jpg | https://iwihwtpzrwyybumottcd.supabase.co/storage/v1/object/public/product-images/SAMI/SAMI_3.jpg
10.8865X,M Italy (Importation Bolide),COTON COL ROND,approx,https://iwihwtpzrwyybumottcd.supabase.co/storage/v1/object/public/product-images/10.8865X/10.8865X_1.jpg | https://iwihwtpzrwyybumottcd.supabase.co/storage/v1/object/public/product-images/10.8865X/10.8865X_2.jpg
SP2505017,ESQUALO (ALPHI),COTON COL ROND,exact,https://iwihwtpzrwyybumottcd.supabase.co/storage/v1/object/public/product-images/SP2505017/SP2505017_1.jpg | https://iwihwtpzrwyybumottcd.supabase.co/storage/v1/object/public/product-images/SP2505017/SP2505017_2.jpg | https://iwihwtpzrwyybumottcd.supabase.co/storage/v1/object/public/product-images/SP2505017/SP2505017_3.jpg | https://iwihwtpzrwyybumottcd.supabase.co/storage/v1/object/public/product-images/SP2505017/SP2505017_4.jpg
10614931,CREAM DK Compagny Canada,COTON COL ROND,exact,https://iwihwtpzrwyybumottcd.supabase.co/storage/v1/object/public/product-images/10614931/10614931_1.jpg
943162,APRICOT COLLECTIONS,COTON COL ROND,exact,https://iwihwtpzrwyybumottcd.supabase.co/storage/v1/object/public/product-images/943162/943162_1.jpg | https://iwihwtpzrwyybumottcd.supabase.co/storage/v1/object/public/product-images/943162/943162_2.jpg | https://iwihwtpzrwyybumottcd.supabase.co/storage/v1/object/public/product-images/943162/943162_3.jpg
F2505529,ESQUALO (ALPHI),COTON COL ROND,exact,https://iwihwtpzrwyybumottcd.supabase.co/storage/v1/object/public/product-images/F2505529/F2505529_1.jpg | https://iwihwtpzrwyybumottcd.supabase.co/storage/v1/object/public/product-images/F2505529/F2505529_2.jpg | https://iwihwtpzrwyybumottcd.supabase.co/storage/v1/object/public/product-images/F2505529/F2505529_3.jpg | https://iwihwtpzrwyybumottcd.supabase.co/storage/v1/object/public/product-images/F2505529/F2505529_4.jpg
10614080,CREAM DK Compagny Canada,COTON COL ROND,exact,https://iwihwtpzrwyybumottcd.supabase.co/storage/v1/object/public/product-images/10614080/10614080_1.jpg | https://iwihwtpzrwyybumottcd.supabase.co/storage/v1/object/public/product-images/10614080/10614080_2.jpg | https://iwihwtpzrwyybumottcd.supabase.co/storage/v1/object/public/product-images/10614080/10614080_3.jpg
10614404,CREAM DK Compagny Canada,COTON COL ROND,exact,https://iwihwtpzrwyybumottcd.supabase.co/storage/v1/object/public/product-images/10614404/10614404_1.jpg
10614628,CREAM DK Compagny Canada,COTON COL ROND,exact,https://iwihwtpzrwyybumottcd.supabase.co/storage/v1/object/public/product-images/10614628/10614628_1.jpg
10614586,CREAM DK Compagny Canada,COTON COL ROND,exact,https://iwihwtpzrwyybumottcd.supabase.co/storage/v1/object/public/product-images/10614586/10614586_1.jpg | https://iwihwtpzrwyybumottcd.supabase.co/storage/v1/object/public/product-images/10614586/10614586_2.jpg | https://iwihwtpzrwyybumottcd.supabase.co/storage/v1/object/public/product-images/10614586/10614586_3.jpg
10614502,CREAM DK Compagny Canada,COTON COL ROND,exact,https://iwihwtpzrwyybumottcd.supabase.co/storage/v1/object/public/product-images/10614502/10614502_1.jpg | https://iwihwtpzrwyybumottcd.supabase.co/storage/v1/object/public/product-images/10614502/10614502_2.jpg
SP266629FF,MÉLISSA NEPTON INC,COTON COL ROND,exact,https://iwihwtpzrwyybumottcd.supabase.co/storage/v1/object/public/product-images/SP266629FF/SP266629FF_1.jpg | https://iwihwtpzrwyybumottcd.supabase.co/storage/v1/object/public/product-images/SP266629FF/SP266629FF_2.jpg
54C.42106,COMPAGNIA FANTASTICA,COTON COL ROND,exact,https://iwihwtpzrwyybumottcd.supabase.co/storage/v1/object/public/product-images/54C.42106/54C.42106_1.jpg | https://iwihwtpzrwyybumottcd.supabase.co/storage/v1/object/public/product-images/54C.42106/54C.42106_2.jpg | https://iwihwtpzrwyybumottcd.supabase.co/storage/v1/object/public/product-images/54C.42106/54C.42106_3.jpg | https://iwihwtpzrwyybumottcd.supabase.co/storage/v1/object/public/product-images/54C.42106/54C.42106_4.jpg
2131180W,M Italy (Importation Bolide),COTON COL ROND,approx,https://iwihwtpzrwyybumottcd.supabase.co/storage/v1/object/public/product-images/2131180W/2131180W_1.jpg | https://iwihwtpzrwyybumottcd.supabase.co/storage/v1/object/public/product-images/2131180W/2131180W_2.jpg
SP2507017,ESQUALO (ALPHI),COTON COL ROND,exact,https://iwihwtpzrwyybumottcd.supabase.co/storage/v1/object/public/product-images/SP2507017/SP2507017_1.jpg | https://iwihwtpzrwyybumottcd.supabase.co/storage/v1/object/public/product-images/SP2507017/SP2507017_2.jpg | https://iwihwtpzrwyybumottcd.supabase.co/storage/v1/object/public/product-images/SP2507017/SP2507017_3.jpg | https://iwihwtpzrwyybumottcd.supabase.co/storage/v1/object/public/product-images/SP2507017/SP2507017_4.jpg
B50001,Garcia,COTON COL ROND,exact,https://iwihwtpzrwyybumottcd.supabase.co/storage/v1/object/public/product-images/B50001/B50001_1.jpg
10614116,CREAM DK Compagny Canada,COTON COL ROND,exact,https://iwihwtpzrwyybumottcd.supabase.co/storage/v1/object/public/product-images/10614116/10614116_1.jpg
25WWTK04,DESIGUAL FEMME,COTON COL ROND,exact,https://iwihwtpzrwyybumottcd.supabase.co/storage/v1/object/public/product-images/25WWTK04/25WWTK04_1.jpg | https://iwihwtpzrwyybumottcd.supabase.co/storage/v1/object/public/product-images/25WWTK04/25WWTK04_2.jpg
TGOLFO,VICARIO (Codav & Forest Import),COTON COL ROND,approx,https://iwihwtpzrwyybumottcd.supabase.co/storage/v1/object/public/product-images/TGOLFO/TGOLFO_1.jpg | https://iwihwtpzrwyybumottcd.supabase.co/storage/v1/object/public/product-images/TGOLFO/TGOLFO_2.jpg
30514452,SAINT TROPEZ,COTON COL ROND,exact,https://iwihwtpzrwyybumottcd.supabase.co/storage/v1/object/public/product-images/30514452/30514452_1.jpg
C50210,Garcia,COTON COL ROND,exact,https://iwihwtpzrwyybumottcd.supabase.co/storage/v1/object/public/product-images/C50210/C50210_1.jpg | https://iwihwtpzrwyybumottcd.supabase.co/storage/v1/object/public/product-images/C50210/C50210_2.jpg
D50010,Garcia,COTON COL ROND,exact,https://iwihwtpzrwyybumottcd.supabase.co/storage/v1/object/public/product-images/D50010/D50010_1.jpg | https://iwihwtpzrwyybumottcd.supabase.co/storage/v1/object/public/product-images/D50010/D50010_2.jpg | https://iwihwtpzrwyybumottcd.supabase.co/storage/v1/object/public/product-images/D50010/D50010_3.jpg
D50008,Garcia,COTON COL ROND,exact,https://iwihwtpzrwyybumottcd.supabase.co/storage/v1/object/public/product-images/D50008/D50008_1.jpg | https://iwihwtpzrwyybumottcd.supabase.co/storage/v1/object/public/product-images/D50008/D50008_2.jpg | https://iwihwtpzrwyybumottcd.supabase.co/storage/v1/object/public/product-images/D50008/D50008_3.jpg
30514809,SAINT TROPEZ,COTON COL ROND,approx,https://iwihwtpzrwyybumottcd.supabase.co/storage/v1/object/public/product-images/30514809/30514809_1.jpg | https://iwihwtpzrwyybumottcd.supabase.co/storage/v1/object/public/product-images/30514809/30514809_2.jpg
10.9451Y,M Italy (Importation Bolide),COTON COL ROND,exact,https://iwihwtpzrwyybumottcd.supabase.co/storage/v1/object/public/product-images/10.9451Y/10.9451Y_1.jpg | https://iwihwtpzrwyybumottcd.supabase.co/storage/v1/object/public/product-images/10.9451Y/10.9451Y_2.jpg | https://iwihwtpzrwyybumottcd.supabase.co/storage/v1/object/public/product-images/10.9451Y/10.9451Y_3.jpg
25SWSK033059,DESIGUAL FEMME,COTON COL ROND,approx,https://iwihwtpzrwyybumottcd.supabase.co/storage/v1/object/public/product-images/25SWSK033059/25SWSK033059_1.jpg | https://iwihwtpzrwyybumottcd.supabase.co/storage/v1/object/public/product-images/25SWSK033059/25SWSK033059_2.jpg
30514967,SAINT TROPEZ,COTON COL ROND,exact,https://iwihwtpzrwyybumottcd.supabase.co/storage/v1/object/public/product-images/30514967/30514967_1.jpg | https://iwihwtpzrwyybumottcd.supabase.co/storage/v1/object/public/product-images/30514967/30514967_2.jpg
N260261,Garcia,COTON COL ROND,exact,https://iwihwtpzrwyybumottcd.supabase.co/storage/v1/object/public/product-images/N260261/N260261_1.jpg | https://iwihwtpzrwyybumottcd.supabase.co/storage/v1/object/public/product-images/N260261/N260261_2.jpg | https://iwihwtpzrwyybumottcd.supabase.co/storage/v1/object/public/product-images/N260261/N260261_3.jpg
30514453,SAINT TROPEZ,COTON COL ROND,exact,https://iwihwtpzrwyybumottcd.supabase.co/storage/v1/object/public/product-images/30514453/30514453_1.jpg | https://iwihwtpzrwyybumottcd.supabase.co/storage/v1/object/public/product-images/30514453/30514453_2.jpg
30514234,SAINT TROPEZ,COTON COL ROND,exact,https://iwihwtpzrwyybumottcd.supabase.co/storage/v1/object/public/product-images/30514234/30514234_1.jpg | https://iwihwtpzrwyybumottcd.supabase.co/storage/v1/object/public/product-images/30514234/30514234_2.jpg | https://iwihwtpzrwyybumottcd.supabase.co/storage/v1/object/public/product-images/30514234/30514234_3.jpg
30514384,SAINT TROPEZ,COTON COL ROND,exact,https://iwihwtpzrwyybumottcd.supabase.co/storage/v1/object/public/product-images/30514384/30514384_1.jpg | https://iwihwtpzrwyybumottcd.supabase.co/storage/v1/object/public/product-images/30514384/30514384_2.jpg | https://iwihwtpzrwyybumottcd.supabase.co/storage/v1/object/public/product-images/30514384/30514384_3.jpg
2331180W,M Italy (Importation Bolide),COTON COL ROND,approx,https://iwihwtpzrwyybumottcd.supabase.co/storage/v1/object/public/product-images/2331180W/2331180W_1.jpg | https://iwihwtpzrwyybumottcd.supabase.co/storage/v1/object/public/product-images/2331180W/2331180W_2.jpg
D50007,Garcia,COTON COL ROND,exact,https://iwihwtpzrwyybumottcd.supabase.co/storage/v1/object/public/product-images/D50007/D50007_1.jpg | https://iwihwtpzrwyybumottcd.supabase.co/storage/v1/object/public/product-images/D50007/D50007_2.jpg | https://iwihwtpzrwyybumottcd.supabase.co/storage/v1/object/public/product-images/D50007/D50007_3.jpg
3143E,Lez A Lez (DDL 9190-8608 Québec Inc.),COTON COL ROND,exact,https://iwihwtpzrwyybumottcd.supabase.co/storage/v1/object/public/product-images/3143E/3143E_1.jpg | https://iwihwtpzrwyybumottcd.supabase.co/storage/v1/object/public/product-images/3143E/3143E_2.jpg
D50001,Garcia,COTON COL ROND,exact,https://iwihwtpzrwyybumottcd.supabase.co/storage/v1/object/public/product-images/D50001/D50001_1.jpg | https://iwihwtpzrwyybumottcd.supabase.co/storage/v1/object/public/product-images/D50001/D50001_2.jpg | https://iwihwtpzrwyybumottcd.supabase.co/storage/v1/object/public/product-images/D50001/D50001_3.jpg
33.5013X,M Italy (Importation Bolide),COTON COL ROND,exact,https://iwihwtpzrwyybumottcd.supabase.co/storage/v1/object/public/product-images/33.5013X/33.5013X_1.jpg | https://iwihwtpzrwyybumottcd.supabase.co/storage/v1/object/public/product-images/33.5013X/33.5013X_2.jpg | https://iwihwtpzrwyybumottcd.supabase.co/storage/v1/object/public/product-images/33.5013X/33.5013X_3.jpg
CRTRIA,CREAM DK Compagny Canada,COTON COL ROND,approx,https://iwihwtpzrwyybumottcd.supabase.co/storage/v1/object/public/product-images/CRTRIA/CRTRIA_1.jpg | https://iwihwtpzrwyybumottcd.supabase.co/storage/v1/object/public/product-images/CRTRIA/CRTRIA_2.jpg
30514808,SAINT TROPEZ,COTON COL ROND,exact,https://iwihwtpzrwyybumottcd.supabase.co/storage/v1/object/public/product-images/30514808/30514808_1.jpg | https://iwihwtpzrwyybumottcd.supabase.co/storage/v1/object/public/product-images/30514808/30514808_2.jpg | https://iwihwtpzrwyybumottcd.supabase.co/storage/v1/object/public/product-images/30514808/30514808_3.jpg
3141E,Lez A Lez (DDL 9190-8608 Québec Inc.),COTON COL ROND,exact,https://iwihwtpzrwyybumottcd.supabase.co/storage/v1/object/public/product-images/3141E/3141E_1.jpg
30514912,SAINT TROPEZ,COTON COL ROND,approx,https://iwihwtpzrwyybumottcd.supabase.co/storage/v1/object/public/product-images/30514912/30514912_1.jpg | https://iwihwtpzrwyybumottcd.supabase.co/storage/v1/object/public/product-images/30514912/30514912_2.jpg
30514913,SAINT TROPEZ,COTON COL ROND,approx,https://iwihwtpzrwyybumottcd.supabase.co/storage/v1/object/public/product-images/30514913/30514913_1.jpg | https://iwihwtpzrwyybumottcd.supabase.co/storage/v1/object/public/product-images/30514913/30514913_2.jpg
C4420401,TRAMONTANA Alphi,COTON COL ROND,exact,https://iwihwtpzrwyybumottcd.supabase.co/storage/v1/object/public/product-images/C4420401/C4420401_1.jpg
CRRIGGA,CREAM DK Compagny Canada,COTON COL ROND,approx,https://iwihwtpzrwyybumottcd.supabase.co/storage/v1/object/public/product-images/CRRIGGA/CRRIGGA_1.jpg | https://iwihwtpzrwyybumottcd.supabase.co/storage/v1/object/public/product-images/CRRIGGA/CRRIGGA_2.jpg
10604508,CREAM DK Compagny Canada,COTON COL ROND,exact,https://iwihwtpzrwyybumottcd.supabase.co/storage/v1/object/public/product-images/10604508/10604508_1.jpg | https://iwihwtpzrwyybumottcd.supabase.co/storage/v1/object/public/product-images/10604508/10604508_2.jpg | https://iwihwtpzrwyybumottcd.supabase.co/storage/v1/object/public/product-images/10604508/10604508_3.jpg | https://iwihwtpzrwyybumottcd.supabase.co/storage/v1/object/public/product-images/10604508/10604508_4.jpg
Z0016,Garcia,COTON COL V,exact,https://iwihwtpzrwyybumottcd.supabase.co/storage/v1/object/public/product-images/Z0016/Z0016_1.jpg
JUNASZVNECK,SAINT TROPEZ,COTON COL V,approx,https://iwihwtpzrwyybumottcd.supabase.co/storage/v1/object/public/product-images/JUNASZVNECK/JUNASZVNECK_1.jpg | https://iwihwtpzrwyybumottcd.supabase.co/storage/v1/object/public/product-images/JUNASZVNECK/JUNASZVNECK_2.jpg
53C.11030,COMPAGNIA FANTASTICA,COTON COL V,exact,https://iwihwtpzrwyybumottcd.supabase.co/storage/v1/object/public/product-images/53C.11030/53C.11030_1.jpg | https://iwihwtpzrwyybumottcd.supabase.co/storage/v1/object/public/product-images/53C.11030/53C.11030_2.jpg | https://iwihwtpzrwyybumottcd.supabase.co/storage/v1/object/public/product-images/53C.11030/53C.11030_3.jpg | https://iwihwtpzrwyybumottcd.supabase.co/storage/v1/object/public/product-images/53C.11030/53C.11030_4.jpg
JUNASZ,SAINT TROPEZ,COTON COL V,approx,https://iwihwtpzrwyybumottcd.supabase.co/storage/v1/object/public/product-images/JUNASZ/JUNASZ_1.jpg | https://iwihwtpzrwyybumottcd.supabase.co/storage/v1/object/public/product-images/JUNASZ/JUNASZ_2.jpg
C3317403,TRAMONTANA Alphi,COTON COL V,exact,https://iwihwtpzrwyybumottcd.supabase.co/storage/v1/object/public/product-images/C3317403/C3317403_1.jpg
25SWJF232000,DESIGUAL FEMME,COTON COL V,exact,https://iwihwtpzrwyybumottcd.supabase.co/storage/v1/object/public/product-images/25SWJF232000/25SWJF232000_1.jpg
SP2514006,ESQUALO (ALPHI),COTON COL V,exact,https://iwihwtpzrwyybumottcd.supabase.co/storage/v1/object/public/product-images/SP2514006/SP2514006_1.jpg
10614966,CREAM DK Compagny Canada,COTON COL V,exact,https://iwihwtpzrwyybumottcd.supabase.co/storage/v1/object/public/product-images/10614966/10614966_1.jpg
D50013,Garcia,COTON COL V,exact,https://iwihwtpzrwyybumottcd.supabase.co/storage/v1/object/public/product-images/D50013/D50013_1.jpg | https://iwihwtpzrwyybumottcd.supabase.co/storage/v1/object/public/product-images/D50013/D50013_2.jpg | https://iwihwtpzrwyybumottcd.supabase.co/storage/v1/object/public/product-images/D50013/D50013_3.jpg
10615232,CREAM DK Compagny Canada,COTON COL V,exact,https://iwihwtpzrwyybumottcd.supabase.co/storage/v1/object/public/product-images/10615232/10615232_1.jpg
F251486KC,MÉLISSA NEPTON INC,COTON COL V,exact,https://iwihwtpzrwyybumottcd.supabase.co/storage/v1/object/public/product-images/F251486KC/F251486KC_1.jpg | https://iwihwtpzrwyybumottcd.supabase.co/storage/v1/object/public/product-images/F251486KC/F251486KC_2.jpg | https://iwihwtpzrwyybumottcd.supabase.co/storage/v1/object/public/product-images/F251486KC/F251486KC_3.jpg
Z0021,Garcia,COTON COL V,exact,https://iwihwtpzrwyybumottcd.supabase.co/storage/v1/object/public/product-images/Z0021/Z0021_1.jpg | https://iwihwtpzrwyybumottcd.supabase.co/storage/v1/object/public/product-images/Z0021/Z0021_2.jpg | https://iwihwtpzrwyybumottcd.supabase.co/storage/v1/object/public/product-images/Z0021/Z0021_3.jpg
CRNOELLE,CREAM DK Compagny Canada,COTON EXT,approx,https://iwihwtpzrwyybumottcd.supabase.co/storage/v1/object/public/product-images/CRNOELLE/CRNOELLE_1.jpg | https://iwihwtpzrwyybumottcd.supabase.co/storage/v1/object/public/product-images/CRNOELLE/CRNOELLE_2.jpg | https://iwihwtpzrwyybumottcd.supabase.co/storage/v1/object/public/product-images/CRNOELLE/CRNOELLE_3.jpg
10614538,CREAM DK Compagny Canada,COTON EXT,approx,https://iwihwtpzrwyybumottcd.supabase.co/storage/v1/object/public/product-images/10614538/10614538_1.jpg | https://iwihwtpzrwyybumottcd.supabase.co/storage/v1/object/public/product-images/10614538/10614538_2.jpg | https://iwihwtpzrwyybumottcd.supabase.co/storage/v1/object/public/product-images/10614538/10614538_3.jpg
B50091,Garcia,COTON EXT,exact,https://iwihwtpzrwyybumottcd.supabase.co/storage/v1/object/public/product-images/B50091/B50091_1.jpg
F2512507,ESQUALO (ALPHI),COTON EXT.,exact,https://iwihwtpzrwyybumottcd.supabase.co/storage/v1/object/public/product-images/F2512507/F2512507_1.jpg | https://iwihwtpzrwyybumottcd.supabase.co/storage/v1/object/public/product-images/F2512507/F2512507_2.jpg | https://iwihwtpzrwyybumottcd.supabase.co/storage/v1/object/public/product-images/F2512507/F2512507_3.jpg
64569,UP,COTON EXT.,approx,https://iwihwtpzrwyybumottcd.supabase.co/storage/v1/object/public/product-images/64569/64569_1.jpg | https://iwihwtpzrwyybumottcd.supabase.co/storage/v1/object/public/product-images/64569/64569_2.jpg
60579,BIZOU Bijoux,COURT COTON,approx,https://iwihwtpzrwyybumottcd.supabase.co/storage/v1/object/public/product-images/60579/60579_1.jpg | https://iwihwtpzrwyybumottcd.supabase.co/storage/v1/object/public/product-images/60579/60579_2.jpg
60562,BIZOU Bijoux,COURT COTON,approx,https://iwihwtpzrwyybumottcd.supabase.co/storage/v1/object/public/product-images/60562/60562_1.jpg | https://iwihwtpzrwyybumottcd.supabase.co/storage/v1/object/public/product-images/60562/60562_2.jpg
60371,BIZOU Bijoux,COURT COTON,approx,https://iwihwtpzrwyybumottcd.supabase.co/storage/v1/object/public/product-images/60371/60371_1.jpg | https://iwihwtpzrwyybumottcd.supabase.co/storage/v1/object/public/product-images/60371/60371_2.jpg
60531,BIZOU Bijoux,COURT COTON,approx,https://iwihwtpzrwyybumottcd.supabase.co/storage/v1/object/public/product-images/60531/60531_1.jpg | https://iwihwtpzrwyybumottcd.supabase.co/storage/v1/object/public/product-images/60531/60531_2.jpg
13199,BIZOU Bijoux,COURT COTON,approx,https://iwihwtpzrwyybumottcd.supabase.co/storage/v1/object/public/product-images/13199/13199_1.jpg | https://iwihwtpzrwyybumottcd.supabase.co/storage/v1/object/public/product-images/13199/13199_2.jpg
60532,BIZOU Bijoux,COURT COTON,approx,https://iwihwtpzrwyybumottcd.supabase.co/storage/v1/object/public/product-images/60532/60532_1.jpg | https://iwihwtpzrwyybumottcd.supabase.co/storage/v1/object/public/product-images/60532/60532_2.jpg
60364,BIZOU Bijoux,COURT COTON,approx,https://iwihwtpzrwyybumottcd.supabase.co/storage/v1/object/public/product-images/60364/60364_1.jpg | https://iwihwtpzrwyybumottcd.supabase.co/storage/v1/object/public/product-images/60364/60364_2.jpg
59818,BIZOU Bijoux,COURT COTON,approx,https://iwihwtpzrwyybumottcd.supabase.co/storage/v1/object/public/product-images/59818/59818_1.jpg | https://iwihwtpzrwyybumottcd.supabase.co/storage/v1/object/public/product-images/59818/59818_2.jpg
60524,BIZOU Bijoux,COURT COTON,approx,https://iwihwtpzrwyybumottcd.supabase.co/storage/v1/object/public/product-images/60524/60524_1.jpg | https://iwihwtpzrwyybumottcd.supabase.co/storage/v1/object/public/product-images/60524/60524_2.jpg
60449,BIZOU Bijoux,COURT COTON,approx,https://iwihwtpzrwyybumottcd.supabase.co/storage/v1/object/public/product-images/60449/60449_1.jpg | https://iwihwtpzrwyybumottcd.supabase.co/storage/v1/object/public/product-images/60449/60449_2.jpg
60432,BIZOU Bijoux,COURT COTON,approx,https://iwihwtpzrwyybumottcd.supabase.co/storage/v1/object/public/product-images/60432/60432_1.jpg | https://iwihwtpzrwyybumottcd.supabase.co/storage/v1/object/public/product-images/60432/60432_2.jpg
60555,BIZOU Bijoux,COURT COTON,approx,https://iwihwtpzrwyybumottcd.supabase.co/storage/v1/object/public/product-images/60555/60555_1.jpg | https://iwihwtpzrwyybumottcd.supabase.co/storage/v1/object/public/product-images/60555/60555_2.jpg
60395,BIZOU Bijoux,COURT COTON,approx,https://iwihwtpzrwyybumottcd.supabase.co/storage/v1/object/public/product-images/60395/60395_1.jpg | https://iwihwtpzrwyybumottcd.supabase.co/storage/v1/object/public/product-images/60395/60395_2.jpg
WENDY,SOIA & kyo,CUIR,approx,https://iwihwtpzrwyybumottcd.supabase.co/storage/v1/object/public/product-images/WENDY/WENDY_1.jpg | https://iwihwtpzrwyybumottcd.supabase.co/storage/v1/object/public/product-images/WENDY/WENDY_2.jpg | https://iwihwtpzrwyybumottcd.supabase.co/storage/v1/object/public/product-images/WENDY/WENDY_3.jpg
F255313VL,MÉLISSA NEPTON INC,CUIR,exact,https://iwihwtpzrwyybumottcd.supabase.co/storage/v1/object/public/product-images/F255313VL/F255313VL_1.jpg | https://iwihwtpzrwyybumottcd.supabase.co/storage/v1/object/public/product-images/F255313VL/F255313VL_2.jpg
F255367VL,MÉLISSA NEPTON INC,CUIR,approx,https://iwihwtpzrwyybumottcd.supabase.co/storage/v1/object/public/product-images/F255367VL/F255367VL_1.jpg | https://iwihwtpzrwyybumottcd.supabase.co/storage/v1/object/public/product-images/F255367VL/F255367VL_2.jpg | https://iwihwtpzrwyybumottcd.supabase.co/storage/v1/object/public/product-images/F255367VL/F255367VL_3.jpg
HARUKA,MÉLISSA NEPTON INC,DÉBARDEUR,exact,https://iwihwtpzrwyybumottcd.supabase.co/storage/v1/object/public/product-images/HARUKA/HARUKA_1.jpg | https://iwihwtpzrwyybumottcd.supabase.co/storage/v1/object/public/product-images/HARUKA/HARUKA_2.jpg
10614926,CREAM DK Compagny Canada,DÉBARDEUR,exact,https://iwihwtpzrwyybumottcd.supabase.co/storage/v1/object/public/product-images/10614926/10614926_1.jpg | https://iwihwtpzrwyybumottcd.supabase.co/storage/v1/object/public/product-images/10614926/10614926_2.jpg | https://iwihwtpzrwyybumottcd.supabase.co/storage/v1/object/public/product-images/10614926/10614926_3.jpg
10609134,CREAM DK Compagny Canada,DÉBARDEUR,exact,https://iwihwtpzrwyybumottcd.supabase.co/storage/v1/object/public/product-images/10609134/10609134_1.jpg | https://iwihwtpzrwyybumottcd.supabase.co/storage/v1/object/public/product-images/10609134/10609134_2.jpg | https://iwihwtpzrwyybumottcd.supabase.co/storage/v1/object/public/product-images/10609134/10609134_3.jpg | https://iwihwtpzrwyybumottcd.supabase.co/storage/v1/object/public/product-images/10609134/10609134_4.jpg
G50221,Garcia,DÉBARDEUR,exact,https://iwihwtpzrwyybumottcd.supabase.co/storage/v1/object/public/product-images/G50221/G50221_1.jpg | https://iwihwtpzrwyybumottcd.supabase.co/storage/v1/object/public/product-images/G50221/G50221_2.jpg | https://iwihwtpzrwyybumottcd.supabase.co/storage/v1/object/public/product-images/G50221/G50221_3.jpg
I50248,Garcia,DÉBARDEUR,exact,https://iwihwtpzrwyybumottcd.supabase.co/storage/v1/object/public/product-images/I50248/I50248_1.jpg | https://iwihwtpzrwyybumottcd.supabase.co/storage/v1/object/public/product-images/I50248/I50248_2.jpg | https://iwihwtpzrwyybumottcd.supabase.co/storage/v1/object/public/product-images/I50248/I50248_3.jpg
51C10341,COMPAGNIA FANTASTICA,DÉBARDEUR POLYESTERE,exact,https://iwihwtpzrwyybumottcd.supabase.co/storage/v1/object/public/product-images/51C10341/51C10341_1.jpg | https://iwihwtpzrwyybumottcd.supabase.co/storage/v1/object/public/product-images/51C10341/51C10341_2.jpg | https://iwihwtpzrwyybumottcd.supabase.co/storage/v1/object/public/product-images/51C10341/51C10341_3.jpg | https://iwihwtpzrwyybumottcd.supabase.co/storage/v1/object/public/product-images/51C10341/51C10341_4.jpg
51C10311,COMPAGNIA FANTASTICA,DÉBARDEUR POLYESTERE,exact,https://iwihwtpzrwyybumottcd.supabase.co/storage/v1/object/public/product-images/51C10311/51C10311_1.jpg | https://iwihwtpzrwyybumottcd.supabase.co/storage/v1/object/public/product-images/51C10311/51C10311_2.jpg | https://iwihwtpzrwyybumottcd.supabase.co/storage/v1/object/public/product-images/51C10311/51C10311_3.jpg | https://iwihwtpzrwyybumottcd.supabase.co/storage/v1/object/public/product-images/51C10311/51C10311_4.jpg
LM9335RD,LIVERPOOL CANADA,DENIM,exact,https://iwihwtpzrwyybumottcd.supabase.co/storage/v1/object/public/product-images/LM9335RD/LM9335RD_1.jpg
2150701000,LOIS ( FEMME),DENIM,exact,https://iwihwtpzrwyybumottcd.supabase.co/storage/v1/object/public/product-images/2150701000/2150701000_1.jpg | https://iwihwtpzrwyybumottcd.supabase.co/storage/v1/object/public/product-images/2150701000/2150701000_2.jpg | https://iwihwtpzrwyybumottcd.supabase.co/storage/v1/object/public/product-images/2150701000/2150701000_3.jpg | https://iwihwtpzrwyybumottcd.supabase.co/storage/v1/object/public/product-images/2150701000/2150701000_4.jpg
P260346,Garcia,DENIM,exact,https://iwihwtpzrwyybumottcd.supabase.co/storage/v1/object/public/product-images/P260346/P260346_1.jpg | https://iwihwtpzrwyybumottcd.supabase.co/storage/v1/object/public/product-images/P260346/P260346_2.jpg | https://iwihwtpzrwyybumottcd.supabase.co/storage/v1/object/public/product-images/P260346/P260346_3.jpg | https://iwihwtpzrwyybumottcd.supabase.co/storage/v1/object/public/product-images/P260346/P260346_4.jpg
2909681800,LOIS ( FEMME),DROIT COTON,exact,https://iwihwtpzrwyybumottcd.supabase.co/storage/v1/object/public/product-images/2909681800/2909681800_1.jpg | https://iwihwtpzrwyybumottcd.supabase.co/storage/v1/object/public/product-images/2909681800/2909681800_2.jpg | https://iwihwtpzrwyybumottcd.supabase.co/storage/v1/object/public/product-images/2909681800/2909681800_3.jpg | https://iwihwtpzrwyybumottcd.supabase.co/storage/v1/object/public/product-images/2909681800/2909681800_4.jpg
C50321,Garcia,DROITE COTON,exact,https://iwihwtpzrwyybumottcd.supabase.co/storage/v1/object/public/product-images/C50321/C50321_1.jpg | https://iwihwtpzrwyybumottcd.supabase.co/storage/v1/object/public/product-images/C50321/C50321_2.jpg | https://iwihwtpzrwyybumottcd.supabase.co/storage/v1/object/public/product-images/C50321/C50321_3.jpg
F0115201,TRAMONTANA Alphi,DROITE COTON,approx,https://iwihwtpzrwyybumottcd.supabase.co/storage/v1/object/public/product-images/F0115201/F0115201_1.jpg | https://iwihwtpzrwyybumottcd.supabase.co/storage/v1/object/public/product-images/F0115201/F0115201_2.jpg
H50122,Garcia,DROITE COTON,exact,https://iwihwtpzrwyybumottcd.supabase.co/storage/v1/object/public/product-images/H50122/H50122_1.jpg | https://iwihwtpzrwyybumottcd.supabase.co/storage/v1/object/public/product-images/H50122/H50122_2.jpg | https://iwihwtpzrwyybumottcd.supabase.co/storage/v1/object/public/product-images/H50122/H50122_3.jpg
PRS15WHITE,CARRELI JEANS,DROITE COTON,approx,https://iwihwtpzrwyybumottcd.supabase.co/storage/v1/object/public/product-images/PRS15WHITE/PRS15WHITE_1.jpg | https://iwihwtpzrwyybumottcd.supabase.co/storage/v1/object/public/product-images/PRS15WHITE/PRS15WHITE_2.jpg
SP2512001,ESQUALO (ALPHI),DROITE COTON,exact,https://iwihwtpzrwyybumottcd.supabase.co/storage/v1/object/public/product-images/SP2512001/SP2512001_1.jpg
G50325,Garcia,DROITE COTON,exact,https://iwihwtpzrwyybumottcd.supabase.co/storage/v1/object/public/product-images/G50325/G50325_1.jpg | https://iwihwtpzrwyybumottcd.supabase.co/storage/v1/object/public/product-images/G50325/G50325_2.jpg | https://iwihwtpzrwyybumottcd.supabase.co/storage/v1/object/public/product-images/G50325/G50325_3.jpg
10615182,CREAM DK Compagny Canada,DROITE POLY / NYLON,exact,https://iwihwtpzrwyybumottcd.supabase.co/storage/v1/object/public/product-images/10615182/10615182_1.jpg | https://iwihwtpzrwyybumottcd.supabase.co/storage/v1/object/public/product-images/10615182/10615182_2.jpg | https://iwihwtpzrwyybumottcd.supabase.co/storage/v1/object/public/product-images/10615182/10615182_3.jpg
F258233VL,MÉLISSA NEPTON INC,DROITE POLYURE,exact,https://iwihwtpzrwyybumottcd.supabase.co/storage/v1/object/public/product-images/F258233VL/F258233VL_1.jpg | https://iwihwtpzrwyybumottcd.supabase.co/storage/v1/object/public/product-images/F258233VL/F258233VL_2.jpg
F258234VL,MÉLISSA NEPTON INC,DROITE POLYURE,exact,https://iwihwtpzrwyybumottcd.supabase.co/storage/v1/object/public/product-images/F258234VL/F258234VL_1.jpg | https://iwihwtpzrwyybumottcd.supabase.co/storage/v1/object/public/product-images/F258234VL/F258234VL_2.jpg
C4515201,TRAMONTANA Alphi,DROITE POLYVISCOSE,exact,https://iwihwtpzrwyybumottcd.supabase.co/storage/v1/object/public/product-images/C4515201/C4515201_1.jpg
30514709,SAINT TROPEZ,DROITE POLYVISCOSE,approx,https://iwihwtpzrwyybumottcd.supabase.co/storage/v1/object/public/product-images/30514709/30514709_1.jpg | https://iwihwtpzrwyybumottcd.supabase.co/storage/v1/object/public/product-images/30514709/30514709_2.jpg
527004,TYLER MADISON,DROITE POLYVISCOSE,exact,https://iwihwtpzrwyybumottcd.supabase.co/storage/v1/object/public/product-images/527004/527004_1.jpg | https://iwihwtpzrwyybumottcd.supabase.co/storage/v1/object/public/product-images/527004/527004_2.jpg | https://iwihwtpzrwyybumottcd.supabase.co/storage/v1/object/public/product-images/527004/527004_3.jpg
SP2510035,ESQUALO (ALPHI),DROITE POLYVISCOSE,approx,https://iwihwtpzrwyybumottcd.supabase.co/storage/v1/object/public/product-images/SP2510035/SP2510035_1.jpg | https://iwihwtpzrwyybumottcd.supabase.co/storage/v1/object/public/product-images/SP2510035/SP2510035_2.jpg
SP2605004,ESQUALO (ALPHI),DROITE POLYVISCOSE,exact,https://iwihwtpzrwyybumottcd.supabase.co/storage/v1/object/public/product-images/SP2605004/SP2605004_1.jpg | https://iwihwtpzrwyybumottcd.supabase.co/storage/v1/object/public/product-images/SP2605004/SP2605004_2.jpg
D50121,Garcia,DROITE POLYVISCOSE,exact,https://iwihwtpzrwyybumottcd.supabase.co/storage/v1/object/public/product-images/D50121/D50121_1.jpg | https://iwihwtpzrwyybumottcd.supabase.co/storage/v1/object/public/product-images/D50121/D50121_2.jpg | https://iwihwtpzrwyybumottcd.supabase.co/storage/v1/object/public/product-images/D50121/D50121_3.jpg
18.6656H,ASTRID (IMPORTATION BOLIDE),DROITE POLYVISCOSE,approx,https://iwihwtpzrwyybumottcd.supabase.co/storage/v1/object/public/product-images/18.6656H/18.6656H_1.jpg | https://iwihwtpzrwyybumottcd.supabase.co/storage/v1/object/public/product-images/18.6656H/18.6656H_2.jpg
18.RS012X,M Italy (Importation Bolide),DROITE RAYONNE,exact,https://iwihwtpzrwyybumottcd.supabase.co/storage/v1/object/public/product-images/18.RS012X/18.RS012X_1.jpg | https://iwihwtpzrwyybumottcd.supabase.co/storage/v1/object/public/product-images/18.RS012X/18.RS012X_2.jpg
I50323,Garcia,DROITE VISCOSE,exact,https://iwihwtpzrwyybumottcd.supabase.co/storage/v1/object/public/product-images/I50323/I50323_1.jpg | https://iwihwtpzrwyybumottcd.supabase.co/storage/v1/object/public/product-images/I50323/I50323_2.jpg | https://iwihwtpzrwyybumottcd.supabase.co/storage/v1/object/public/product-images/I50323/I50323_3.jpg
ARTSOIE9,ARTSOIE/KOSHUAN INC. (MOD ATOUT),ENSEMBLE BIJOUX,approx,https://iwihwtpzrwyybumottcd.supabase.co/storage/v1/object/public/product-images/ARTSOIE9/ARTSOIE9_1.jpg | https://iwihwtpzrwyybumottcd.supabase.co/storage/v1/object/public/product-images/ARTSOIE9/ARTSOIE9_2.jpg
ARTSOIE17,ARTSOIE/KOSHUAN INC. (MOD ATOUT),ENSEMBLE BIJOUX,approx,https://iwihwtpzrwyybumottcd.supabase.co/storage/v1/object/public/product-images/ARTSOIE17/ARTSOIE17_1.jpg | https://iwihwtpzrwyybumottcd.supabase.co/storage/v1/object/public/product-images/ARTSOIE17/ARTSOIE17_2.jpg
ARTSOIE15,ARTSOIE/KOSHUAN INC. (MOD ATOUT),ENSEMBLE BIJOUX,approx,https://iwihwtpzrwyybumottcd.supabase.co/storage/v1/object/public/product-images/ARTSOIE15/ARTSOIE15_1.jpg | https://iwihwtpzrwyybumottcd.supabase.co/storage/v1/object/public/product-images/ARTSOIE15/ARTSOIE15_2.jpg
QUARTZROSE,PVH LEGWEAR CANADA,ENSEMBLE BIJOUX,approx,https://iwihwtpzrwyybumottcd.supabase.co/storage/v1/object/public/product-images/QUARTZROSE/QUARTZROSE_1.jpg | https://iwihwtpzrwyybumottcd.supabase.co/storage/v1/object/public/product-images/QUARTZROSE/QUARTZROSE_2.jpg
DUBEAU10,STEPHANIE DUBEAU(BIJOUX),ENSEMBLE BIJOUX,approx,https://iwihwtpzrwyybumottcd.supabase.co/storage/v1/object/public/product-images/DUBEAU10/DUBEAU10_1.jpg | https://iwihwtpzrwyybumottcd.supabase.co/storage/v1/object/public/product-images/DUBEAU10/DUBEAU10_2.jpg
DUBEAU20,STEPHANIE DUBEAU(BIJOUX),ENSEMBLE BIJOUX,exact,https://iwihwtpzrwyybumottcd.supabase.co/storage/v1/object/public/product-images/DUBEAU20/DUBEAU20_1.jpg
ARTSOIE21,ARTSOIE/KOSHUAN INC. (MOD ATOUT),ENSEMBLE BIJOUX,approx,https://iwihwtpzrwyybumottcd.supabase.co/storage/v1/object/public/product-images/ARTSOIE21/ARTSOIE21_1.jpg | https://iwihwtpzrwyybumottcd.supabase.co/storage/v1/object/public/product-images/ARTSOIE21/ARTSOIE21_2.jpg
PERLES,PVH LEGWEAR CANADA,ENSEMBLE BIJOUX,exact,https://iwihwtpzrwyybumottcd.supabase.co/storage/v1/object/public/product-images/PERLES/PERLES_1.jpg | https://iwihwtpzrwyybumottcd.supabase.co/storage/v1/object/public/product-images/PERLES/PERLES_2.jpg | https://iwihwtpzrwyybumottcd.supabase.co/storage/v1/object/public/product-images/PERLES/PERLES_3.jpg
ARTSOIE20,ARTSOIE/KOSHUAN INC. (MOD ATOUT),ENSEMBLE BIJOUX,approx,https://iwihwtpzrwyybumottcd.supabase.co/storage/v1/object/public/product-images/ARTSOIE20/ARTSOIE20_1.jpg | https://iwihwtpzrwyybumottcd.supabase.co/storage/v1/object/public/product-images/ARTSOIE20/ARTSOIE20_2.jpg
ONYXNOIR,PVH LEGWEAR CANADA,ENSEMBLE BIJOUX,approx,https://iwihwtpzrwyybumottcd.supabase.co/storage/v1/object/public/product-images/ONYXNOIR/ONYXNOIR_1.jpg | https://iwihwtpzrwyybumottcd.supabase.co/storage/v1/object/public/product-images/ONYXNOIR/ONYXNOIR_2.jpg
ARTSOIES18,ARTSOIE/KOSHUAN INC. (MOD ATOUT),ENSEMBLE BIJOUX,approx,https://iwihwtpzrwyybumottcd.supabase.co/storage/v1/object/public/product-images/ARTSOIES18/ARTSOIES18_1.jpg | https://iwihwtpzrwyybumottcd.supabase.co/storage/v1/object/public/product-images/ARTSOIES18/ARTSOIES18_2.jpg
ARTSOIES14,ARTSOIE/KOSHUAN INC. (MOD ATOUT),ENSEMBLE BIJOUX,approx,https://iwihwtpzrwyybumottcd.supabase.co/storage/v1/object/public/product-images/ARTSOIES14/ARTSOIES14_1.jpg | https://iwihwtpzrwyybumottcd.supabase.co/storage/v1/object/public/product-images/ARTSOIES14/ARTSOIES14_2.jpg
ARTSOIE22,ARTSOIE/KOSHUAN INC. (MOD ATOUT),ENSEMBLE BIJOUX,approx,https://iwihwtpzrwyybumottcd.supabase.co/storage/v1/object/public/product-images/ARTSOIE22/ARTSOIE22_1.jpg | https://iwihwtpzrwyybumottcd.supabase.co/storage/v1/object/public/product-images/ARTSOIE22/ARTSOIE22_2.jpg
60791,BIZOU Bijoux,ÉTUI LUNETTE,approx,https://iwihwtpzrwyybumottcd.supabase.co/storage/v1/object/public/product-images/60791/60791_1.jpg | https://iwihwtpzrwyybumottcd.supabase.co/storage/v1/object/public/product-images/60791/60791_2.jpg
183108W,M Italy (Importation Bolide),ÉVASÉE COTON,approx,https://iwihwtpzrwyybumottcd.supabase.co/storage/v1/object/public/product-images/183108W/183108W_1.jpg | https://iwihwtpzrwyybumottcd.supabase.co/storage/v1/object/public/product-images/183108W/183108W_2.jpg | https://iwihwtpzrwyybumottcd.supabase.co/storage/v1/object/public/product-images/183108W/183108W_3.jpg
X168866,APRICOT COLLECTIONS,ÉVASÉE POLY / NYLON,approx,https://iwihwtpzrwyybumottcd.supabase.co/storage/v1/object/public/product-images/X168866/X168866_1.jpg | https://iwihwtpzrwyybumottcd.supabase.co/storage/v1/object/public/product-images/X168866/X168866_2.jpg | https://iwihwtpzrwyybumottcd.supabase.co/storage/v1/object/public/product-images/X168866/X168866_3.jpg
30514434,SAINT TROPEZ,ÉVASÉE POLY / NYLON,exact,https://iwihwtpzrwyybumottcd.supabase.co/storage/v1/object/public/product-images/30514434/30514434_1.jpg | https://iwihwtpzrwyybumottcd.supabase.co/storage/v1/object/public/product-images/30514434/30514434_2.jpg | https://iwihwtpzrwyybumottcd.supabase.co/storage/v1/object/public/product-images/30514434/30514434_3.jpg
10614242,CREAM DK Compagny Canada,ÉVASÉE POLYESTER,exact,https://iwihwtpzrwyybumottcd.supabase.co/storage/v1/object/public/product-images/10614242/10614242_1.jpg
CRETA,CREAM DK Compagny Canada,ÉVASÉE POLYESTER,approx,https://iwihwtpzrwyybumottcd.supabase.co/storage/v1/object/public/product-images/CRETA/CRETA_1.jpg | https://iwihwtpzrwyybumottcd.supabase.co/storage/v1/object/public/product-images/CRETA/CRETA_2.jpg
CRLUNNA,CREAM DK Compagny Canada,ÉVASÉE POLYESTER,approx,https://iwihwtpzrwyybumottcd.supabase.co/storage/v1/object/public/product-images/CRLUNNA/CRLUNNA_1.jpg | https://iwihwtpzrwyybumottcd.supabase.co/storage/v1/object/public/product-images/CRLUNNA/CRLUNNA_2.jpg
F2528500,ESQUALO (ALPHI),ÉVASÉE POLYVISCOSE,exact,https://iwihwtpzrwyybumottcd.supabase.co/storage/v1/object/public/product-images/F2528500/F2528500_1.jpg
30510620,SAINT TROPEZ,ÉVASÉE POLYVISCOSE,exact,https://iwihwtpzrwyybumottcd.supabase.co/storage/v1/object/public/product-images/30510620/30510620_1.jpg | https://iwihwtpzrwyybumottcd.supabase.co/storage/v1/object/public/product-images/30510620/30510620_2.jpg | https://iwihwtpzrwyybumottcd.supabase.co/storage/v1/object/public/product-images/30510620/30510620_3.jpg
30515242,SAINT TROPEZ,ÉVASÉE POLYVISCOSE,exact,https://iwihwtpzrwyybumottcd.supabase.co/storage/v1/object/public/product-images/30515242/30515242_1.jpg | https://iwihwtpzrwyybumottcd.supabase.co/storage/v1/object/public/product-images/30515242/30515242_2.jpg
18.215X,M Italy (Importation Bolide),ÉVASÉE POLYVISCOSE,approx,https://iwihwtpzrwyybumottcd.supabase.co/storage/v1/object/public/product-images/18.215X/18.215X_1.jpg | https://iwihwtpzrwyybumottcd.supabase.co/storage/v1/object/public/product-images/18.215X/18.215X_2.jpg | https://iwihwtpzrwyybumottcd.supabase.co/storage/v1/object/public/product-images/18.215X/18.215X_3.jpg
30514352,SAINT TROPEZ,ÉVASÉE SATIN,exact,https://iwihwtpzrwyybumottcd.supabase.co/storage/v1/object/public/product-images/30514352/30514352_1.jpg | https://iwihwtpzrwyybumottcd.supabase.co/storage/v1/object/public/product-images/30514352/30514352_2.jpg | https://iwihwtpzrwyybumottcd.supabase.co/storage/v1/object/public/product-images/30514352/30514352_3.jpg
H50120,Garcia,ÉVASÉE VISCOSE,exact,https://iwihwtpzrwyybumottcd.supabase.co/storage/v1/object/public/product-images/H50120/H50120_1.jpg
C3315201,TRAMONTANA Alphi,ÉVASÉE VISCOSE,exact,https://iwihwtpzrwyybumottcd.supabase.co/storage/v1/object/public/product-images/C3315201/C3315201_1.jpg
10614131,CREAM DK Compagny Canada,ÉVASÉE VISCOSE,exact,https://iwihwtpzrwyybumottcd.supabase.co/storage/v1/object/public/product-images/10614131/10614131_1.jpg | https://iwihwtpzrwyybumottcd.supabase.co/storage/v1/object/public/product-images/10614131/10614131_2.jpg | https://iwihwtpzrwyybumottcd.supabase.co/storage/v1/object/public/product-images/10614131/10614131_3.jpg
65468,UP,EXTENSIBLE,approx,https://iwihwtpzrwyybumottcd.supabase.co/storage/v1/object/public/product-images/65468/65468_1.jpg | https://iwihwtpzrwyybumottcd.supabase.co/storage/v1/object/public/product-images/65468/65468_2.jpg
SCB051A5,DIFFUSION DREUXX INC. (AXELLE),FOULARD,approx,https://iwihwtpzrwyybumottcd.supabase.co/storage/v1/object/public/product-images/SCB051A5/SCB051A5_1.jpg | https://iwihwtpzrwyybumottcd.supabase.co/storage/v1/object/public/product-images/SCB051A5/SCB051A5_2.jpg
ART19.50,ARTSOIE/KOSHUAN INC. (MOD ATOUT),FOULARD ACRYLIQUE,exact,https://iwihwtpzrwyybumottcd.supabase.co/storage/v1/object/public/product-images/ART19.50/ART19.50_1.jpg | https://iwihwtpzrwyybumottcd.supabase.co/storage/v1/object/public/product-images/ART19.50/ART19.50_2.jpg
L462015,ARTSOIE/KOSHUAN INC. (MOD ATOUT),FOULARD ACRYLIQUE,approx,https://iwihwtpzrwyybumottcd.supabase.co/storage/v1/object/public/product-images/L462015/L462015_1.jpg | https://iwihwtpzrwyybumottcd.supabase.co/storage/v1/object/public/product-images/L462015/L462015_2.jpg
4220,MISS CAPRICE,FOULARD CASHMERE,exact,https://iwihwtpzrwyybumottcd.supabase.co/storage/v1/object/public/product-images/4220/4220_1.jpg
4222,MISS CAPRICE,FOULARD CASHMERE,approx,https://iwihwtpzrwyybumottcd.supabase.co/storage/v1/object/public/product-images/4222/4222_1.jpg | https://iwihwtpzrwyybumottcd.supabase.co/storage/v1/object/public/product-images/4222/4222_2.jpg | https://iwihwtpzrwyybumottcd.supabase.co/storage/v1/object/public/product-images/4222/4222_3.jpg
SK944,FURLUX,FOULARD LAINE,exact,https://iwihwtpzrwyybumottcd.supabase.co/storage/v1/object/public/product-images/SK944/SK944_1.jpg | https://iwihwtpzrwyybumottcd.supabase.co/storage/v1/object/public/product-images/SK944/SK944_2.jpg
SK2448,FURLUX,FOULARD LAINE,exact,https://iwihwtpzrwyybumottcd.supabase.co/storage/v1/object/public/product-images/SK2448/SK2448_1.jpg | https://iwihwtpzrwyybumottcd.supabase.co/storage/v1/object/public/product-images/SK2448/SK2448_2.jpg | https://iwihwtpzrwyybumottcd.supabase.co/storage/v1/object/public/product-images/SK2448/SK2448_3.jpg
SK2498,FURLUX,FOULARD LAINE,exact,https://iwihwtpzrwyybumottcd.supabase.co/storage/v1/object/public/product-images/SK2498/SK2498_1.jpg
SK460,FURLUX,FOULARD LAINE,exact,https://iwihwtpzrwyybumottcd.supabase.co/storage/v1/object/public/product-images/SK460/SK460_1.jpg | https://iwihwtpzrwyybumottcd.supabase.co/storage/v1/object/public/product-images/SK460/SK460_2.jpg | https://iwihwtpzrwyybumottcd.supabase.co/storage/v1/object/public/product-images/SK460/SK460_3.jpg | https://iwihwtpzrwyybumottcd.supabase.co/storage/v1/object/public/product-images/SK460/SK460_4.jpg
B15300,ARTSOIE/KOSHUAN INC. (MOD ATOUT),FOULARD LAINE,approx,https://iwihwtpzrwyybumottcd.supabase.co/storage/v1/object/public/product-images/B15300/B15300_1.jpg | https://iwihwtpzrwyybumottcd.supabase.co/storage/v1/object/public/product-images/B15300/B15300_2.jpg
SSC,ARTSOIE/KOSHUAN INC. (MOD ATOUT),FOULARD LAINE,approx,https://iwihwtpzrwyybumottcd.supabase.co/storage/v1/object/public/product-images/SSC/SSC_1.jpg | https://iwihwtpzrwyybumottcd.supabase.co/storage/v1/object/public/product-images/SSC/SSC_2.jpg
SK8135,FURLUX,FOULARD LAINE,exact,https://iwihwtpzrwyybumottcd.supabase.co/storage/v1/object/public/product-images/SK8135/SK8135_1.jpg | https://iwihwtpzrwyybumottcd.supabase.co/storage/v1/object/public/product-images/SK8135/SK8135_2.jpg | https://iwihwtpzrwyybumottcd.supabase.co/storage/v1/object/public/product-images/SK8135/SK8135_3.jpg | https://iwihwtpzrwyybumottcd.supabase.co/storage/v1/object/public/product-images/SK8135/SK8135_4.jpg
ARTFOUL12,ARTSOIE/KOSHUAN INC. (MOD ATOUT),FOULARD POLYESTER,approx,https://iwihwtpzrwyybumottcd.supabase.co/storage/v1/object/public/product-images/ARTFOUL12/ARTFOUL12_1.jpg | https://iwihwtpzrwyybumottcd.supabase.co/storage/v1/object/public/product-images/ARTFOUL12/ARTFOUL12_2.jpg
H50136,Garcia,FOULARD POLYESTER,exact,https://iwihwtpzrwyybumottcd.supabase.co/storage/v1/object/public/product-images/H50136/H50136_1.jpg
4203,MISS CAPRICE,FOULARD POLYESTER,exact,https://iwihwtpzrwyybumottcd.supabase.co/storage/v1/object/public/product-images/4203/4203_1.jpg
461,MISS CAPRICE,FOULARD POLYESTER,approx,https://iwihwtpzrwyybumottcd.supabase.co/storage/v1/object/public/product-images/461/461_1.jpg | https://iwihwtpzrwyybumottcd.supabase.co/storage/v1/object/public/product-images/461/461_2.jpg | https://iwihwtpzrwyybumottcd.supabase.co/storage/v1/object/public/product-images/461/461_3.jpg
4200,MISS CAPRICE,FOULARD POLYESTER,exact,https://iwihwtpzrwyybumottcd.supabase.co/storage/v1/object/public/product-images/4200/4200_1.jpg
4224,MISS CAPRICE,FOULARD POLYESTER,approx,https://iwihwtpzrwyybumottcd.supabase.co/storage/v1/object/public/product-images/4224/4224_1.jpg | https://iwihwtpzrwyybumottcd.supabase.co/storage/v1/object/public/product-images/4224/4224_2.jpg | https://iwihwtpzrwyybumottcd.supabase.co/storage/v1/object/public/product-images/4224/4224_3.jpg
4208,MISS CAPRICE,FOULARD POLYESTER,approx,https://iwihwtpzrwyybumottcd.supabase.co/storage/v1/object/public/product-images/4208/4208_1.jpg | https://iwihwtpzrwyybumottcd.supabase.co/storage/v1/object/public/product-images/4208/4208_2.jpg | https://iwihwtpzrwyybumottcd.supabase.co/storage/v1/object/public/product-images/4208/4208_3.jpg
4201,MISS CAPRICE,FOULARD POLYESTER,approx,https://iwihwtpzrwyybumottcd.supabase.co/storage/v1/object/public/product-images/4201/4201_1.jpg | https://iwihwtpzrwyybumottcd.supabase.co/storage/v1/object/public/product-images/4201/4201_2.jpg | https://iwihwtpzrwyybumottcd.supabase.co/storage/v1/object/public/product-images/4201/4201_3.jpg
4211,MISS CAPRICE,FOULARD POLYESTER,exact,https://iwihwtpzrwyybumottcd.supabase.co/storage/v1/object/public/product-images/4211/4211_1.jpg
405,MISS CAPRICE,FOULARD POLYESTER,approx,https://iwihwtpzrwyybumottcd.supabase.co/storage/v1/object/public/product-images/405/405_1.jpg | https://iwihwtpzrwyybumottcd.supabase.co/storage/v1/object/public/product-images/405/405_2.jpg | https://iwihwtpzrwyybumottcd.supabase.co/storage/v1/object/public/product-images/405/405_3.jpg
4046,MISS CAPRICE,FOULARD POLYESTER,approx,https://iwihwtpzrwyybumottcd.supabase.co/storage/v1/object/public/product-images/4046/4046_1.jpg | https://iwihwtpzrwyybumottcd.supabase.co/storage/v1/object/public/product-images/4046/4046_2.jpg | https://iwihwtpzrwyybumottcd.supabase.co/storage/v1/object/public/product-images/4046/4046_3.jpg
ARTFOUL14,ARTSOIE/KOSHUAN INC. (MOD ATOUT),FOULARD POLYESTER,approx,https://iwihwtpzrwyybumottcd.supabase.co/storage/v1/object/public/product-images/ARTFOUL14/ARTFOUL14_1.jpg | https://iwihwtpzrwyybumottcd.supabase.co/storage/v1/object/public/product-images/ARTFOUL14/ARTFOUL14_2.jpg
ART20,ARTSOIE/KOSHUAN INC. (MOD ATOUT),FOULARD POLYESTER,exact,https://iwihwtpzrwyybumottcd.supabase.co/storage/v1/object/public/product-images/ART20/ART20_1.jpg | https://iwihwtpzrwyybumottcd.supabase.co/storage/v1/object/public/product-images/ART20/ART20_2.jpg
6027,STEPHANIE DUBEAU(BIJOUX),FOULARD SOIE,approx,https://iwihwtpzrwyybumottcd.supabase.co/storage/v1/object/public/product-images/6027/6027_1.jpg | https://iwihwtpzrwyybumottcd.supabase.co/storage/v1/object/public/product-images/6027/6027_2.jpg
30514903,SAINT TROPEZ,FOULARD VISCOSE EXT,exact,https://iwihwtpzrwyybumottcd.supabase.co/storage/v1/object/public/product-images/30514903/30514903_1.jpg | https://iwihwtpzrwyybumottcd.supabase.co/storage/v1/object/public/product-images/30514903/30514903_2.jpg | https://iwihwtpzrwyybumottcd.supabase.co/storage/v1/object/public/product-images/30514903/30514903_3.jpg
2267,MISS CAPRICE,FOULARD VISCOSE EXT,approx,https://iwihwtpzrwyybumottcd.supabase.co/storage/v1/object/public/product-images/2267/2267_1.jpg | https://iwihwtpzrwyybumottcd.supabase.co/storage/v1/object/public/product-images/2267/2267_2.jpg | https://iwihwtpzrwyybumottcd.supabase.co/storage/v1/object/public/product-images/2267/2267_3.jpg
A798,MISS CAPRICE,GANTS,approx,https://iwihwtpzrwyybumottcd.supabase.co/storage/v1/object/public/product-images/A798/A798_1.jpg | https://iwihwtpzrwyybumottcd.supabase.co/storage/v1/object/public/product-images/A798/A798_2.jpg | https://iwihwtpzrwyybumottcd.supabase.co/storage/v1/object/public/product-images/A798/A798_3.jpg
765,MISS CAPRICE,GANTS,approx,https://iwihwtpzrwyybumottcd.supabase.co/storage/v1/object/public/product-images/765/765_1.jpg | https://iwihwtpzrwyybumottcd.supabase.co/storage/v1/object/public/product-images/765/765_2.jpg | https://iwihwtpzrwyybumottcd.supabase.co/storage/v1/object/public/product-images/765/765_3.jpg
721,MISS CAPRICE,GANTS,approx,https://iwihwtpzrwyybumottcd.supabase.co/storage/v1/object/public/product-images/721/721_1.jpg | https://iwihwtpzrwyybumottcd.supabase.co/storage/v1/object/public/product-images/721/721_2.jpg | https://iwihwtpzrwyybumottcd.supabase.co/storage/v1/object/public/product-images/721/721_3.jpg
723,MISS CAPRICE,GANTS,approx,https://iwihwtpzrwyybumottcd.supabase.co/storage/v1/object/public/product-images/723/723_1.jpg | https://iwihwtpzrwyybumottcd.supabase.co/storage/v1/object/public/product-images/723/723_2.jpg | https://iwihwtpzrwyybumottcd.supabase.co/storage/v1/object/public/product-images/723/723_3.jpg
A702,MISS CAPRICE,GANTS,approx,https://iwihwtpzrwyybumottcd.supabase.co/storage/v1/object/public/product-images/A702/A702_1.jpg | https://iwihwtpzrwyybumottcd.supabase.co/storage/v1/object/public/product-images/A702/A702_2.jpg | https://iwihwtpzrwyybumottcd.supabase.co/storage/v1/object/public/product-images/A702/A702_3.jpg
A52507L,BEDARD INTERNATINAL,GANTS CUIR,approx,https://iwihwtpzrwyybumottcd.supabase.co/storage/v1/object/public/product-images/A52507L/A52507L_1.jpg | https://iwihwtpzrwyybumottcd.supabase.co/storage/v1/object/public/product-images/A52507L/A52507L_2.jpg
SP265389DE,MÉLISSA NEPTON INC,JEAN JACKET,exact,https://iwihwtpzrwyybumottcd.supabase.co/storage/v1/object/public/product-images/SP265389DE/SP265389DE_1.jpg
H50090,Garcia,JEAN JACKET,exact,https://iwihwtpzrwyybumottcd.supabase.co/storage/v1/object/public/product-images/H50090/H50090_1.jpg | https://iwihwtpzrwyybumottcd.supabase.co/storage/v1/object/public/product-images/H50090/H50090_2.jpg | https://iwihwtpzrwyybumottcd.supabase.co/storage/v1/object/public/product-images/H50090/H50090_3.jpg
LM5283CHA,LIVERPOOL CANADA,JEANS 7/8,exact,https://iwihwtpzrwyybumottcd.supabase.co/storage/v1/object/public/product-images/LM5283CHA/LM5283CHA_1.jpg
2002701600,LOIS ( FEMME),JEANS 7/8 GUYLAINE,exact,https://iwihwtpzrwyybumottcd.supabase.co/storage/v1/object/public/product-images/2002701600/2002701600_1.jpg | https://iwihwtpzrwyybumottcd.supabase.co/storage/v1/object/public/product-images/2002701600/2002701600_2.jpg | https://iwihwtpzrwyybumottcd.supabase.co/storage/v1/object/public/product-images/2002701600/2002701600_3.jpg | https://iwihwtpzrwyybumottcd.supabase.co/storage/v1/object/public/product-images/2002701600/2002701600_4.jpg
2916701600,LOIS ( FEMME),JEANS LARGE 7/8,exact,https://iwihwtpzrwyybumottcd.supabase.co/storage/v1/object/public/product-images/2916701600/2916701600_1.jpg | https://iwihwtpzrwyybumottcd.supabase.co/storage/v1/object/public/product-images/2916701600/2916701600_2.jpg | https://iwihwtpzrwyybumottcd.supabase.co/storage/v1/object/public/product-images/2916701600/2916701600_3.jpg | https://iwihwtpzrwyybumottcd.supabase.co/storage/v1/object/public/product-images/2916701600/2916701600_4.jpg
LM7A61FK2,LIVERPOOL CANADA,JEANS LARGE 7/8,exact,https://iwihwtpzrwyybumottcd.supabase.co/storage/v1/object/public/product-images/LM7A61FK2/LM7A61FK2_1.jpg | https://iwihwtpzrwyybumottcd.supabase.co/storage/v1/object/public/product-images/LM7A61FK2/LM7A61FK2_2.jpg | https://iwihwtpzrwyybumottcd.supabase.co/storage/v1/object/public/product-images/LM7A61FK2/LM7A61FK2_3.jpg
54C.11130,COMPAGNIA FANTASTICA,JUMPER HABILLÉ,exact,https://iwihwtpzrwyybumottcd.supabase.co/storage/v1/object/public/product-images/54C.11130/54C.11130_1.jpg | https://iwihwtpzrwyybumottcd.supabase.co/storage/v1/object/public/product-images/54C.11130/54C.11130_2.jpg | https://iwihwtpzrwyybumottcd.supabase.co/storage/v1/object/public/product-images/54C.11130/54C.11130_3.jpg | https://iwihwtpzrwyybumottcd.supabase.co/storage/v1/object/public/product-images/54C.11130/54C.11130_4.jpg
TALA.P,SOIA & kyo,LAINE,exact,https://iwihwtpzrwyybumottcd.supabase.co/storage/v1/object/public/product-images/TALA.P/TALA.P_1.jpg | https://iwihwtpzrwyybumottcd.supabase.co/storage/v1/object/public/product-images/TALA.P/TALA.P_2.jpg | https://iwihwtpzrwyybumottcd.supabase.co/storage/v1/object/public/product-images/TALA.P/TALA.P_3.jpg | https://iwihwtpzrwyybumottcd.supabase.co/storage/v1/object/public/product-images/TALA.P/TALA.P_4.jpg
MINDY,FURLUX,LAINE,approx,https://iwihwtpzrwyybumottcd.supabase.co/storage/v1/object/public/product-images/MINDY/MINDY_1.jpg | https://iwihwtpzrwyybumottcd.supabase.co/storage/v1/object/public/product-images/MINDY/MINDY_2.jpg | https://iwihwtpzrwyybumottcd.supabase.co/storage/v1/object/public/product-images/MINDY/MINDY_3.jpg
MMD628,Calvin Klein,LAINE,approx,https://iwihwtpzrwyybumottcd.supabase.co/storage/v1/object/public/product-images/MMD628/MMD628_1.jpg | https://iwihwtpzrwyybumottcd.supabase.co/storage/v1/object/public/product-images/MMD628/MMD628_2.jpg
CATINA709,VICARIO (Codav & Forest Import),LAINE,approx,https://iwihwtpzrwyybumottcd.supabase.co/storage/v1/object/public/product-images/CATINA709/CATINA709_1.jpg | https://iwihwtpzrwyybumottcd.supabase.co/storage/v1/object/public/product-images/CATINA709/CATINA709_2.jpg
MMF600,Calvin Klein,LAINE,approx,https://iwihwtpzrwyybumottcd.supabase.co/storage/v1/object/public/product-images/MMF600/MMF600_1.jpg | https://iwihwtpzrwyybumottcd.supabase.co/storage/v1/object/public/product-images/MMF600/MMF600_2.jpg
MMF612,Calvin Klein,LAINE,approx,https://iwihwtpzrwyybumottcd.supabase.co/storage/v1/object/public/product-images/MMF612/MMF612_1.jpg | https://iwihwtpzrwyybumottcd.supabase.co/storage/v1/object/public/product-images/MMF612/MMF612_2.jpg
MMF621,Calvin Klein,LAINE,approx,https://iwihwtpzrwyybumottcd.supabase.co/storage/v1/object/public/product-images/MMF621/MMF621_1.jpg | https://iwihwtpzrwyybumottcd.supabase.co/storage/v1/object/public/product-images/MMF621/MMF621_2.jpg
MMF650,Calvin Klein,LAINE,approx,https://iwihwtpzrwyybumottcd.supabase.co/storage/v1/object/public/product-images/MMF650/MMF650_1.jpg | https://iwihwtpzrwyybumottcd.supabase.co/storage/v1/object/public/product-images/MMF650/MMF650_2.jpg
6231B,YEST,LEGGING,exact,https://iwihwtpzrwyybumottcd.supabase.co/storage/v1/object/public/product-images/6231B/6231B_1.jpg | https://iwihwtpzrwyybumottcd.supabase.co/storage/v1/object/public/product-images/6231B/6231B_2.jpg | https://iwihwtpzrwyybumottcd.supabase.co/storage/v1/object/public/product-images/6231B/6231B_3.jpg
68614,UP,LEGGING,approx,https://iwihwtpzrwyybumottcd.supabase.co/storage/v1/object/public/product-images/68614/68614_1.jpg | https://iwihwtpzrwyybumottcd.supabase.co/storage/v1/object/public/product-images/68614/68614_2.jpg
2174773500,LOIS ( FEMME),LEGGING,exact,https://iwihwtpzrwyybumottcd.supabase.co/storage/v1/object/public/product-images/2174773500/2174773500_1.jpg | https://iwihwtpzrwyybumottcd.supabase.co/storage/v1/object/public/product-images/2174773500/2174773500_2.jpg
10610409,CREAM DK Compagny Canada,LEGGING,exact,https://iwihwtpzrwyybumottcd.supabase.co/storage/v1/object/public/product-images/10610409/10610409_1.jpg | https://iwihwtpzrwyybumottcd.supabase.co/storage/v1/object/public/product-images/10610409/10610409_2.jpg | https://iwihwtpzrwyybumottcd.supabase.co/storage/v1/object/public/product-images/10610409/10610409_3.jpg
11.30132Y,M Italy (Importation Bolide),LIN,exact,https://iwihwtpzrwyybumottcd.supabase.co/storage/v1/object/public/product-images/11.30132Y/11.30132Y_1.jpg | https://iwihwtpzrwyybumottcd.supabase.co/storage/v1/object/public/product-images/11.30132Y/11.30132Y_2.jpg | https://iwihwtpzrwyybumottcd.supabase.co/storage/v1/object/public/product-images/11.30132Y/11.30132Y_3.jpg | https://iwihwtpzrwyybumottcd.supabase.co/storage/v1/object/public/product-images/11.30132Y/11.30132Y_4.jpg
CRBELLISBLOUSE,CREAM DK Compagny Canada,LIN,exact,https://iwihwtpzrwyybumottcd.supabase.co/storage/v1/object/public/product-images/CRBELLISBLOUSE/CRBELLISBLOUSE_1.jpg
JAMESPANT,MÉLISSA NEPTON INC,LIN,exact,https://iwihwtpzrwyybumottcd.supabase.co/storage/v1/object/public/product-images/JAMESPANT/JAMESPANT_1.jpg | https://iwihwtpzrwyybumottcd.supabase.co/storage/v1/object/public/product-images/JAMESPANT/JAMESPANT_2.jpg
CRBELLISPANT,CREAM DK Compagny Canada,LIN,exact,https://iwihwtpzrwyybumottcd.supabase.co/storage/v1/object/public/product-images/CRBELLISPANT/CRBELLISPANT_1.jpg | https://iwihwtpzrwyybumottcd.supabase.co/storage/v1/object/public/product-images/CRBELLISPANT/CRBELLISPANT_2.jpg | https://iwihwtpzrwyybumottcd.supabase.co/storage/v1/object/public/product-images/CRBELLISPANT/CRBELLISPANT_3.jpg | https://iwihwtpzrwyybumottcd.supabase.co/storage/v1/object/public/product-images/CRBELLISPANT/CRBELLISPANT_4.jpg | https://iwihwtpzrwyybumottcd.supabase.co/storage/v1/object/public/product-images/CRBELLISPANT/CRBELLISPANT_5.jpg
21.9533Y,M Italy (Importation Bolide),LIN & MÉLANGES,exact,https://iwihwtpzrwyybumottcd.supabase.co/storage/v1/object/public/product-images/21.9533Y/21.9533Y_1.jpg | https://iwihwtpzrwyybumottcd.supabase.co/storage/v1/object/public/product-images/21.9533Y/21.9533Y_2.jpg | https://iwihwtpzrwyybumottcd.supabase.co/storage/v1/object/public/product-images/21.9533Y/21.9533Y_3.jpg | https://iwihwtpzrwyybumottcd.supabase.co/storage/v1/object/public/product-images/21.9533Y/21.9533Y_4.jpg
138120W,M Italy (Importation Bolide),LIN & MÉLANGES,approx,https://iwihwtpzrwyybumottcd.supabase.co/storage/v1/object/public/product-images/138120W/138120W_1.jpg | https://iwihwtpzrwyybumottcd.supabase.co/storage/v1/object/public/product-images/138120W/138120W_2.jpg | https://iwihwtpzrwyybumottcd.supabase.co/storage/v1/object/public/product-images/138120W/138120W_3.jpg
30513524,SAINT TROPEZ,LIN & MÉLANGES,exact,https://iwihwtpzrwyybumottcd.supabase.co/storage/v1/object/public/product-images/30513524/30513524_1.jpg | https://iwihwtpzrwyybumottcd.supabase.co/storage/v1/object/public/product-images/30513524/30513524_2.jpg | https://iwihwtpzrwyybumottcd.supabase.co/storage/v1/object/public/product-images/30513524/30513524_3.jpg | https://iwihwtpzrwyybumottcd.supabase.co/storage/v1/object/public/product-images/30513524/30513524_4.jpg
268130W,M Italy (Importation Bolide),LIN & MÉLANGES COL REG.,exact,https://iwihwtpzrwyybumottcd.supabase.co/storage/v1/object/public/product-images/268130W/268130W_1.jpg | https://iwihwtpzrwyybumottcd.supabase.co/storage/v1/object/public/product-images/268130W/268130W_2.jpg | https://iwihwtpzrwyybumottcd.supabase.co/storage/v1/object/public/product-images/268130W/268130W_3.jpg
10.9443Y,M Italy (Importation Bolide),LIN & MÉLANGES COL ROND,exact,https://iwihwtpzrwyybumottcd.supabase.co/storage/v1/object/public/product-images/10.9443Y/10.9443Y_1.jpg
PALOMA,MAVI JEANS (FEMME),LONGUEUR 29 POUCES,approx,https://iwihwtpzrwyybumottcd.supabase.co/storage/v1/object/public/product-images/PALOMA/PALOMA_1.jpg | https://iwihwtpzrwyybumottcd.supabase.co/storage/v1/object/public/product-images/PALOMA/PALOMA_2.jpg
CATALINA,MAVI JEANS (FEMME),LONGUEUR 30 POUCES,approx,https://iwihwtpzrwyybumottcd.supabase.co/storage/v1/object/public/product-images/CATALINA/CATALINA_1.jpg | https://iwihwtpzrwyybumottcd.supabase.co/storage/v1/object/public/product-images/CATALINA/CATALINA_2.jpg
MATILDAJEANS_30,COJ (Sandstyle),LONGUEUR 30 POUCES,exact,https://iwihwtpzrwyybumottcd.supabase.co/storage/v1/object/public/product-images/MATILDAJEANS_30/MATILDAJEANS_30_1.jpg | https://iwihwtpzrwyybumottcd.supabase.co/storage/v1/object/public/product-images/MATILDAJEANS_30/MATILDAJEANS_30_2.jpg | https://iwihwtpzrwyybumottcd.supabase.co/storage/v1/object/public/product-images/MATILDAJEANS_30/MATILDAJEANS_30_3.jpg | https://iwihwtpzrwyybumottcd.supabase.co/storage/v1/object/public/product-images/MATILDAJEANS_30/MATILDAJEANS_30_4.jpg
MATILDAJEANS_32,COJ (Sandstyle),LONGUEUR 32 POUCES,exact,https://iwihwtpzrwyybumottcd.supabase.co/storage/v1/object/public/product-images/MATILDAJEANS_32/MATILDAJEANS_32_1.jpg | https://iwihwtpzrwyybumottcd.supabase.co/storage/v1/object/public/product-images/MATILDAJEANS_32/MATILDAJEANS_32_2.jpg | https://iwihwtpzrwyybumottcd.supabase.co/storage/v1/object/public/product-images/MATILDAJEANS_32/MATILDAJEANS_32_3.jpg | https://iwihwtpzrwyybumottcd.supabase.co/storage/v1/object/public/product-images/MATILDAJEANS_32/MATILDAJEANS_32_4.jpg
T2028STONE,CARRELI JEANS,LONGUEUR 7/8,approx,https://iwihwtpzrwyybumottcd.supabase.co/storage/v1/object/public/product-images/T2028STONE/T2028STONE_1.jpg | https://iwihwtpzrwyybumottcd.supabase.co/storage/v1/object/public/product-images/T2028STONE/T2028STONE_2.jpg
VANESSAJEANS,COJ (Sandstyle),LONGUEUR 7/8,approx,https://iwihwtpzrwyybumottcd.supabase.co/storage/v1/object/public/product-images/VANESSAJEANS/VANESSAJEANS_1.jpg | https://iwihwtpzrwyybumottcd.supabase.co/storage/v1/object/public/product-images/VANESSAJEANS/VANESSAJEANS_2.jpg
60647,BIZOU Bijoux,LUNETTE,approx,https://iwihwtpzrwyybumottcd.supabase.co/storage/v1/object/public/product-images/60647/60647_1.jpg | https://iwihwtpzrwyybumottcd.supabase.co/storage/v1/object/public/product-images/60647/60647_2.jpg
60623,BIZOU Bijoux,LUNETTE,approx,https://iwihwtpzrwyybumottcd.supabase.co/storage/v1/object/public/product-images/60623/60623_1.jpg | https://iwihwtpzrwyybumottcd.supabase.co/storage/v1/object/public/product-images/60623/60623_2.jpg
60708,BIZOU Bijoux,LUNETTE,approx,https://iwihwtpzrwyybumottcd.supabase.co/storage/v1/object/public/product-images/60708/60708_1.jpg | https://iwihwtpzrwyybumottcd.supabase.co/storage/v1/object/public/product-images/60708/60708_2.jpg
60654,BIZOU Bijoux,LUNETTE,approx,https://iwihwtpzrwyybumottcd.supabase.co/storage/v1/object/public/product-images/60654/60654_1.jpg | https://iwihwtpzrwyybumottcd.supabase.co/storage/v1/object/public/product-images/60654/60654_2.jpg
269002,TYLER MADISON,M.C. HABILLÉ,exact,https://iwihwtpzrwyybumottcd.supabase.co/storage/v1/object/public/product-images/269002/269002_1.jpg | https://iwihwtpzrwyybumottcd.supabase.co/storage/v1/object/public/product-images/269002/269002_2.jpg | https://iwihwtpzrwyybumottcd.supabase.co/storage/v1/object/public/product-images/269002/269002_3.jpg
51C11043,COMPAGNIA FANTASTICA,M.C. HABILLÉ,exact,https://iwihwtpzrwyybumottcd.supabase.co/storage/v1/object/public/product-images/51C11043/51C11043_1.jpg | https://iwihwtpzrwyybumottcd.supabase.co/storage/v1/object/public/product-images/51C11043/51C11043_2.jpg | https://iwihwtpzrwyybumottcd.supabase.co/storage/v1/object/public/product-images/51C11043/51C11043_3.jpg | https://iwihwtpzrwyybumottcd.supabase.co/storage/v1/object/public/product-images/51C11043/51C11043_4.jpg
847729,APRICOT COLLECTIONS,M.C. HABILLÉ,approx,https://iwihwtpzrwyybumottcd.supabase.co/storage/v1/object/public/product-images/847729/847729_1.jpg | https://iwihwtpzrwyybumottcd.supabase.co/storage/v1/object/public/product-images/847729/847729_2.jpg | https://iwihwtpzrwyybumottcd.supabase.co/storage/v1/object/public/product-images/847729/847729_3.jpg
MANILLA,RAGWEAR,M.C. HABILLÉ,approx,https://iwihwtpzrwyybumottcd.supabase.co/storage/v1/object/public/product-images/MANILLA/MANILLA_1.jpg | https://iwihwtpzrwyybumottcd.supabase.co/storage/v1/object/public/product-images/MANILLA/MANILLA_2.jpg
LMD007PC5,LIVERPOOL CANADA,M.C. HABILLÉ,approx,https://iwihwtpzrwyybumottcd.supabase.co/storage/v1/object/public/product-images/LMD007PC5/LMD007PC5_1.jpg | https://iwihwtpzrwyybumottcd.supabase.co/storage/v1/object/public/product-images/LMD007PC5/LMD007PC5_2.jpg | https://iwihwtpzrwyybumottcd.supabase.co/storage/v1/object/public/product-images/LMD007PC5/LMD007PC5_3.jpg
0091610500,LOIS ( FEMME),M.C. HABILLÉ,exact,https://iwihwtpzrwyybumottcd.supabase.co/storage/v1/object/public/product-images/0091610500/0091610500_1.jpg | https://iwihwtpzrwyybumottcd.supabase.co/storage/v1/object/public/product-images/0091610500/0091610500_2.jpg | https://iwihwtpzrwyybumottcd.supabase.co/storage/v1/object/public/product-images/0091610500/0091610500_3.jpg
ADONELLA,VICARIO (Codav & Forest Import),M.C. HABILLÉ,exact,https://iwihwtpzrwyybumottcd.supabase.co/storage/v1/object/public/product-images/ADONELLA/ADONELLA_1.jpg | https://iwihwtpzrwyybumottcd.supabase.co/storage/v1/object/public/product-images/ADONELLA/ADONELLA_2.jpg | https://iwihwtpzrwyybumottcd.supabase.co/storage/v1/object/public/product-images/ADONELLA/ADONELLA_3.jpg
C4020501,TRAMONTANA Alphi,M.C. HABILLÉ,approx,https://iwihwtpzrwyybumottcd.supabase.co/storage/v1/object/public/product-images/C4020501/C4020501_1.jpg | https://iwihwtpzrwyybumottcd.supabase.co/storage/v1/object/public/product-images/C4020501/C4020501_2.jpg
SP2515000,ESQUALO (ALPHI),M.C. HABILLÉ,exact,https://iwihwtpzrwyybumottcd.supabase.co/storage/v1/object/public/product-images/SP2515000/SP2515000_1.jpg
C50285,Garcia,M.C. HABILLÉ,exact,https://iwihwtpzrwyybumottcd.supabase.co/storage/v1/object/public/product-images/C50285/C50285_1.jpg | https://iwihwtpzrwyybumottcd.supabase.co/storage/v1/object/public/product-images/C50285/C50285_2.jpg | https://iwihwtpzrwyybumottcd.supabase.co/storage/v1/object/public/product-images/C50285/C50285_3.jpg
19.VB9165H,ASTRID (IMPORTATION BOLIDE),M.C. HABILLÉ,approx,https://iwihwtpzrwyybumottcd.supabase.co/storage/v1/object/public/product-images/19.VB9165H/19.VB9165H_1.jpg | https://iwihwtpzrwyybumottcd.supabase.co/storage/v1/object/public/product-images/19.VB9165H/19.VB9165H_2.jpg
949508,APRICOT COLLECTIONS,M.C. HABILLÉ,exact,https://iwihwtpzrwyybumottcd.supabase.co/storage/v1/object/public/product-images/949508/949508_1.jpg
X121625,APRICOT COLLECTIONS,M.C. HABILLÉ,approx,https://iwihwtpzrwyybumottcd.supabase.co/storage/v1/object/public/product-images/X121625/X121625_1.jpg | https://iwihwtpzrwyybumottcd.supabase.co/storage/v1/object/public/product-images/X121625/X121625_2.jpg | https://iwihwtpzrwyybumottcd.supabase.co/storage/v1/object/public/product-images/X121625/X121625_3.jpg
JUANNA,SAINT TROPEZ,M.C. HABILLÉE,approx,https://iwihwtpzrwyybumottcd.supabase.co/storage/v1/object/public/product-images/JUANNA/JUANNA_1.jpg | https://iwihwtpzrwyybumottcd.supabase.co/storage/v1/object/public/product-images/JUANNA/JUANNA_2.jpg
ALBIZIA,VICARIO (Codav & Forest Import),M.C. HABILLÉE,approx,https://iwihwtpzrwyybumottcd.supabase.co/storage/v1/object/public/product-images/ALBIZIA/ALBIZIA_1.jpg | https://iwihwtpzrwyybumottcd.supabase.co/storage/v1/object/public/product-images/ALBIZIA/ALBIZIA_2.jpg
MUSICA,VICARIO (Codav & Forest Import),M.C. HABILLÉE,approx,https://iwihwtpzrwyybumottcd.supabase.co/storage/v1/object/public/product-images/MUSICA/MUSICA_1.jpg | https://iwihwtpzrwyybumottcd.supabase.co/storage/v1/object/public/product-images/MUSICA/MUSICA_2.jpg
25SWVK206008,DESIGUAL FEMME,M.C. SPORT COTTON,exact,https://iwihwtpzrwyybumottcd.supabase.co/storage/v1/object/public/product-images/25SWVK206008/25SWVK206008_1.jpg | https://iwihwtpzrwyybumottcd.supabase.co/storage/v1/object/public/product-images/25SWVK206008/25SWVK206008_2.jpg | https://iwihwtpzrwyybumottcd.supabase.co/storage/v1/object/public/product-images/25SWVK206008/25SWVK206008_3.jpg
F2502504,ESQUALO (ALPHI),M.L. HABILLÉE,exact,https://iwihwtpzrwyybumottcd.supabase.co/storage/v1/object/public/product-images/F2502504/F2502504_1.jpg
54C.10260,COMPAGNIA FANTASTICA,M.L. HABILLÉE,approx,https://iwihwtpzrwyybumottcd.supabase.co/storage/v1/object/public/product-images/54C.10260/54C.10260_1.jpg | https://iwihwtpzrwyybumottcd.supabase.co/storage/v1/object/public/product-images/54C.10260/54C.10260_2.jpg
MENSARA511,VICARIO (Codav & Forest Import),M.L. HABILLÉE,approx,https://iwihwtpzrwyybumottcd.supabase.co/storage/v1/object/public/product-images/MENSARA511/MENSARA511_1.jpg | https://iwihwtpzrwyybumottcd.supabase.co/storage/v1/object/public/product-images/MENSARA511/MENSARA511_2.jpg
MILASZDRESS,SAINT TROPEZ,M.L. HABILLÉE,approx,https://iwihwtpzrwyybumottcd.supabase.co/storage/v1/object/public/product-images/MILASZDRESS/MILASZDRESS_1.jpg | https://iwihwtpzrwyybumottcd.supabase.co/storage/v1/object/public/product-images/MILASZDRESS/MILASZDRESS_2.jpg
33.RS010X,M Italy (Importation Bolide),M.L. HABILLÉE,approx,https://iwihwtpzrwyybumottcd.supabase.co/storage/v1/object/public/product-images/33.RS010X/33.RS010X_1.jpg | https://iwihwtpzrwyybumottcd.supabase.co/storage/v1/object/public/product-images/33.RS010X/33.RS010X_2.jpg | https://iwihwtpzrwyybumottcd.supabase.co/storage/v1/object/public/product-images/33.RS010X/33.RS010X_3.jpg
F2502518,ESQUALO (ALPHI),M.L. HABILLÉE,exact,https://iwihwtpzrwyybumottcd.supabase.co/storage/v1/object/public/product-images/F2502518/F2502518_1.jpg | https://iwihwtpzrwyybumottcd.supabase.co/storage/v1/object/public/product-images/F2502518/F2502518_2.jpg | https://iwihwtpzrwyybumottcd.supabase.co/storage/v1/object/public/product-images/F2502518/F2502518_3.jpg | https://iwihwtpzrwyybumottcd.supabase.co/storage/v1/object/public/product-images/F2502518/F2502518_4.jpg
25WWVK42,DESIGUAL FEMME,M.L. HABILLÉE,exact,https://iwihwtpzrwyybumottcd.supabase.co/storage/v1/object/public/product-images/25WWVK42/25WWVK42_1.jpg | https://iwihwtpzrwyybumottcd.supabase.co/storage/v1/object/public/product-images/25WWVK42/25WWVK42_2.jpg
25SWVK295000,DESIGUAL FEMME,M.L. HABILLÉE,exact,https://iwihwtpzrwyybumottcd.supabase.co/storage/v1/object/public/product-images/25SWVK295000/25SWVK295000_1.jpg | https://iwihwtpzrwyybumottcd.supabase.co/storage/v1/object/public/product-images/25SWVK295000/25SWVK295000_2.jpg | https://iwihwtpzrwyybumottcd.supabase.co/storage/v1/object/public/product-images/25SWVK295000/25SWVK295000_3.jpg
2260,LOIS ( FEMME),M.L. HABILLÉE,exact,https://iwihwtpzrwyybumottcd.supabase.co/storage/v1/object/public/product-images/2260/2260_1.jpg | https://iwihwtpzrwyybumottcd.supabase.co/storage/v1/object/public/product-images/2260/2260_2.jpg
19.LD1497X,M Italy (Importation Bolide),M.L. HABILLÉE,approx,https://iwihwtpzrwyybumottcd.supabase.co/storage/v1/object/public/product-images/19.LD1497X/19.LD1497X_1.jpg | https://iwihwtpzrwyybumottcd.supabase.co/storage/v1/object/public/product-images/19.LD1497X/19.LD1497X_2.jpg | https://iwihwtpzrwyybumottcd.supabase.co/storage/v1/object/public/product-images/19.LD1497X/19.LD1497X_3.jpg
F258D6552,ADELYN RAE,M.L. HABILLÉE,approx,https://iwihwtpzrwyybumottcd.supabase.co/storage/v1/object/public/product-images/F258D6552/F258D6552_1.jpg | https://iwihwtpzrwyybumottcd.supabase.co/storage/v1/object/public/product-images/F258D6552/F258D6552_2.jpg | https://iwihwtpzrwyybumottcd.supabase.co/storage/v1/object/public/product-images/F258D6552/F258D6552_3.jpg | https://iwihwtpzrwyybumottcd.supabase.co/storage/v1/object/public/product-images/F258D6552/F258D6552_4.jpg
F257D6512,ADELYN RAE,M.L. HABILLÉE,exact,https://iwihwtpzrwyybumottcd.supabase.co/storage/v1/object/public/product-images/F257D6512/F257D6512_1.jpg | https://iwihwtpzrwyybumottcd.supabase.co/storage/v1/object/public/product-images/F257D6512/F257D6512_2.jpg | https://iwihwtpzrwyybumottcd.supabase.co/storage/v1/object/public/product-images/F257D6512/F257D6512_3.jpg
X111961,APRICOT COLLECTIONS,M.L. HABILLÉE,approx,https://iwihwtpzrwyybumottcd.supabase.co/storage/v1/object/public/product-images/X111961/X111961_1.jpg | https://iwihwtpzrwyybumottcd.supabase.co/storage/v1/object/public/product-images/X111961/X111961_2.jpg | https://iwihwtpzrwyybumottcd.supabase.co/storage/v1/object/public/product-images/X111961/X111961_3.jpg
962484,APRICOT COLLECTIONS,M.L. HABILLÉE,exact,https://iwihwtpzrwyybumottcd.supabase.co/storage/v1/object/public/product-images/962484/962484_1.jpg | https://iwihwtpzrwyybumottcd.supabase.co/storage/v1/object/public/product-images/962484/962484_2.jpg
X114269,APRICOT COLLECTIONS,M.L. HABILLÉE,approx,https://iwihwtpzrwyybumottcd.supabase.co/storage/v1/object/public/product-images/X114269/X114269_1.jpg | https://iwihwtpzrwyybumottcd.supabase.co/storage/v1/object/public/product-images/X114269/X114269_2.jpg | https://iwihwtpzrwyybumottcd.supabase.co/storage/v1/object/public/product-images/X114269/X114269_3.jpg
X129843,APRICOT COLLECTIONS,M.L. HABILLÉE,approx,https://iwihwtpzrwyybumottcd.supabase.co/storage/v1/object/public/product-images/X129843/X129843_1.jpg | https://iwihwtpzrwyybumottcd.supabase.co/storage/v1/object/public/product-images/X129843/X129843_2.jpg | https://iwihwtpzrwyybumottcd.supabase.co/storage/v1/object/public/product-images/X129843/X129843_3.jpg
X134496,APRICOT COLLECTIONS,M.L. HABILLÉE,exact,https://iwihwtpzrwyybumottcd.supabase.co/storage/v1/object/public/product-images/X134496/X134496_1.jpg
X136827,APRICOT COLLECTIONS,M.L. HABILLÉE,approx,https://iwihwtpzrwyybumottcd.supabase.co/storage/v1/object/public/product-images/X136827/X136827_1.jpg | https://iwihwtpzrwyybumottcd.supabase.co/storage/v1/object/public/product-images/X136827/X136827_2.jpg | https://iwihwtpzrwyybumottcd.supabase.co/storage/v1/object/public/product-images/X136827/X136827_3.jpg
F248D5972,ADELYN RAE,M.L. HABILLÉE,exact,https://iwihwtpzrwyybumottcd.supabase.co/storage/v1/object/public/product-images/F248D5972/F248D5972_1.jpg | https://iwihwtpzrwyybumottcd.supabase.co/storage/v1/object/public/product-images/F248D5972/F248D5972_2.jpg | https://iwihwtpzrwyybumottcd.supabase.co/storage/v1/object/public/product-images/F248D5972/F248D5972_3.jpg | https://iwihwtpzrwyybumottcd.supabase.co/storage/v1/object/public/product-images/F248D5972/F248D5972_4.jpg
X126941,APRICOT COLLECTIONS,M.L. HABILLÉE,approx,https://iwihwtpzrwyybumottcd.supabase.co/storage/v1/object/public/product-images/X126941/X126941_1.jpg | https://iwihwtpzrwyybumottcd.supabase.co/storage/v1/object/public/product-images/X126941/X126941_2.jpg | https://iwihwtpzrwyybumottcd.supabase.co/storage/v1/object/public/product-images/X126941/X126941_3.jpg
934931,APRICOT COLLECTIONS,M.L. HABILLÉE,exact,https://iwihwtpzrwyybumottcd.supabase.co/storage/v1/object/public/product-images/934931/934931_1.jpg | https://iwihwtpzrwyybumottcd.supabase.co/storage/v1/object/public/product-images/934931/934931_2.jpg | https://iwihwtpzrwyybumottcd.supabase.co/storage/v1/object/public/product-images/934931/934931_3.jpg
19.902X,M Italy (Importation Bolide),M.L. HABILLÉE,approx,https://iwihwtpzrwyybumottcd.supabase.co/storage/v1/object/public/product-images/19.902X/19.902X_1.jpg | https://iwihwtpzrwyybumottcd.supabase.co/storage/v1/object/public/product-images/19.902X/19.902X_2.jpg | https://iwihwtpzrwyybumottcd.supabase.co/storage/v1/object/public/product-images/19.902X/19.902X_3.jpg
SP2530004,ESQUALO (ALPHI),M.L. HABILLÉE,exact,https://iwihwtpzrwyybumottcd.supabase.co/storage/v1/object/public/product-images/SP2530004/SP2530004_1.jpg | https://iwihwtpzrwyybumottcd.supabase.co/storage/v1/object/public/product-images/SP2530004/SP2530004_2.jpg
10614156,CREAM DK Compagny Canada,M.L. HABILLÉE,exact,https://iwihwtpzrwyybumottcd.supabase.co/storage/v1/object/public/product-images/10614156/10614156_1.jpg
7045E,Lez A Lez (DDL 9190-8608 Québec Inc.),M.L. HABILLÉE,exact,https://iwihwtpzrwyybumottcd.supabase.co/storage/v1/object/public/product-images/7045E/7045E_1.jpg | https://iwihwtpzrwyybumottcd.supabase.co/storage/v1/object/public/product-images/7045E/7045E_2.jpg | https://iwihwtpzrwyybumottcd.supabase.co/storage/v1/object/public/product-images/7045E/7045E_3.jpg
CRANETTBLAZER,CREAM DK Compagny Canada,M.L. POLYVISCOSE,exact,https://iwihwtpzrwyybumottcd.supabase.co/storage/v1/object/public/product-images/CRANETTBLAZER/CRANETTBLAZER_1.jpg
30514459,SAINT TROPEZ,M.L. SPORT,exact,https://iwihwtpzrwyybumottcd.supabase.co/storage/v1/object/public/product-images/30514459/30514459_1.jpg | https://iwihwtpzrwyybumottcd.supabase.co/storage/v1/object/public/product-images/30514459/30514459_2.jpg | https://iwihwtpzrwyybumottcd.supabase.co/storage/v1/object/public/product-images/30514459/30514459_3.jpg
25WWSK10,DESIGUAL FEMME,M.L. SPORT,exact,https://iwihwtpzrwyybumottcd.supabase.co/storage/v1/object/public/product-images/25WWSK10/25WWSK10_1.jpg | https://iwihwtpzrwyybumottcd.supabase.co/storage/v1/object/public/product-images/25WWSK10/25WWSK10_2.jpg | https://iwihwtpzrwyybumottcd.supabase.co/storage/v1/object/public/product-images/25WWSK10/25WWSK10_3.jpg
C0815501,TRAMONTANA Alphi,M.L. SPORT COTTON,exact,https://iwihwtpzrwyybumottcd.supabase.co/storage/v1/object/public/product-images/C0815501/C0815501_1.jpg
JOSIEDRESS,MÉLISSA NEPTON INC,MANCHE 3/4 LIN,exact,https://iwihwtpzrwyybumottcd.supabase.co/storage/v1/object/public/product-images/JOSIEDRESS/JOSIEDRESS_1.jpg | https://iwihwtpzrwyybumottcd.supabase.co/storage/v1/object/public/product-images/JOSIEDRESS/JOSIEDRESS_2.jpg
26320574B,FREAKY NATION (Les Importations Bolide ),MANTEAU COURT CUIR,approx,https://iwihwtpzrwyybumottcd.supabase.co/storage/v1/object/public/product-images/26320574B/26320574B_1.jpg | https://iwihwtpzrwyybumottcd.supabase.co/storage/v1/object/public/product-images/26320574B/26320574B_2.jpg
26320591B,FREAKY NATION (Les Importations Bolide ),MANTEAU COURT CUIR,approx,https://iwihwtpzrwyybumottcd.supabase.co/storage/v1/object/public/product-images/26320591B/26320591B_1.jpg | https://iwihwtpzrwyybumottcd.supabase.co/storage/v1/object/public/product-images/26320591B/26320591B_2.jpg
26320570B,FREAKY NATION (Les Importations Bolide ),MANTEAU COURT CUIR,approx,https://iwihwtpzrwyybumottcd.supabase.co/storage/v1/object/public/product-images/26320570B/26320570B_1.jpg | https://iwihwtpzrwyybumottcd.supabase.co/storage/v1/object/public/product-images/26320570B/26320570B_2.jpg
26320565B,FREAKY NATION (Les Importations Bolide ),MANTEAU COURT CUIR,approx,https://iwihwtpzrwyybumottcd.supabase.co/storage/v1/object/public/product-images/26320565B/26320565B_1.jpg | https://iwihwtpzrwyybumottcd.supabase.co/storage/v1/object/public/product-images/26320565B/26320565B_2.jpg
724,MISS CAPRICE,MITAINES CUIR,approx,https://iwihwtpzrwyybumottcd.supabase.co/storage/v1/object/public/product-images/724/724_1.jpg | https://iwihwtpzrwyybumottcd.supabase.co/storage/v1/object/public/product-images/724/724_2.jpg
10614517,CREAM DK Compagny Canada,MITAINES LAINE,exact,https://iwihwtpzrwyybumottcd.supabase.co/storage/v1/object/public/product-images/10614517/10614517_1.jpg | https://iwihwtpzrwyybumottcd.supabase.co/storage/v1/object/public/product-images/10614517/10614517_2.jpg
5985611,JANOR BLU 9,MODAL,approx,https://iwihwtpzrwyybumottcd.supabase.co/storage/v1/object/public/product-images/5985611/5985611_1.jpg | https://iwihwtpzrwyybumottcd.supabase.co/storage/v1/object/public/product-images/5985611/5985611_2.jpg
B50006,Garcia,MODAL COL ROND,exact,https://iwihwtpzrwyybumottcd.supabase.co/storage/v1/object/public/product-images/B50006/B50006_1.jpg | https://iwihwtpzrwyybumottcd.supabase.co/storage/v1/object/public/product-images/B50006/B50006_2.jpg
5985613,JANOR BLU 9,MODAL COL ROND,approx,https://iwihwtpzrwyybumottcd.supabase.co/storage/v1/object/public/product-images/5985613/5985613_1.jpg | https://iwihwtpzrwyybumottcd.supabase.co/storage/v1/object/public/product-images/5985613/5985613_2.jpg
TIGLIA208,VICARIO (Codav & Forest Import),MODAL COL ROULE,approx,https://iwihwtpzrwyybumottcd.supabase.co/storage/v1/object/public/product-images/TIGLIA208/TIGLIA208_1.jpg | https://iwihwtpzrwyybumottcd.supabase.co/storage/v1/object/public/product-images/TIGLIA208/TIGLIA208_2.jpg
19211,GILDAN (Silk),NYLON,approx,https://iwihwtpzrwyybumottcd.supabase.co/storage/v1/object/public/product-images/19211/19211_1.jpg | https://iwihwtpzrwyybumottcd.supabase.co/storage/v1/object/public/product-images/19211/19211_2.jpg
33.4432530H,ASTRID (IMPORTATION BOLIDE),NYLON,approx,https://iwihwtpzrwyybumottcd.supabase.co/storage/v1/object/public/product-images/33.4432530H/33.4432530H_1.jpg | https://iwihwtpzrwyybumottcd.supabase.co/storage/v1/object/public/product-images/33.4432530H/33.4432530H_2.jpg
19022,GILDAN (Silk),NYLON,approx,https://iwihwtpzrwyybumottcd.supabase.co/storage/v1/object/public/product-images/19022/19022_1.jpg | https://iwihwtpzrwyybumottcd.supabase.co/storage/v1/object/public/product-images/19022/19022_2.jpg
19079,GILDAN (Silk),NYLON,approx,https://iwihwtpzrwyybumottcd.supabase.co/storage/v1/object/public/product-images/19079/19079_1.jpg | https://iwihwtpzrwyybumottcd.supabase.co/storage/v1/object/public/product-images/19079/19079_2.jpg
19020,GILDAN (Silk),NYLON,approx,https://iwihwtpzrwyybumottcd.supabase.co/storage/v1/object/public/product-images/19020/19020_1.jpg | https://iwihwtpzrwyybumottcd.supabase.co/storage/v1/object/public/product-images/19020/19020_2.jpg
19090,GILDAN (Silk),NYLON,approx,https://iwihwtpzrwyybumottcd.supabase.co/storage/v1/object/public/product-images/19090/19090_1.jpg | https://iwihwtpzrwyybumottcd.supabase.co/storage/v1/object/public/product-images/19090/19090_2.jpg
19118,GILDAN (Silk),NYLON,approx,https://iwihwtpzrwyybumottcd.supabase.co/storage/v1/object/public/product-images/19118/19118_1.jpg | https://iwihwtpzrwyybumottcd.supabase.co/storage/v1/object/public/product-images/19118/19118_2.jpg
19363,GILDAN (Silk),NYLON,approx,https://iwihwtpzrwyybumottcd.supabase.co/storage/v1/object/public/product-images/19363/19363_1.jpg | https://iwihwtpzrwyybumottcd.supabase.co/storage/v1/object/public/product-images/19363/19363_2.jpg
19285,GILDAN (Silk),NYLON,approx,https://iwihwtpzrwyybumottcd.supabase.co/storage/v1/object/public/product-images/19285/19285_1.jpg | https://iwihwtpzrwyybumottcd.supabase.co/storage/v1/object/public/product-images/19285/19285_2.jpg
19111,GILDAN (Silk),NYLON,approx,https://iwihwtpzrwyybumottcd.supabase.co/storage/v1/object/public/product-images/19111/19111_1.jpg | https://iwihwtpzrwyybumottcd.supabase.co/storage/v1/object/public/product-images/19111/19111_2.jpg
19084,GILDAN (Silk),NYLON,approx,https://iwihwtpzrwyybumottcd.supabase.co/storage/v1/object/public/product-images/19084/19084_1.jpg | https://iwihwtpzrwyybumottcd.supabase.co/storage/v1/object/public/product-images/19084/19084_2.jpg
19137,GILDAN (Silk),NYLON,approx,https://iwihwtpzrwyybumottcd.supabase.co/storage/v1/object/public/product-images/19137/19137_1.jpg | https://iwihwtpzrwyybumottcd.supabase.co/storage/v1/object/public/product-images/19137/19137_2.jpg
19290,GILDAN (Silk),NYLON,approx,https://iwihwtpzrwyybumottcd.supabase.co/storage/v1/object/public/product-images/19290/19290_1.jpg | https://iwihwtpzrwyybumottcd.supabase.co/storage/v1/object/public/product-images/19290/19290_2.jpg
19744,GILDAN (Silk),NYLON,approx,https://iwihwtpzrwyybumottcd.supabase.co/storage/v1/object/public/product-images/19744/19744_1.jpg | https://iwihwtpzrwyybumottcd.supabase.co/storage/v1/object/public/product-images/19744/19744_2.jpg
19346,GILDAN (Silk),NYLON,approx,https://iwihwtpzrwyybumottcd.supabase.co/storage/v1/object/public/product-images/19346/19346_1.jpg | https://iwihwtpzrwyybumottcd.supabase.co/storage/v1/object/public/product-images/19346/19346_2.jpg
19313,GILDAN (Silk),NYLON,approx,https://iwihwtpzrwyybumottcd.supabase.co/storage/v1/object/public/product-images/19313/19313_1.jpg | https://iwihwtpzrwyybumottcd.supabase.co/storage/v1/object/public/product-images/19313/19313_2.jpg
19307,GILDAN (Silk),NYLON,approx,https://iwihwtpzrwyybumottcd.supabase.co/storage/v1/object/public/product-images/19307/19307_1.jpg | https://iwihwtpzrwyybumottcd.supabase.co/storage/v1/object/public/product-images/19307/19307_2.jpg
19303,GILDAN (Silk),NYLON,approx,https://iwihwtpzrwyybumottcd.supabase.co/storage/v1/object/public/product-images/19303/19303_1.jpg | https://iwihwtpzrwyybumottcd.supabase.co/storage/v1/object/public/product-images/19303/19303_2.jpg
19295,GILDAN (Silk),NYLON,approx,https://iwihwtpzrwyybumottcd.supabase.co/storage/v1/object/public/product-images/19295/19295_1.jpg | https://iwihwtpzrwyybumottcd.supabase.co/storage/v1/object/public/product-images/19295/19295_2.jpg
19291,GILDAN (Silk),NYLON,approx,https://iwihwtpzrwyybumottcd.supabase.co/storage/v1/object/public/product-images/19291/19291_1.jpg | https://iwihwtpzrwyybumottcd.supabase.co/storage/v1/object/public/product-images/19291/19291_2.jpg
19314,GILDAN (Silk),NYLON,approx,https://iwihwtpzrwyybumottcd.supabase.co/storage/v1/object/public/product-images/19314/19314_1.jpg | https://iwihwtpzrwyybumottcd.supabase.co/storage/v1/object/public/product-images/19314/19314_2.jpg
19237,GILDAN (Silk),NYLON,approx,https://iwihwtpzrwyybumottcd.supabase.co/storage/v1/object/public/product-images/19237/19237_1.jpg | https://iwihwtpzrwyybumottcd.supabase.co/storage/v1/object/public/product-images/19237/19237_2.jpg
19220,GILDAN (Silk),NYLON,approx,https://iwihwtpzrwyybumottcd.supabase.co/storage/v1/object/public/product-images/19220/19220_1.jpg | https://iwihwtpzrwyybumottcd.supabase.co/storage/v1/object/public/product-images/19220/19220_2.jpg
19025,GILDAN (Silk),NYLON,approx,https://iwihwtpzrwyybumottcd.supabase.co/storage/v1/object/public/product-images/19025/19025_1.jpg | https://iwihwtpzrwyybumottcd.supabase.co/storage/v1/object/public/product-images/19025/19025_2.jpg
19002,GILDAN (Silk),NYLON,approx,https://iwihwtpzrwyybumottcd.supabase.co/storage/v1/object/public/product-images/19002/19002_1.jpg | https://iwihwtpzrwyybumottcd.supabase.co/storage/v1/object/public/product-images/19002/19002_2.jpg
19056,GILDAN (Silk),NYLON,approx,https://iwihwtpzrwyybumottcd.supabase.co/storage/v1/object/public/product-images/19056/19056_1.jpg | https://iwihwtpzrwyybumottcd.supabase.co/storage/v1/object/public/product-images/19056/19056_2.jpg
19032,GILDAN (Silk),NYLON,approx,https://iwihwtpzrwyybumottcd.supabase.co/storage/v1/object/public/product-images/19032/19032_1.jpg | https://iwihwtpzrwyybumottcd.supabase.co/storage/v1/object/public/product-images/19032/19032_2.jpg
19003,GILDAN (Silk),NYLON,approx,https://iwihwtpzrwyybumottcd.supabase.co/storage/v1/object/public/product-images/19003/19003_1.jpg | https://iwihwtpzrwyybumottcd.supabase.co/storage/v1/object/public/product-images/19003/19003_2.jpg
68506,UP,NYLON,approx,https://iwihwtpzrwyybumottcd.supabase.co/storage/v1/object/public/product-images/68506/68506_1.jpg | https://iwihwtpzrwyybumottcd.supabase.co/storage/v1/object/public/product-images/68506/68506_2.jpg
526014,TYLER MADISON,NYLON EXT,exact,https://iwihwtpzrwyybumottcd.supabase.co/storage/v1/object/public/product-images/526014/526014_1.jpg | https://iwihwtpzrwyybumottcd.supabase.co/storage/v1/object/public/product-images/526014/526014_2.jpg
526020,TYLER MADISON,NYLON EXT,exact,https://iwihwtpzrwyybumottcd.supabase.co/storage/v1/object/public/product-images/526020/526020_1.jpg | https://iwihwtpzrwyybumottcd.supabase.co/storage/v1/object/public/product-images/526020/526020_2.jpg | https://iwihwtpzrwyybumottcd.supabase.co/storage/v1/object/public/product-images/526020/526020_3.jpg
F255T7216,ADELYN RAE,NYLON EXTENSIBLE,approx,https://iwihwtpzrwyybumottcd.supabase.co/storage/v1/object/public/product-images/F255T7216/F255T7216_1.jpg | https://iwihwtpzrwyybumottcd.supabase.co/storage/v1/object/public/product-images/F255T7216/F255T7216_2.jpg
70846,UP,NYLONSPANDEX,approx,https://iwihwtpzrwyybumottcd.supabase.co/storage/v1/object/public/product-images/70846/70846_1.jpg | https://iwihwtpzrwyybumottcd.supabase.co/storage/v1/object/public/product-images/70846/70846_2.jpg
I50315,Garcia,PALAZZO,exact,https://iwihwtpzrwyybumottcd.supabase.co/storage/v1/object/public/product-images/I50315/I50315_1.jpg
266013,TYLER MADISON,PALAZZO,exact,https://iwihwtpzrwyybumottcd.supabase.co/storage/v1/object/public/product-images/266013/266013_1.jpg | https://iwihwtpzrwyybumottcd.supabase.co/storage/v1/object/public/product-images/266013/266013_2.jpg | https://iwihwtpzrwyybumottcd.supabase.co/storage/v1/object/public/product-images/266013/266013_3.jpg
526025,TYLER MADISON,PALAZZO,approx,https://iwihwtpzrwyybumottcd.supabase.co/storage/v1/object/public/product-images/526025/526025_1.jpg | https://iwihwtpzrwyybumottcd.supabase.co/storage/v1/object/public/product-images/526025/526025_2.jpg
10614252,CREAM DK Compagny Canada,PALAZZO,exact,https://iwihwtpzrwyybumottcd.supabase.co/storage/v1/object/public/product-images/10614252/10614252_1.jpg | https://iwihwtpzrwyybumottcd.supabase.co/storage/v1/object/public/product-images/10614252/10614252_2.jpg | https://iwihwtpzrwyybumottcd.supabase.co/storage/v1/object/public/product-images/10614252/10614252_3.jpg
X193349,APRICOT COLLECTIONS,PALAZZO,approx,https://iwihwtpzrwyybumottcd.supabase.co/storage/v1/object/public/product-images/X193349/X193349_1.jpg | https://iwihwtpzrwyybumottcd.supabase.co/storage/v1/object/public/product-images/X193349/X193349_2.jpg
PALOMBO606,VICARIO (Codav & Forest Import),PALAZZO,approx,https://iwihwtpzrwyybumottcd.supabase.co/storage/v1/object/public/product-images/PALOMBO606/PALOMBO606_1.jpg | https://iwihwtpzrwyybumottcd.supabase.co/storage/v1/object/public/product-images/PALOMBO606/PALOMBO606_2.jpg
X122325,APRICOT COLLECTIONS,PALAZZO,approx,https://iwihwtpzrwyybumottcd.supabase.co/storage/v1/object/public/product-images/X122325/X122325_1.jpg | https://iwihwtpzrwyybumottcd.supabase.co/storage/v1/object/public/product-images/X122325/X122325_2.jpg
11.9460Y,M Italy (Importation Bolide),PALAZZO,exact,https://iwihwtpzrwyybumottcd.supabase.co/storage/v1/object/public/product-images/11.9460Y/11.9460Y_1.jpg | https://iwihwtpzrwyybumottcd.supabase.co/storage/v1/object/public/product-images/11.9460Y/11.9460Y_2.jpg | https://iwihwtpzrwyybumottcd.supabase.co/storage/v1/object/public/product-images/11.9460Y/11.9460Y_3.jpg | https://iwihwtpzrwyybumottcd.supabase.co/storage/v1/object/public/product-images/11.9460Y/11.9460Y_4.jpg
X191536,APRICOT COLLECTIONS,PALAZZO,exact,https://iwihwtpzrwyybumottcd.supabase.co/storage/v1/object/public/product-images/X191536/X191536_1.jpg
11.12307X,M Italy (Importation Bolide),PALAZZO,approx,https://iwihwtpzrwyybumottcd.supabase.co/storage/v1/object/public/product-images/11.12307X/11.12307X_1.jpg | https://iwihwtpzrwyybumottcd.supabase.co/storage/v1/object/public/product-images/11.12307X/11.12307X_2.jpg
526053,TYLER MADISON,PALAZZO,exact,https://iwihwtpzrwyybumottcd.supabase.co/storage/v1/object/public/product-images/526053/526053_1.jpg | https://iwihwtpzrwyybumottcd.supabase.co/storage/v1/object/public/product-images/526053/526053_2.jpg | https://iwihwtpzrwyybumottcd.supabase.co/storage/v1/object/public/product-images/526053/526053_3.jpg
7406E,Lez A Lez (DDL 9190-8608 Québec Inc.),PALAZZO,approx,https://iwihwtpzrwyybumottcd.supabase.co/storage/v1/object/public/product-images/7406E/7406E_1.jpg | https://iwihwtpzrwyybumottcd.supabase.co/storage/v1/object/public/product-images/7406E/7406E_2.jpg
LM5289VH,LIVERPOOL CANADA,PANTALON 7/8,exact,https://iwihwtpzrwyybumottcd.supabase.co/storage/v1/object/public/product-images/LM5289VH/LM5289VH_1.jpg
LM7B28Y47,LIVERPOOL CANADA,PANTALON 7/8,exact,https://iwihwtpzrwyybumottcd.supabase.co/storage/v1/object/public/product-images/LM7B28Y47/LM7B28Y47_1.jpg | https://iwihwtpzrwyybumottcd.supabase.co/storage/v1/object/public/product-images/LM7B28Y47/LM7B28Y47_2.jpg | https://iwihwtpzrwyybumottcd.supabase.co/storage/v1/object/public/product-images/LM7B28Y47/LM7B28Y47_3.jpg | https://iwihwtpzrwyybumottcd.supabase.co/storage/v1/object/public/product-images/LM7B28Y47/LM7B28Y47_4.jpg
2297E,Lez A Lez (DDL 9190-8608 Québec Inc.),PANTALON LARGE,exact,https://iwihwtpzrwyybumottcd.supabase.co/storage/v1/object/public/product-images/2297E/2297E_1.jpg | https://iwihwtpzrwyybumottcd.supabase.co/storage/v1/object/public/product-images/2297E/2297E_2.jpg
CRJULIETTE,CREAM DK Compagny Canada,PANTALON LARGE,exact,https://iwihwtpzrwyybumottcd.supabase.co/storage/v1/object/public/product-images/CRJULIETTE/CRJULIETTE_1.jpg
2146699500,LOIS ( FEMME),PANTALON LARGE,exact,https://iwihwtpzrwyybumottcd.supabase.co/storage/v1/object/public/product-images/2146699500/2146699500_1.jpg | https://iwihwtpzrwyybumottcd.supabase.co/storage/v1/object/public/product-images/2146699500/2146699500_2.jpg | https://iwihwtpzrwyybumottcd.supabase.co/storage/v1/object/public/product-images/2146699500/2146699500_3.jpg | https://iwihwtpzrwyybumottcd.supabase.co/storage/v1/object/public/product-images/2146699500/2146699500_4.jpg
2161767400,LOIS ( FEMME),PANTALON SANS PLIS,approx,https://iwihwtpzrwyybumottcd.supabase.co/storage/v1/object/public/product-images/2161767400/2161767400_1.jpg | https://iwihwtpzrwyybumottcd.supabase.co/storage/v1/object/public/product-images/2161767400/2161767400_2.jpg | https://iwihwtpzrwyybumottcd.supabase.co/storage/v1/object/public/product-images/2161767400/2161767400_3.jpg
CRCOCAMIABLAZER,CREAM DK Compagny Canada,POLY,exact,https://iwihwtpzrwyybumottcd.supabase.co/storage/v1/object/public/product-images/CRCOCAMIABLAZER/CRCOCAMIABLAZER_1.jpg
10613975,CREAM DK Compagny Canada,POLY,exact,https://iwihwtpzrwyybumottcd.supabase.co/storage/v1/object/public/product-images/10613975/10613975_1.jpg | https://iwihwtpzrwyybumottcd.supabase.co/storage/v1/object/public/product-images/10613975/10613975_2.jpg | https://iwihwtpzrwyybumottcd.supabase.co/storage/v1/object/public/product-images/10613975/10613975_3.jpg | https://iwihwtpzrwyybumottcd.supabase.co/storage/v1/object/public/product-images/10613975/10613975_4.jpg
SP2517005,ESQUALO (ALPHI),POLY,exact,https://iwihwtpzrwyybumottcd.supabase.co/storage/v1/object/public/product-images/SP2517005/SP2517005_1.jpg | https://iwihwtpzrwyybumottcd.supabase.co/storage/v1/object/public/product-images/SP2517005/SP2517005_2.jpg | https://iwihwtpzrwyybumottcd.supabase.co/storage/v1/object/public/product-images/SP2517005/SP2517005_3.jpg | https://iwihwtpzrwyybumottcd.supabase.co/storage/v1/object/public/product-images/SP2517005/SP2517005_4.jpg
10615180,CREAM DK Compagny Canada,POLY / NYLON,exact,https://iwihwtpzrwyybumottcd.supabase.co/storage/v1/object/public/product-images/10615180/10615180_1.jpg
30515241,SAINT TROPEZ,POLY / NYLON,exact,https://iwihwtpzrwyybumottcd.supabase.co/storage/v1/object/public/product-images/30515241/30515241_1.jpg | https://iwihwtpzrwyybumottcd.supabase.co/storage/v1/object/public/product-images/30515241/30515241_2.jpg | https://iwihwtpzrwyybumottcd.supabase.co/storage/v1/object/public/product-images/30515241/30515241_3.jpg
10615187,CREAM DK Compagny Canada,POLY / NYLON COL V,exact,https://iwihwtpzrwyybumottcd.supabase.co/storage/v1/object/public/product-images/10615187/10615187_1.jpg | https://iwihwtpzrwyybumottcd.supabase.co/storage/v1/object/public/product-images/10615187/10615187_2.jpg
SP2610037,ESQUALO (ALPHI),POLY / NYLON S.B.,exact,https://iwihwtpzrwyybumottcd.supabase.co/storage/v1/object/public/product-images/SP2610037/SP2610037_1.jpg | https://iwihwtpzrwyybumottcd.supabase.co/storage/v1/object/public/product-images/SP2610037/SP2610037_2.jpg | https://iwihwtpzrwyybumottcd.supabase.co/storage/v1/object/public/product-images/SP2610037/SP2610037_3.jpg | https://iwihwtpzrwyybumottcd.supabase.co/storage/v1/object/public/product-images/SP2610037/SP2610037_4.jpg
30515253,SAINT TROPEZ,POLY COTON,exact,https://iwihwtpzrwyybumottcd.supabase.co/storage/v1/object/public/product-images/30515253/30515253_1.jpg | https://iwihwtpzrwyybumottcd.supabase.co/storage/v1/object/public/product-images/30515253/30515253_2.jpg | https://iwihwtpzrwyybumottcd.supabase.co/storage/v1/object/public/product-images/30515253/30515253_3.jpg | https://iwihwtpzrwyybumottcd.supabase.co/storage/v1/object/public/product-images/30515253/30515253_4.jpg | https://iwihwtpzrwyybumottcd.supabase.co/storage/v1/object/public/product-images/30515253/30515253_5.jpg | https://iwihwtpzrwyybumottcd.supabase.co/storage/v1/object/public/product-images/30515253/30515253_6.jpg | https://iwihwtpzrwyybumottcd.supabase.co/storage/v1/object/public/product-images/30515253/30515253_7.jpg
I50245,Garcia,POLY VISCOSE COL ROND,exact,https://iwihwtpzrwyybumottcd.supabase.co/storage/v1/object/public/product-images/I50245/I50245_1.jpg | https://iwihwtpzrwyybumottcd.supabase.co/storage/v1/object/public/product-images/I50245/I50245_2.jpg | https://iwihwtpzrwyybumottcd.supabase.co/storage/v1/object/public/product-images/I50245/I50245_3.jpg
X122189,APRICOT COLLECTIONS,POLY VISCOSE COL ROND,approx,https://iwihwtpzrwyybumottcd.supabase.co/storage/v1/object/public/product-images/X122189/X122189_1.jpg | https://iwihwtpzrwyybumottcd.supabase.co/storage/v1/object/public/product-images/X122189/X122189_2.jpg
10.DR3144H,ASTRID (IMPORTATION BOLIDE),POLY/COTON,approx,https://iwihwtpzrwyybumottcd.supabase.co/storage/v1/object/public/product-images/10.DR3144H/10.DR3144H_1.jpg | https://iwihwtpzrwyybumottcd.supabase.co/storage/v1/object/public/product-images/10.DR3144H/10.DR3144H_2.jpg
JETTISZ,SAINT TROPEZ,POLY/COTON COL ROND,approx,https://iwihwtpzrwyybumottcd.supabase.co/storage/v1/object/public/product-images/JETTISZ/JETTISZ_1.jpg | https://iwihwtpzrwyybumottcd.supabase.co/storage/v1/object/public/product-images/JETTISZ/JETTISZ_2.jpg
B50043,Garcia,POLY/COTON COL ROND,exact,https://iwihwtpzrwyybumottcd.supabase.co/storage/v1/object/public/product-images/B50043/B50043_1.jpg | https://iwihwtpzrwyybumottcd.supabase.co/storage/v1/object/public/product-images/B50043/B50043_2.jpg | https://iwihwtpzrwyybumottcd.supabase.co/storage/v1/object/public/product-images/B50043/B50043_3.jpg
MISTA510,VICARIO (Codav & Forest Import),POLY/NYLON COL V,approx,https://iwihwtpzrwyybumottcd.supabase.co/storage/v1/object/public/product-images/MISTA510/MISTA510_1.jpg | https://iwihwtpzrwyybumottcd.supabase.co/storage/v1/object/public/product-images/MISTA510/MISTA510_2.jpg
W40252,Garcia,POLYAMIDE,exact,https://iwihwtpzrwyybumottcd.supabase.co/storage/v1/object/public/product-images/W40252/W40252_1.jpg | https://iwihwtpzrwyybumottcd.supabase.co/storage/v1/object/public/product-images/W40252/W40252_2.jpg | https://iwihwtpzrwyybumottcd.supabase.co/storage/v1/object/public/product-images/W40252/W40252_3.jpg
N260210,Garcia,POLYAMIDE,exact,https://iwihwtpzrwyybumottcd.supabase.co/storage/v1/object/public/product-images/N260210/N260210_1.jpg | https://iwihwtpzrwyybumottcd.supabase.co/storage/v1/object/public/product-images/N260210/N260210_2.jpg | https://iwihwtpzrwyybumottcd.supabase.co/storage/v1/object/public/product-images/N260210/N260210_3.jpg
Z0054,Garcia,POLYAMIDE,exact,https://iwihwtpzrwyybumottcd.supabase.co/storage/v1/object/public/product-images/Z0054/Z0054_1.jpg | https://iwihwtpzrwyybumottcd.supabase.co/storage/v1/object/public/product-images/Z0054/Z0054_2.jpg | https://iwihwtpzrwyybumottcd.supabase.co/storage/v1/object/public/product-images/Z0054/Z0054_3.jpg
C4217401,TRAMONTANA Alphi,POLYAMIDE,exact,https://iwihwtpzrwyybumottcd.supabase.co/storage/v1/object/public/product-images/C4217401/C4217401_1.jpg
30514424,SAINT TROPEZ,POLYAMIDE,exact,https://iwihwtpzrwyybumottcd.supabase.co/storage/v1/object/public/product-images/30514424/30514424_1.jpg | https://iwihwtpzrwyybumottcd.supabase.co/storage/v1/object/public/product-images/30514424/30514424_2.jpg | https://iwihwtpzrwyybumottcd.supabase.co/storage/v1/object/public/product-images/30514424/30514424_3.jpg
LC1,PAOLO TRICOT ELITE FINE IMPORTS,POLYAMIDE,approx,https://iwihwtpzrwyybumottcd.supabase.co/storage/v1/object/public/product-images/LC1/LC1_1.jpg | https://iwihwtpzrwyybumottcd.supabase.co/storage/v1/object/public/product-images/LC1/LC1_2.jpg
7036E,Lez A Lez (DDL 9190-8608 Québec Inc.),POLYAMIDE,approx,https://iwihwtpzrwyybumottcd.supabase.co/storage/v1/object/public/product-images/7036E/7036E_1.jpg | https://iwihwtpzrwyybumottcd.supabase.co/storage/v1/object/public/product-images/7036E/7036E_2.jpg
F2530510,ESQUALO (ALPHI),POLYAMIDE,exact,https://iwihwtpzrwyybumottcd.supabase.co/storage/v1/object/public/product-images/F2530510/F2530510_1.jpg | https://iwihwtpzrwyybumottcd.supabase.co/storage/v1/object/public/product-images/F2530510/F2530510_2.jpg | https://iwihwtpzrwyybumottcd.supabase.co/storage/v1/object/public/product-images/F2530510/F2530510_3.jpg | https://iwihwtpzrwyybumottcd.supabase.co/storage/v1/object/public/product-images/F2530510/F2530510_4.jpg
X133758,APRICOT COLLECTIONS,POLYAMIDE,approx,https://iwihwtpzrwyybumottcd.supabase.co/storage/v1/object/public/product-images/X133758/X133758_1.jpg | https://iwihwtpzrwyybumottcd.supabase.co/storage/v1/object/public/product-images/X133758/X133758_2.jpg
H50044,Garcia,POLYAMIDE,exact,https://iwihwtpzrwyybumottcd.supabase.co/storage/v1/object/public/product-images/H50044/H50044_1.jpg | https://iwihwtpzrwyybumottcd.supabase.co/storage/v1/object/public/product-images/H50044/H50044_2.jpg | https://iwihwtpzrwyybumottcd.supabase.co/storage/v1/object/public/product-images/H50044/H50044_3.jpg
10615257,CREAM DK Compagny Canada,POLYCOTON,exact,https://iwihwtpzrwyybumottcd.supabase.co/storage/v1/object/public/product-images/10615257/10615257_1.jpg
5402900355L,JANOR (MAC),POLYCOTON EXT.,exact,https://iwihwtpzrwyybumottcd.supabase.co/storage/v1/object/public/product-images/5402900355L/5402900355L_1.jpg
DELAIDE,RAGWEAR,POLYESTER,approx,https://iwihwtpzrwyybumottcd.supabase.co/storage/v1/object/public/product-images/DELAIDE/DELAIDE_1.jpg | https://iwihwtpzrwyybumottcd.supabase.co/storage/v1/object/public/product-images/DELAIDE/DELAIDE_2.jpg
30514943,SAINT TROPEZ,POLYESTER,exact,https://iwihwtpzrwyybumottcd.supabase.co/storage/v1/object/public/product-images/30514943/30514943_1.jpg
5112E,Lez A Lez (DDL 9190-8608 Québec Inc.),POLYESTER,exact,https://iwihwtpzrwyybumottcd.supabase.co/storage/v1/object/public/product-images/5112E/5112E_1.jpg | https://iwihwtpzrwyybumottcd.supabase.co/storage/v1/object/public/product-images/5112E/5112E_2.jpg
30514744,SAINT TROPEZ,POLYESTER,exact,https://iwihwtpzrwyybumottcd.supabase.co/storage/v1/object/public/product-images/30514744/30514744_1.jpg | https://iwihwtpzrwyybumottcd.supabase.co/storage/v1/object/public/product-images/30514744/30514744_2.jpg | https://iwihwtpzrwyybumottcd.supabase.co/storage/v1/object/public/product-images/30514744/30514744_3.jpg
30514708,SAINT TROPEZ,POLYESTER,exact,https://iwihwtpzrwyybumottcd.supabase.co/storage/v1/object/public/product-images/30514708/30514708_1.jpg | https://iwihwtpzrwyybumottcd.supabase.co/storage/v1/object/public/product-images/30514708/30514708_2.jpg | https://iwihwtpzrwyybumottcd.supabase.co/storage/v1/object/public/product-images/30514708/30514708_3.jpg
30514707,SAINT TROPEZ,POLYESTER,exact,https://iwihwtpzrwyybumottcd.supabase.co/storage/v1/object/public/product-images/30514707/30514707_1.jpg | https://iwihwtpzrwyybumottcd.supabase.co/storage/v1/object/public/product-images/30514707/30514707_2.jpg | https://iwihwtpzrwyybumottcd.supabase.co/storage/v1/object/public/product-images/30514707/30514707_3.jpg
30404,UP,POLYESTER,approx,https://iwihwtpzrwyybumottcd.supabase.co/storage/v1/object/public/product-images/30404/30404_1.jpg | https://iwihwtpzrwyybumottcd.supabase.co/storage/v1/object/public/product-images/30404/30404_2.jpg
MILASZ,SAINT TROPEZ,POLYESTER,exact,https://iwihwtpzrwyybumottcd.supabase.co/storage/v1/object/public/product-images/MILASZ/MILASZ_1.jpg | https://iwihwtpzrwyybumottcd.supabase.co/storage/v1/object/public/product-images/MILASZ/MILASZ_2.jpg | https://iwihwtpzrwyybumottcd.supabase.co/storage/v1/object/public/product-images/MILASZ/MILASZ_3.jpg
10610119,CREAM DK Compagny Canada,POLYESTER,exact,https://iwihwtpzrwyybumottcd.supabase.co/storage/v1/object/public/product-images/10610119/10610119_1.jpg | https://iwihwtpzrwyybumottcd.supabase.co/storage/v1/object/public/product-images/10610119/10610119_2.jpg | https://iwihwtpzrwyybumottcd.supabase.co/storage/v1/object/public/product-images/10610119/10610119_3.jpg | https://iwihwtpzrwyybumottcd.supabase.co/storage/v1/object/public/product-images/10610119/10610119_4.jpg
O0517701,TRAMONTANA Alphi,POLYESTER,approx,https://iwihwtpzrwyybumottcd.supabase.co/storage/v1/object/public/product-images/O0517701/O0517701_1.jpg | https://iwihwtpzrwyybumottcd.supabase.co/storage/v1/object/public/product-images/O0517701/O0517701_2.jpg
O260110,Garcia,POLYESTER,exact,https://iwihwtpzrwyybumottcd.supabase.co/storage/v1/object/public/product-images/O260110/O260110_1.jpg | https://iwihwtpzrwyybumottcd.supabase.co/storage/v1/object/public/product-images/O260110/O260110_2.jpg | https://iwihwtpzrwyybumottcd.supabase.co/storage/v1/object/public/product-images/O260110/O260110_3.jpg
25WWPK05,DESIGUAL FEMME,POLYESTER,exact,https://iwihwtpzrwyybumottcd.supabase.co/storage/v1/object/public/product-images/25WWPK05/25WWPK05_1.jpg | https://iwihwtpzrwyybumottcd.supabase.co/storage/v1/object/public/product-images/25WWPK05/25WWPK05_2.jpg | https://iwihwtpzrwyybumottcd.supabase.co/storage/v1/object/public/product-images/25WWPK05/25WWPK05_3.jpg
25WWEW11,DESIGUAL FEMME,POLYESTER,exact,https://iwihwtpzrwyybumottcd.supabase.co/storage/v1/object/public/product-images/25WWEW11/25WWEW11_1.jpg | https://iwihwtpzrwyybumottcd.supabase.co/storage/v1/object/public/product-images/25WWEW11/25WWEW11_2.jpg | https://iwihwtpzrwyybumottcd.supabase.co/storage/v1/object/public/product-images/25WWEW11/25WWEW11_3.jpg
25SWJF211001,DESIGUAL FEMME,POLYESTER,exact,https://iwihwtpzrwyybumottcd.supabase.co/storage/v1/object/public/product-images/25SWJF211001/25SWJF211001_1.jpg
10608712,CREAM DK Compagny Canada,POLYESTER,exact,https://iwihwtpzrwyybumottcd.supabase.co/storage/v1/object/public/product-images/10608712/10608712_1.jpg
25WWEW19,DESIGUAL FEMME,POLYESTER,exact,https://iwihwtpzrwyybumottcd.supabase.co/storage/v1/object/public/product-images/25WWEW19/25WWEW19_1.jpg | https://iwihwtpzrwyybumottcd.supabase.co/storage/v1/object/public/product-images/25WWEW19/25WWEW19_2.jpg | https://iwihwtpzrwyybumottcd.supabase.co/storage/v1/object/public/product-images/25WWEW19/25WWEW19_3.jpg
22.LD1460X,M Italy (Importation Bolide),POLYESTER,approx,https://iwihwtpzrwyybumottcd.supabase.co/storage/v1/object/public/product-images/22.LD1460X/22.LD1460X_1.jpg | https://iwihwtpzrwyybumottcd.supabase.co/storage/v1/object/public/product-images/22.LD1460X/22.LD1460X_2.jpg
LA.GIANNA,FILATI (Les Importations),POLYESTER,approx,https://iwihwtpzrwyybumottcd.supabase.co/storage/v1/object/public/product-images/LA.GIANNA/LA.GIANNA_1.jpg | https://iwihwtpzrwyybumottcd.supabase.co/storage/v1/object/public/product-images/LA.GIANNA/LA.GIANNA_2.jpg
LA.CORNELIA,FILATI (Les Importations),POLYESTER,approx,https://iwihwtpzrwyybumottcd.supabase.co/storage/v1/object/public/product-images/LA.CORNELIA/LA.CORNELIA_1.jpg | https://iwihwtpzrwyybumottcd.supabase.co/storage/v1/object/public/product-images/LA.CORNELIA/LA.CORNELIA_2.jpg
53C.41023,COMPAGNIA FANTASTICA,POLYESTER,exact,https://iwihwtpzrwyybumottcd.supabase.co/storage/v1/object/public/product-images/53C.41023/53C.41023_1.jpg | https://iwihwtpzrwyybumottcd.supabase.co/storage/v1/object/public/product-images/53C.41023/53C.41023_2.jpg | https://iwihwtpzrwyybumottcd.supabase.co/storage/v1/object/public/product-images/53C.41023/53C.41023_3.jpg | https://iwihwtpzrwyybumottcd.supabase.co/storage/v1/object/public/product-images/53C.41023/53C.41023_4.jpg
10614133,CREAM DK Compagny Canada,POLYESTER,exact,https://iwihwtpzrwyybumottcd.supabase.co/storage/v1/object/public/product-images/10614133/10614133_1.jpg | https://iwihwtpzrwyybumottcd.supabase.co/storage/v1/object/public/product-images/10614133/10614133_2.jpg | https://iwihwtpzrwyybumottcd.supabase.co/storage/v1/object/public/product-images/10614133/10614133_3.jpg
54C.10368,COMPAGNIA FANTASTICA,POLYESTER,approx,https://iwihwtpzrwyybumottcd.supabase.co/storage/v1/object/public/product-images/54C.10368/54C.10368_1.jpg | https://iwihwtpzrwyybumottcd.supabase.co/storage/v1/object/public/product-images/54C.10368/54C.10368_2.jpg
54C.11116,COMPAGNIA FANTASTICA,POLYESTER,exact,https://iwihwtpzrwyybumottcd.supabase.co/storage/v1/object/public/product-images/54C.11116/54C.11116_1.jpg | https://iwihwtpzrwyybumottcd.supabase.co/storage/v1/object/public/product-images/54C.11116/54C.11116_2.jpg | https://iwihwtpzrwyybumottcd.supabase.co/storage/v1/object/public/product-images/54C.11116/54C.11116_3.jpg | https://iwihwtpzrwyybumottcd.supabase.co/storage/v1/object/public/product-images/54C.11116/54C.11116_4.jpg
SP2502023,ESQUALO (ALPHI),POLYESTER,exact,https://iwihwtpzrwyybumottcd.supabase.co/storage/v1/object/public/product-images/SP2502023/SP2502023_1.jpg | https://iwihwtpzrwyybumottcd.supabase.co/storage/v1/object/public/product-images/SP2502023/SP2502023_2.jpg | https://iwihwtpzrwyybumottcd.supabase.co/storage/v1/object/public/product-images/SP2502023/SP2502023_3.jpg | https://iwihwtpzrwyybumottcd.supabase.co/storage/v1/object/public/product-images/SP2502023/SP2502023_4.jpg
I50296,Garcia,POLYESTER,exact,https://iwihwtpzrwyybumottcd.supabase.co/storage/v1/object/public/product-images/I50296/I50296_1.jpg | https://iwihwtpzrwyybumottcd.supabase.co/storage/v1/object/public/product-images/I50296/I50296_2.jpg | https://iwihwtpzrwyybumottcd.supabase.co/storage/v1/object/public/product-images/I50296/I50296_3.jpg
SP2510024,ESQUALO (ALPHI),POLYESTER,exact,https://iwihwtpzrwyybumottcd.supabase.co/storage/v1/object/public/product-images/SP2510024/SP2510024_1.jpg
SP2528002,ESQUALO (ALPHI),POLYESTER,exact,https://iwihwtpzrwyybumottcd.supabase.co/storage/v1/object/public/product-images/SP2528002/SP2528002_1.jpg | https://iwihwtpzrwyybumottcd.supabase.co/storage/v1/object/public/product-images/SP2528002/SP2528002_2.jpg | https://iwihwtpzrwyybumottcd.supabase.co/storage/v1/object/public/product-images/SP2528002/SP2528002_3.jpg | https://iwihwtpzrwyybumottcd.supabase.co/storage/v1/object/public/product-images/SP2528002/SP2528002_4.jpg
H50094,Garcia,POLYESTER,exact,https://iwihwtpzrwyybumottcd.supabase.co/storage/v1/object/public/product-images/H50094/H50094_1.jpg | https://iwihwtpzrwyybumottcd.supabase.co/storage/v1/object/public/product-images/H50094/H50094_2.jpg | https://iwihwtpzrwyybumottcd.supabase.co/storage/v1/object/public/product-images/H50094/H50094_3.jpg
68467,UP,POLYESTER,approx,https://iwihwtpzrwyybumottcd.supabase.co/storage/v1/object/public/product-images/68467/68467_1.jpg | https://iwihwtpzrwyybumottcd.supabase.co/storage/v1/object/public/product-images/68467/68467_2.jpg
N260315,Garcia,POLYESTER,exact,https://iwihwtpzrwyybumottcd.supabase.co/storage/v1/object/public/product-images/N260315/N260315_1.jpg | https://iwihwtpzrwyybumottcd.supabase.co/storage/v1/object/public/product-images/N260315/N260315_2.jpg | https://iwihwtpzrwyybumottcd.supabase.co/storage/v1/object/public/product-images/N260315/N260315_3.jpg
68871,UP,POLYESTER,approx,https://iwihwtpzrwyybumottcd.supabase.co/storage/v1/object/public/product-images/68871/68871_1.jpg | https://iwihwtpzrwyybumottcd.supabase.co/storage/v1/object/public/product-images/68871/68871_2.jpg
N260294,Garcia,POLYESTER,exact,https://iwihwtpzrwyybumottcd.supabase.co/storage/v1/object/public/product-images/N260294/N260294_1.jpg | https://iwihwtpzrwyybumottcd.supabase.co/storage/v1/object/public/product-images/N260294/N260294_2.jpg | https://iwihwtpzrwyybumottcd.supabase.co/storage/v1/object/public/product-images/N260294/N260294_3.jpg
G50223,Garcia,POLYESTER,exact,https://iwihwtpzrwyybumottcd.supabase.co/storage/v1/object/public/product-images/G50223/G50223_1.jpg
7127E,Lez A Lez (DDL 9190-8608 Québec Inc.),POLYESTER,exact,https://iwihwtpzrwyybumottcd.supabase.co/storage/v1/object/public/product-images/7127E/7127E_1.jpg | https://iwihwtpzrwyybumottcd.supabase.co/storage/v1/object/public/product-images/7127E/7127E_2.jpg
TIFA207,VICARIO (Codav & Forest Import),POLYESTER,approx,https://iwihwtpzrwyybumottcd.supabase.co/storage/v1/object/public/product-images/TIFA207/TIFA207_1.jpg | https://iwihwtpzrwyybumottcd.supabase.co/storage/v1/object/public/product-images/TIFA207/TIFA207_2.jpg
F257P6485,ADELYN RAE,POLYESTER,approx,https://iwihwtpzrwyybumottcd.supabase.co/storage/v1/object/public/product-images/F257P6485/F257P6485_1.jpg | https://iwihwtpzrwyybumottcd.supabase.co/storage/v1/object/public/product-images/F257P6485/F257P6485_2.jpg
X120901,APRICOT COLLECTIONS,POLYESTER,exact,https://iwihwtpzrwyybumottcd.supabase.co/storage/v1/object/public/product-images/X120901/X120901_1.jpg | https://iwihwtpzrwyybumottcd.supabase.co/storage/v1/object/public/product-images/X120901/X120901_2.jpg | https://iwihwtpzrwyybumottcd.supabase.co/storage/v1/object/public/product-images/X120901/X120901_3.jpg | https://iwihwtpzrwyybumottcd.supabase.co/storage/v1/object/public/product-images/X120901/X120901_4.jpg
X122677,APRICOT COLLECTIONS,POLYESTER,approx,https://iwihwtpzrwyybumottcd.supabase.co/storage/v1/object/public/product-images/X122677/X122677_1.jpg | https://iwihwtpzrwyybumottcd.supabase.co/storage/v1/object/public/product-images/X122677/X122677_2.jpg
C3815401,TRAMONTANA Alphi,POLYESTER,exact,https://iwihwtpzrwyybumottcd.supabase.co/storage/v1/object/public/product-images/C3815401/C3815401_1.jpg
X132355,APRICOT COLLECTIONS,POLYESTER,approx,https://iwihwtpzrwyybumottcd.supabase.co/storage/v1/object/public/product-images/X132355/X132355_1.jpg | https://iwihwtpzrwyybumottcd.supabase.co/storage/v1/object/public/product-images/X132355/X132355_2.jpg
X132676,APRICOT COLLECTIONS,POLYESTER,exact,https://iwihwtpzrwyybumottcd.supabase.co/storage/v1/object/public/product-images/X132676/X132676_1.jpg | https://iwihwtpzrwyybumottcd.supabase.co/storage/v1/object/public/product-images/X132676/X132676_2.jpg | https://iwihwtpzrwyybumottcd.supabase.co/storage/v1/object/public/product-images/X132676/X132676_3.jpg | https://iwihwtpzrwyybumottcd.supabase.co/storage/v1/object/public/product-images/X132676/X132676_4.jpg
X181575,APRICOT COLLECTIONS,POLYESTER,exact,https://iwihwtpzrwyybumottcd.supabase.co/storage/v1/object/public/product-images/X181575/X181575_1.jpg | https://iwihwtpzrwyybumottcd.supabase.co/storage/v1/object/public/product-images/X181575/X181575_2.jpg | https://iwihwtpzrwyybumottcd.supabase.co/storage/v1/object/public/product-images/X181575/X181575_3.jpg | https://iwihwtpzrwyybumottcd.supabase.co/storage/v1/object/public/product-images/X181575/X181575_4.jpg
C4715401,TRAMONTANA Alphi,POLYESTER,exact,https://iwihwtpzrwyybumottcd.supabase.co/storage/v1/object/public/product-images/C4715401/C4715401_1.jpg
1112066W,M Italy (Importation Bolide),POLYESTER,approx,https://iwihwtpzrwyybumottcd.supabase.co/storage/v1/object/public/product-images/1112066W/1112066W_1.jpg | https://iwihwtpzrwyybumottcd.supabase.co/storage/v1/object/public/product-images/1112066W/1112066W_2.jpg
10615255,CREAM DK Compagny Canada,POLYESTER,approx,https://iwihwtpzrwyybumottcd.supabase.co/storage/v1/object/public/product-images/10615255/10615255_1.jpg | https://iwihwtpzrwyybumottcd.supabase.co/storage/v1/object/public/product-images/10615255/10615255_2.jpg | https://iwihwtpzrwyybumottcd.supabase.co/storage/v1/object/public/product-images/10615255/10615255_3.jpg
F254680VL,MÉLISSA NEPTON INC,POLYESTER,exact,https://iwihwtpzrwyybumottcd.supabase.co/storage/v1/object/public/product-images/F254680VL/F254680VL_1.jpg | https://iwihwtpzrwyybumottcd.supabase.co/storage/v1/object/public/product-images/F254680VL/F254680VL_2.jpg
F2518503,ESQUALO (ALPHI),POLYESTER,exact,https://iwihwtpzrwyybumottcd.supabase.co/storage/v1/object/public/product-images/F2518503/F2518503_1.jpg | https://iwihwtpzrwyybumottcd.supabase.co/storage/v1/object/public/product-images/F2518503/F2518503_2.jpg | https://iwihwtpzrwyybumottcd.supabase.co/storage/v1/object/public/product-images/F2518503/F2518503_3.jpg | https://iwihwtpzrwyybumottcd.supabase.co/storage/v1/object/public/product-images/F2518503/F2518503_4.jpg
7347E,Lez A Lez (DDL 9190-8608 Québec Inc.),POLYESTER,approx,https://iwihwtpzrwyybumottcd.supabase.co/storage/v1/object/public/product-images/7347E/7347E_1.jpg | https://iwihwtpzrwyybumottcd.supabase.co/storage/v1/object/public/product-images/7347E/7347E_2.jpg
26.21.J0732H,ASTRID (IMPORTATION BOLIDE),POLYESTER,approx,https://iwihwtpzrwyybumottcd.supabase.co/storage/v1/object/public/product-images/26.21.J0732H/26.21.J0732H_1.jpg | https://iwihwtpzrwyybumottcd.supabase.co/storage/v1/object/public/product-images/26.21.J0732H/26.21.J0732H_2.jpg
10614145,CREAM DK Compagny Canada,POLYESTER,exact,https://iwihwtpzrwyybumottcd.supabase.co/storage/v1/object/public/product-images/10614145/10614145_1.jpg | https://iwihwtpzrwyybumottcd.supabase.co/storage/v1/object/public/product-images/10614145/10614145_2.jpg | https://iwihwtpzrwyybumottcd.supabase.co/storage/v1/object/public/product-images/10614145/10614145_3.jpg | https://iwihwtpzrwyybumottcd.supabase.co/storage/v1/object/public/product-images/10614145/10614145_4.jpg
7039E,Lez A Lez (DDL 9190-8608 Québec Inc.),POLYESTER,approx,https://iwihwtpzrwyybumottcd.supabase.co/storage/v1/object/public/product-images/7039E/7039E_1.jpg | https://iwihwtpzrwyybumottcd.supabase.co/storage/v1/object/public/product-images/7039E/7039E_2.jpg
10614714,CREAM DK Compagny Canada,POLYESTER,exact,https://iwihwtpzrwyybumottcd.supabase.co/storage/v1/object/public/product-images/10614714/10614714_1.jpg | https://iwihwtpzrwyybumottcd.supabase.co/storage/v1/object/public/product-images/10614714/10614714_2.jpg | https://iwihwtpzrwyybumottcd.supabase.co/storage/v1/object/public/product-images/10614714/10614714_3.jpg
10614326,CREAM DK Compagny Canada,POLYESTER,exact,https://iwihwtpzrwyybumottcd.supabase.co/storage/v1/object/public/product-images/10614326/10614326_1.jpg | https://iwihwtpzrwyybumottcd.supabase.co/storage/v1/object/public/product-images/10614326/10614326_2.jpg | https://iwihwtpzrwyybumottcd.supabase.co/storage/v1/object/public/product-images/10614326/10614326_3.jpg | https://iwihwtpzrwyybumottcd.supabase.co/storage/v1/object/public/product-images/10614326/10614326_4.jpg
331679W,M Italy (Importation Bolide),POLYESTER,approx,https://iwihwtpzrwyybumottcd.supabase.co/storage/v1/object/public/product-images/331679W/331679W_1.jpg | https://iwihwtpzrwyybumottcd.supabase.co/storage/v1/object/public/product-images/331679W/331679W_2.jpg
10614949,CREAM DK Compagny Canada,POLYESTER,exact,https://iwihwtpzrwyybumottcd.supabase.co/storage/v1/object/public/product-images/10614949/10614949_1.jpg | https://iwihwtpzrwyybumottcd.supabase.co/storage/v1/object/public/product-images/10614949/10614949_2.jpg | https://iwihwtpzrwyybumottcd.supabase.co/storage/v1/object/public/product-images/10614949/10614949_3.jpg | https://iwihwtpzrwyybumottcd.supabase.co/storage/v1/object/public/product-images/10614949/10614949_4.jpg
F2507516,ESQUALO (ALPHI),POLYESTER,exact,https://iwihwtpzrwyybumottcd.supabase.co/storage/v1/object/public/product-images/F2507516/F2507516_1.jpg
F2507511,ESQUALO (ALPHI),POLYESTER,exact,https://iwihwtpzrwyybumottcd.supabase.co/storage/v1/object/public/product-images/F2507511/F2507511_1.jpg
30514428,SAINT TROPEZ,POLYESTER,approx,https://iwihwtpzrwyybumottcd.supabase.co/storage/v1/object/public/product-images/30514428/30514428_1.jpg | https://iwihwtpzrwyybumottcd.supabase.co/storage/v1/object/public/product-images/30514428/30514428_2.jpg
C50220,Garcia,POLYESTER,exact,https://iwihwtpzrwyybumottcd.supabase.co/storage/v1/object/public/product-images/C50220/C50220_1.jpg | https://iwihwtpzrwyybumottcd.supabase.co/storage/v1/object/public/product-images/C50220/C50220_2.jpg | https://iwihwtpzrwyybumottcd.supabase.co/storage/v1/object/public/product-images/C50220/C50220_3.jpg
CRPALIA,CREAM DK Compagny Canada,POLYESTER,approx,https://iwihwtpzrwyybumottcd.supabase.co/storage/v1/object/public/product-images/CRPALIA/CRPALIA_1.jpg | https://iwihwtpzrwyybumottcd.supabase.co/storage/v1/object/public/product-images/CRPALIA/CRPALIA_2.jpg
SP2502000,ESQUALO (ALPHI),POLYESTER,exact,https://iwihwtpzrwyybumottcd.supabase.co/storage/v1/object/public/product-images/SP2502000/SP2502000_1.jpg | https://iwihwtpzrwyybumottcd.supabase.co/storage/v1/object/public/product-images/SP2502000/SP2502000_2.jpg
30335,UP,POLYESTER,approx,https://iwihwtpzrwyybumottcd.supabase.co/storage/v1/object/public/product-images/30335/30335_1.jpg | https://iwihwtpzrwyybumottcd.supabase.co/storage/v1/object/public/product-images/30335/30335_2.jpg
CELESTA,SAINT TROPEZ,POLYESTER,approx,https://iwihwtpzrwyybumottcd.supabase.co/storage/v1/object/public/product-images/CELESTA/CELESTA_1.jpg | https://iwihwtpzrwyybumottcd.supabase.co/storage/v1/object/public/product-images/CELESTA/CELESTA_2.jpg
10614229,CREAM DK Compagny Canada,POLYESTER,exact,https://iwihwtpzrwyybumottcd.supabase.co/storage/v1/object/public/product-images/10614229/10614229_1.jpg | https://iwihwtpzrwyybumottcd.supabase.co/storage/v1/object/public/product-images/10614229/10614229_2.jpg | https://iwihwtpzrwyybumottcd.supabase.co/storage/v1/object/public/product-images/10614229/10614229_3.jpg
CREMERY,CREAM DK Compagny Canada,POLYESTER,exact,https://iwihwtpzrwyybumottcd.supabase.co/storage/v1/object/public/product-images/CREMERY/CREMERY_1.jpg
10613504,CREAM DK Compagny Canada,POLYESTER,exact,https://iwihwtpzrwyybumottcd.supabase.co/storage/v1/object/public/product-images/10613504/10613504_1.jpg | https://iwihwtpzrwyybumottcd.supabase.co/storage/v1/object/public/product-images/10613504/10613504_2.jpg
10613300,CREAM DK Compagny Canada,POLYESTER,exact,https://iwihwtpzrwyybumottcd.supabase.co/storage/v1/object/public/product-images/10613300/10613300_1.jpg | https://iwihwtpzrwyybumottcd.supabase.co/storage/v1/object/public/product-images/10613300/10613300_2.jpg | https://iwihwtpzrwyybumottcd.supabase.co/storage/v1/object/public/product-images/10613300/10613300_3.jpg
10612047,CREAM DK Compagny Canada,POLYESTER,exact,https://iwihwtpzrwyybumottcd.supabase.co/storage/v1/object/public/product-images/10612047/10612047_1.jpg | https://iwihwtpzrwyybumottcd.supabase.co/storage/v1/object/public/product-images/10612047/10612047_2.jpg | https://iwihwtpzrwyybumottcd.supabase.co/storage/v1/object/public/product-images/10612047/10612047_3.jpg | https://iwihwtpzrwyybumottcd.supabase.co/storage/v1/object/public/product-images/10612047/10612047_4.jpg
10611995,CREAM DK Compagny Canada,POLYESTER,exact,https://iwihwtpzrwyybumottcd.supabase.co/storage/v1/object/public/product-images/10611995/10611995_1.jpg | https://iwihwtpzrwyybumottcd.supabase.co/storage/v1/object/public/product-images/10611995/10611995_2.jpg | https://iwihwtpzrwyybumottcd.supabase.co/storage/v1/object/public/product-images/10611995/10611995_3.jpg
C0915601,TRAMONTANA Alphi,POLYESTER,exact,https://iwihwtpzrwyybumottcd.supabase.co/storage/v1/object/public/product-images/C0915601/C0915601_1.jpg
C1617801,TRAMONTANA Alphi,POLYESTER,exact,https://iwihwtpzrwyybumottcd.supabase.co/storage/v1/object/public/product-images/C1617801/C1617801_1.jpg
3144E,Lez A Lez (DDL 9190-8608 Québec Inc.),POLYESTER,exact,https://iwihwtpzrwyybumottcd.supabase.co/storage/v1/object/public/product-images/3144E/3144E_1.jpg | https://iwihwtpzrwyybumottcd.supabase.co/storage/v1/object/public/product-images/3144E/3144E_2.jpg | https://iwihwtpzrwyybumottcd.supabase.co/storage/v1/object/public/product-images/3144E/3144E_3.jpg
33.10229X,M Italy (Importation Bolide),POLYESTER COL MONTANT,approx,https://iwihwtpzrwyybumottcd.supabase.co/storage/v1/object/public/product-images/33.10229X/33.10229X_1.jpg | https://iwihwtpzrwyybumottcd.supabase.co/storage/v1/object/public/product-images/33.10229X/33.10229X_2.jpg
54C.11125,COMPAGNIA FANTASTICA,POLYESTER COL MONTANT,exact,https://iwihwtpzrwyybumottcd.supabase.co/storage/v1/object/public/product-images/54C.11125/54C.11125_1.jpg | https://iwihwtpzrwyybumottcd.supabase.co/storage/v1/object/public/product-images/54C.11125/54C.11125_2.jpg | https://iwihwtpzrwyybumottcd.supabase.co/storage/v1/object/public/product-images/54C.11125/54C.11125_3.jpg | https://iwihwtpzrwyybumottcd.supabase.co/storage/v1/object/public/product-images/54C.11125/54C.11125_4.jpg
7076E,Lez A Lez (DDL 9190-8608 Québec Inc.),POLYESTER COL REG.,approx,https://iwihwtpzrwyybumottcd.supabase.co/storage/v1/object/public/product-images/7076E/7076E_1.jpg | https://iwihwtpzrwyybumottcd.supabase.co/storage/v1/object/public/product-images/7076E/7076E_2.jpg
3215E,Lez A Lez (DDL 9190-8608 Québec Inc.),POLYESTER COL REG.,exact,https://iwihwtpzrwyybumottcd.supabase.co/storage/v1/object/public/product-images/3215E/3215E_1.jpg | https://iwihwtpzrwyybumottcd.supabase.co/storage/v1/object/public/product-images/3215E/3215E_2.jpg
X118441,APRICOT COLLECTIONS,POLYESTER COL REG.,approx,https://iwihwtpzrwyybumottcd.supabase.co/storage/v1/object/public/product-images/X118441/X118441_1.jpg | https://iwihwtpzrwyybumottcd.supabase.co/storage/v1/object/public/product-images/X118441/X118441_2.jpg
X118519,APRICOT COLLECTIONS,POLYESTER COL REG.,approx,https://iwihwtpzrwyybumottcd.supabase.co/storage/v1/object/public/product-images/X118519/X118519_1.jpg | https://iwihwtpzrwyybumottcd.supabase.co/storage/v1/object/public/product-images/X118519/X118519_2.jpg
30514226,SAINT TROPEZ,POLYESTER COL REG.,exact,https://iwihwtpzrwyybumottcd.supabase.co/storage/v1/object/public/product-images/30514226/30514226_1.jpg | https://iwihwtpzrwyybumottcd.supabase.co/storage/v1/object/public/product-images/30514226/30514226_2.jpg | https://iwihwtpzrwyybumottcd.supabase.co/storage/v1/object/public/product-images/30514226/30514226_3.jpg
30514710,SAINT TROPEZ,POLYESTER COL REG.,exact,https://iwihwtpzrwyybumottcd.supabase.co/storage/v1/object/public/product-images/30514710/30514710_1.jpg | https://iwihwtpzrwyybumottcd.supabase.co/storage/v1/object/public/product-images/30514710/30514710_2.jpg | https://iwihwtpzrwyybumottcd.supabase.co/storage/v1/object/public/product-images/30514710/30514710_3.jpg
30512493,SAINT TROPEZ,POLYESTER COL ROND,exact,https://iwihwtpzrwyybumottcd.supabase.co/storage/v1/object/public/product-images/30512493/30512493_1.jpg | https://iwihwtpzrwyybumottcd.supabase.co/storage/v1/object/public/product-images/30512493/30512493_2.jpg | https://iwihwtpzrwyybumottcd.supabase.co/storage/v1/object/public/product-images/30512493/30512493_3.jpg
C0720701,TRAMONTANA Alphi,POLYESTER COL ROND,approx,https://iwihwtpzrwyybumottcd.supabase.co/storage/v1/object/public/product-images/C0720701/C0720701_1.jpg | https://iwihwtpzrwyybumottcd.supabase.co/storage/v1/object/public/product-images/C0720701/C0720701_2.jpg
CRKINIA,CREAM DK Compagny Canada,POLYESTER COL ROND,exact,https://iwihwtpzrwyybumottcd.supabase.co/storage/v1/object/public/product-images/CRKINIA/CRKINIA_1.jpg
1012103W,M Italy (Importation Bolide),POLYESTER COL ROND,approx,https://iwihwtpzrwyybumottcd.supabase.co/storage/v1/object/public/product-images/1012103W/1012103W_1.jpg | https://iwihwtpzrwyybumottcd.supabase.co/storage/v1/object/public/product-images/1012103W/1012103W_2.jpg
SP2602006,ESQUALO (ALPHI),POLYESTER COL ROND,exact,https://iwihwtpzrwyybumottcd.supabase.co/storage/v1/object/public/product-images/SP2602006/SP2602006_1.jpg | https://iwihwtpzrwyybumottcd.supabase.co/storage/v1/object/public/product-images/SP2602006/SP2602006_2.jpg
30514236,SAINT TROPEZ,POLYESTER COL ROND,exact,https://iwihwtpzrwyybumottcd.supabase.co/storage/v1/object/public/product-images/30514236/30514236_1.jpg | https://iwihwtpzrwyybumottcd.supabase.co/storage/v1/object/public/product-images/30514236/30514236_2.jpg | https://iwihwtpzrwyybumottcd.supabase.co/storage/v1/object/public/product-images/30514236/30514236_3.jpg
10.12313X,M Italy (Importation Bolide),POLYESTER COL ROND,approx,https://iwihwtpzrwyybumottcd.supabase.co/storage/v1/object/public/product-images/10.12313X/10.12313X_1.jpg | https://iwihwtpzrwyybumottcd.supabase.co/storage/v1/object/public/product-images/10.12313X/10.12313X_2.jpg
F251347KP,MÉLISSA NEPTON INC,POLYESTER COL ROND,exact,https://iwihwtpzrwyybumottcd.supabase.co/storage/v1/object/public/product-images/F251347KP/F251347KP_1.jpg | https://iwihwtpzrwyybumottcd.supabase.co/storage/v1/object/public/product-images/F251347KP/F251347KP_2.jpg | https://iwihwtpzrwyybumottcd.supabase.co/storage/v1/object/public/product-images/F251347KP/F251347KP_3.jpg
61C.12010,COMPAGNIA FANTASTICA,POLYESTER COL ROND,exact,https://iwihwtpzrwyybumottcd.supabase.co/storage/v1/object/public/product-images/61C.12010/61C.12010_1.jpg | https://iwihwtpzrwyybumottcd.supabase.co/storage/v1/object/public/product-images/61C.12010/61C.12010_2.jpg | https://iwihwtpzrwyybumottcd.supabase.co/storage/v1/object/public/product-images/61C.12010/61C.12010_3.jpg | https://iwihwtpzrwyybumottcd.supabase.co/storage/v1/object/public/product-images/61C.12010/61C.12010_4.jpg
JOVITASZ,SAINT TROPEZ,POLYESTER COL ROND,approx,https://iwihwtpzrwyybumottcd.supabase.co/storage/v1/object/public/product-images/JOVITASZ/JOVITASZ_1.jpg | https://iwihwtpzrwyybumottcd.supabase.co/storage/v1/object/public/product-images/JOVITASZ/JOVITASZ_2.jpg
10.AM821.80H,ASTRID (IMPORTATION BOLIDE),POLYESTER COL ROND,approx,https://iwihwtpzrwyybumottcd.supabase.co/storage/v1/object/public/product-images/10.AM821.80H/10.AM821.80H_1.jpg | https://iwihwtpzrwyybumottcd.supabase.co/storage/v1/object/public/product-images/10.AM821.80H/10.AM821.80H_2.jpg
10615205,CREAM DK Compagny Canada,POLYESTER COL ROND,exact,https://iwihwtpzrwyybumottcd.supabase.co/storage/v1/object/public/product-images/10615205/10615205_1.jpg | https://iwihwtpzrwyybumottcd.supabase.co/storage/v1/object/public/product-images/10615205/10615205_2.jpg | https://iwihwtpzrwyybumottcd.supabase.co/storage/v1/object/public/product-images/10615205/10615205_3.jpg
20.LD1496X,M Italy (Importation Bolide),POLYESTER COL ROND,exact,https://iwihwtpzrwyybumottcd.supabase.co/storage/v1/object/public/product-images/20.LD1496X/20.LD1496X_1.jpg
21.12310X,M Italy (Importation Bolide),POLYESTER COL ROND,approx,https://iwihwtpzrwyybumottcd.supabase.co/storage/v1/object/public/product-images/21.12310X/21.12310X_1.jpg | https://iwihwtpzrwyybumottcd.supabase.co/storage/v1/object/public/product-images/21.12310X/21.12310X_2.jpg
25SWBW112000,DESIGUAL FEMME,POLYESTER COL ROND,approx,https://iwihwtpzrwyybumottcd.supabase.co/storage/v1/object/public/product-images/25SWBW112000/25SWBW112000_1.jpg | https://iwihwtpzrwyybumottcd.supabase.co/storage/v1/object/public/product-images/25SWBW112000/25SWBW112000_2.jpg
30512464,SAINT TROPEZ,POLYESTER COL ROND,exact,https://iwihwtpzrwyybumottcd.supabase.co/storage/v1/object/public/product-images/30512464/30512464_1.jpg | https://iwihwtpzrwyybumottcd.supabase.co/storage/v1/object/public/product-images/30512464/30512464_2.jpg | https://iwihwtpzrwyybumottcd.supabase.co/storage/v1/object/public/product-images/30512464/30512464_3.jpg | https://iwihwtpzrwyybumottcd.supabase.co/storage/v1/object/public/product-images/30512464/30512464_4.jpg | https://iwihwtpzrwyybumottcd.supabase.co/storage/v1/object/public/product-images/30512464/30512464_5.jpg | https://iwihwtpzrwyybumottcd.supabase.co/storage/v1/object/public/product-images/30512464/30512464_6.jpg | https://iwihwtpzrwyybumottcd.supabase.co/storage/v1/object/public/product-images/30512464/30512464_7.jpg
F2502521,ESQUALO (ALPHI),POLYESTER COL ROND,exact,https://iwihwtpzrwyybumottcd.supabase.co/storage/v1/object/public/product-images/F2502521/F2502521_1.jpg | https://iwihwtpzrwyybumottcd.supabase.co/storage/v1/object/public/product-images/F2502521/F2502521_2.jpg | https://iwihwtpzrwyybumottcd.supabase.co/storage/v1/object/public/product-images/F2502521/F2502521_3.jpg | https://iwihwtpzrwyybumottcd.supabase.co/storage/v1/object/public/product-images/F2502521/F2502521_4.jpg
528002,TYLER MADISON,POLYESTER COL ROND,exact,https://iwihwtpzrwyybumottcd.supabase.co/storage/v1/object/public/product-images/528002/528002_1.jpg | https://iwihwtpzrwyybumottcd.supabase.co/storage/v1/object/public/product-images/528002/528002_2.jpg
30514735,SAINT TROPEZ,POLYESTER COL V,exact,https://iwihwtpzrwyybumottcd.supabase.co/storage/v1/object/public/product-images/30514735/30514735_1.jpg
D50003,Garcia,POLYESTER COL V,exact,https://iwihwtpzrwyybumottcd.supabase.co/storage/v1/object/public/product-images/D50003/D50003_1.jpg | https://iwihwtpzrwyybumottcd.supabase.co/storage/v1/object/public/product-images/D50003/D50003_2.jpg | https://iwihwtpzrwyybumottcd.supabase.co/storage/v1/object/public/product-images/D50003/D50003_3.jpg
C4015401,TRAMONTANA Alphi,POLYESTER COL V,exact,https://iwihwtpzrwyybumottcd.supabase.co/storage/v1/object/public/product-images/C4015401/C4015401_1.jpg
F256566VL,MÉLISSA NEPTON INC,POLYESTER COL V,exact,https://iwihwtpzrwyybumottcd.supabase.co/storage/v1/object/public/product-images/F256566VL/F256566VL_1.jpg | https://iwihwtpzrwyybumottcd.supabase.co/storage/v1/object/public/product-images/F256566VL/F256566VL_2.jpg | https://iwihwtpzrwyybumottcd.supabase.co/storage/v1/object/public/product-images/F256566VL/F256566VL_3.jpg
7206E,Lez A Lez (DDL 9190-8608 Québec Inc.),POLYESTER COL V,exact,https://iwihwtpzrwyybumottcd.supabase.co/storage/v1/object/public/product-images/7206E/7206E_1.jpg | https://iwihwtpzrwyybumottcd.supabase.co/storage/v1/object/public/product-images/7206E/7206E_2.jpg | https://iwihwtpzrwyybumottcd.supabase.co/storage/v1/object/public/product-images/7206E/7206E_3.jpg
30515244,SAINT TROPEZ,POLYESTER COL V,approx,https://iwihwtpzrwyybumottcd.supabase.co/storage/v1/object/public/product-images/30515244/30515244_1.jpg | https://iwihwtpzrwyybumottcd.supabase.co/storage/v1/object/public/product-images/30515244/30515244_2.jpg
F257557SA,MÉLISSA NEPTON INC,POLYESTER COL V,exact,https://iwihwtpzrwyybumottcd.supabase.co/storage/v1/object/public/product-images/F257557SA/F257557SA_1.jpg | https://iwihwtpzrwyybumottcd.supabase.co/storage/v1/object/public/product-images/F257557SA/F257557SA_2.jpg | https://iwihwtpzrwyybumottcd.supabase.co/storage/v1/object/public/product-images/F257557SA/F257557SA_3.jpg
F257729SA,MÉLISSA NEPTON INC,POLYESTER COL V,exact,https://iwihwtpzrwyybumottcd.supabase.co/storage/v1/object/public/product-images/F257729SA/F257729SA_1.jpg | https://iwihwtpzrwyybumottcd.supabase.co/storage/v1/object/public/product-images/F257729SA/F257729SA_2.jpg
25WWEW59,DESIGUAL FEMME,POLYESTER ELASTANE,exact,https://iwihwtpzrwyybumottcd.supabase.co/storage/v1/object/public/product-images/25WWEW59/25WWEW59_1.jpg
SP2510010,ESQUALO (ALPHI),POLYESTER EXT,exact,https://iwihwtpzrwyybumottcd.supabase.co/storage/v1/object/public/product-images/SP2510010/SP2510010_1.jpg | https://iwihwtpzrwyybumottcd.supabase.co/storage/v1/object/public/product-images/SP2510010/SP2510010_2.jpg | https://iwihwtpzrwyybumottcd.supabase.co/storage/v1/object/public/product-images/SP2510010/SP2510010_3.jpg | https://iwihwtpzrwyybumottcd.supabase.co/storage/v1/object/public/product-images/SP2510010/SP2510010_4.jpg
7266E,Lez A Lez (DDL 9190-8608 Québec Inc.),POLYESTERE,exact,https://iwihwtpzrwyybumottcd.supabase.co/storage/v1/object/public/product-images/7266E/7266E_1.jpg | https://iwihwtpzrwyybumottcd.supabase.co/storage/v1/object/public/product-images/7266E/7266E_2.jpg | https://iwihwtpzrwyybumottcd.supabase.co/storage/v1/object/public/product-images/7266E/7266E_3.jpg
F2511523,ESQUALO (ALPHI),POLYESTERE,exact,https://iwihwtpzrwyybumottcd.supabase.co/storage/v1/object/public/product-images/F2511523/F2511523_1.jpg | https://iwihwtpzrwyybumottcd.supabase.co/storage/v1/object/public/product-images/F2511523/F2511523_2.jpg | https://iwihwtpzrwyybumottcd.supabase.co/storage/v1/object/public/product-images/F2511523/F2511523_3.jpg
3180E,Lez A Lez (DDL 9190-8608 Québec Inc.),POLYESTERE,exact,https://iwihwtpzrwyybumottcd.supabase.co/storage/v1/object/public/product-images/3180E/3180E_1.jpg
30514393,SAINT TROPEZ,POLYLAINE,exact,https://iwihwtpzrwyybumottcd.supabase.co/storage/v1/object/public/product-images/30514393/30514393_1.jpg | https://iwihwtpzrwyybumottcd.supabase.co/storage/v1/object/public/product-images/30514393/30514393_2.jpg | https://iwihwtpzrwyybumottcd.supabase.co/storage/v1/object/public/product-images/30514393/30514393_3.jpg
NUOVOLA T3085,TANTA (Sandstyle Canada Group),POLYURE,exact,https://iwihwtpzrwyybumottcd.supabase.co/storage/v1/object/public/product-images/NUOVOLA_T3085/NUOVOLA_T3085_1.jpg | https://iwihwtpzrwyybumottcd.supabase.co/storage/v1/object/public/product-images/NUOVOLA_T3085/NUOVOLA_T3085_2.jpg | https://iwihwtpzrwyybumottcd.supabase.co/storage/v1/object/public/product-images/NUOVOLA_T3085/NUOVOLA_T3085_3.jpg
BROUILLARDT3216,TANTA (Sandstyle Canada Group),POLYURE,approx,https://iwihwtpzrwyybumottcd.supabase.co/storage/v1/object/public/product-images/BROUILLARDT3216/BROUILLARDT3216_1.jpg | https://iwihwtpzrwyybumottcd.supabase.co/storage/v1/object/public/product-images/BROUILLARDT3216/BROUILLARDT3216_2.jpg
5755610500,LOIS ( FEMME),POLYVISCOSE,exact,https://iwihwtpzrwyybumottcd.supabase.co/storage/v1/object/public/product-images/5755610500/5755610500_1.jpg
68446,UP,POLYVISCOSE,approx,https://iwihwtpzrwyybumottcd.supabase.co/storage/v1/object/public/product-images/68446/68446_1.jpg | https://iwihwtpzrwyybumottcd.supabase.co/storage/v1/object/public/product-images/68446/68446_2.jpg
64566,UP,POLYVISCOSE,approx,https://iwihwtpzrwyybumottcd.supabase.co/storage/v1/object/public/product-images/64566/64566_1.jpg | https://iwihwtpzrwyybumottcd.supabase.co/storage/v1/object/public/product-images/64566/64566_2.jpg
68881,UP,POLYVISCOSE,approx,https://iwihwtpzrwyybumottcd.supabase.co/storage/v1/object/public/product-images/68881/68881_1.jpg | https://iwihwtpzrwyybumottcd.supabase.co/storage/v1/object/public/product-images/68881/68881_2.jpg
526000,TYLER MADISON,POLYVISCOSE,exact,https://iwihwtpzrwyybumottcd.supabase.co/storage/v1/object/public/product-images/526000/526000_1.jpg | https://iwihwtpzrwyybumottcd.supabase.co/storage/v1/object/public/product-images/526000/526000_2.jpg | https://iwihwtpzrwyybumottcd.supabase.co/storage/v1/object/public/product-images/526000/526000_3.jpg
CRANETTWIDEPANT,CREAM DK Compagny Canada,POLYVISCOSE,exact,https://iwihwtpzrwyybumottcd.supabase.co/storage/v1/object/public/product-images/CRANETTWIDEPANT/CRANETTWIDEPANT_1.jpg | https://iwihwtpzrwyybumottcd.supabase.co/storage/v1/object/public/product-images/CRANETTWIDEPANT/CRANETTWIDEPANT_2.jpg | https://iwihwtpzrwyybumottcd.supabase.co/storage/v1/object/public/product-images/CRANETTWIDEPANT/CRANETTWIDEPANT_3.jpg | https://iwihwtpzrwyybumottcd.supabase.co/storage/v1/object/public/product-images/CRANETTWIDEPANT/CRANETTWIDEPANT_4.jpg | https://iwihwtpzrwyybumottcd.supabase.co/storage/v1/object/public/product-images/CRANETTWIDEPANT/CRANETTWIDEPANT_5.jpg
526028,TYLER MADISON,POLYVISCOSE,exact,https://iwihwtpzrwyybumottcd.supabase.co/storage/v1/object/public/product-images/526028/526028_1.jpg | https://iwihwtpzrwyybumottcd.supabase.co/storage/v1/object/public/product-images/526028/526028_2.jpg | https://iwihwtpzrwyybumottcd.supabase.co/storage/v1/object/public/product-images/526028/526028_3.jpg
266007B,TYLER MADISON,POLYVISCOSE,exact,https://iwihwtpzrwyybumottcd.supabase.co/storage/v1/object/public/product-images/266007B/266007B_1.jpg
68619,UP,POLYVISCOSE,approx,https://iwihwtpzrwyybumottcd.supabase.co/storage/v1/object/public/product-images/68619/68619_1.jpg | https://iwihwtpzrwyybumottcd.supabase.co/storage/v1/object/public/product-images/68619/68619_2.jpg
F256573SA,MÉLISSA NEPTON INC,POLYVISCOSE COL ROND,exact,https://iwihwtpzrwyybumottcd.supabase.co/storage/v1/object/public/product-images/F256573SA/F256573SA_1.jpg | https://iwihwtpzrwyybumottcd.supabase.co/storage/v1/object/public/product-images/F256573SA/F256573SA_2.jpg
5124E,Lez A Lez (DDL 9190-8608 Québec Inc.),POLYVISCOSE COL U,exact,https://iwihwtpzrwyybumottcd.supabase.co/storage/v1/object/public/product-images/5124E/5124E_1.jpg | https://iwihwtpzrwyybumottcd.supabase.co/storage/v1/object/public/product-images/5124E/5124E_2.jpg | https://iwihwtpzrwyybumottcd.supabase.co/storage/v1/object/public/product-images/5124E/5124E_3.jpg
B50003,Garcia,POLYVISCOSE COL V,exact,https://iwihwtpzrwyybumottcd.supabase.co/storage/v1/object/public/product-images/B50003/B50003_1.jpg | https://iwihwtpzrwyybumottcd.supabase.co/storage/v1/object/public/product-images/B50003/B50003_2.jpg | https://iwihwtpzrwyybumottcd.supabase.co/storage/v1/object/public/product-images/B50003/B50003_3.jpg
10614518,CREAM DK Compagny Canada,PONCHO,exact,https://iwihwtpzrwyybumottcd.supabase.co/storage/v1/object/public/product-images/10614518/10614518_1.jpg
10610828,CREAM DK Compagny Canada,PONCHO,exact,https://iwihwtpzrwyybumottcd.supabase.co/storage/v1/object/public/product-images/10610828/10610828_1.jpg | https://iwihwtpzrwyybumottcd.supabase.co/storage/v1/object/public/product-images/10610828/10610828_2.jpg | https://iwihwtpzrwyybumottcd.supabase.co/storage/v1/object/public/product-images/10610828/10610828_3.jpg
BG251W059MM,BIZOU Bijoux,PORTE FEUILLE,approx,https://iwihwtpzrwyybumottcd.supabase.co/storage/v1/object/public/product-images/BG251W059MM/BG251W059MM_1.jpg | https://iwihwtpzrwyybumottcd.supabase.co/storage/v1/object/public/product-images/BG251W059MM/BG251W059MM_2.jpg
2468176,Mary Import,PORTE FEUILLE,exact,https://iwihwtpzrwyybumottcd.supabase.co/storage/v1/object/public/product-images/2468176/2468176_1.jpg | https://iwihwtpzrwyybumottcd.supabase.co/storage/v1/object/public/product-images/2468176/2468176_2.jpg | https://iwihwtpzrwyybumottcd.supabase.co/storage/v1/object/public/product-images/2468176/2468176_3.jpg | https://iwihwtpzrwyybumottcd.supabase.co/storage/v1/object/public/product-images/2468176/2468176_4.jpg | https://iwihwtpzrwyybumottcd.supabase.co/storage/v1/object/public/product-images/2468176/2468176_5.jpg | https://iwihwtpzrwyybumottcd.supabase.co/storage/v1/object/public/product-images/2468176/2468176_6.jpg | https://iwihwtpzrwyybumottcd.supabase.co/storage/v1/object/public/product-images/2468176/2468176_7.jpg | https://iwihwtpzrwyybumottcd.supabase.co/storage/v1/object/public/product-images/2468176/2468176_8.jpg
BG251W056BK,BIZOU Bijoux,PORTE FEUILLE,approx,https://iwihwtpzrwyybumottcd.supabase.co/storage/v1/object/public/product-images/BG251W056BK/BG251W056BK_1.jpg | https://iwihwtpzrwyybumottcd.supabase.co/storage/v1/object/public/product-images/BG251W056BK/BG251W056BK_2.jpg
40709901,Mary Import,PORTE FEUILLE,exact,https://iwihwtpzrwyybumottcd.supabase.co/storage/v1/object/public/product-images/40709901/40709901_1.jpg | https://iwihwtpzrwyybumottcd.supabase.co/storage/v1/object/public/product-images/40709901/40709901_2.jpg | https://iwihwtpzrwyybumottcd.supabase.co/storage/v1/object/public/product-images/40709901/40709901_3.jpg
38809903,Mary Import,PORTE FEUILLE,exact,https://iwihwtpzrwyybumottcd.supabase.co/storage/v1/object/public/product-images/38809903/38809903_1.jpg | https://iwihwtpzrwyybumottcd.supabase.co/storage/v1/object/public/product-images/38809903/38809903_2.jpg | https://iwihwtpzrwyybumottcd.supabase.co/storage/v1/object/public/product-images/38809903/38809903_3.jpg | https://iwihwtpzrwyybumottcd.supabase.co/storage/v1/object/public/product-images/38809903/38809903_4.jpg | https://iwihwtpzrwyybumottcd.supabase.co/storage/v1/object/public/product-images/38809903/38809903_5.jpg | https://iwihwtpzrwyybumottcd.supabase.co/storage/v1/object/public/product-images/38809903/38809903_6.jpg | https://iwihwtpzrwyybumottcd.supabase.co/storage/v1/object/public/product-images/38809903/38809903_7.jpg
340,MISS CAPRICE,PORTE FEUILLE,approx,https://iwihwtpzrwyybumottcd.supabase.co/storage/v1/object/public/product-images/340/340_1.jpg | https://iwihwtpzrwyybumottcd.supabase.co/storage/v1/object/public/product-images/340/340_2.jpg
6304,MISS CAPRICE,PORTE FEUILLE,approx,https://iwihwtpzrwyybumottcd.supabase.co/storage/v1/object/public/product-images/6304/6304_1.jpg | https://iwihwtpzrwyybumottcd.supabase.co/storage/v1/object/public/product-images/6304/6304_2.jpg
BG251W063MM,BIZOU Bijoux,PORTE FEUILLE,approx,https://iwihwtpzrwyybumottcd.supabase.co/storage/v1/object/public/product-images/BG251W063MM/BG251W063MM_1.jpg | https://iwihwtpzrwyybumottcd.supabase.co/storage/v1/object/public/product-images/BG251W063MM/BG251W063MM_2.jpg
38809906,Mary Import,PORTE FEUILLE,exact,https://iwihwtpzrwyybumottcd.supabase.co/storage/v1/object/public/product-images/38809906/38809906_1.jpg | https://iwihwtpzrwyybumottcd.supabase.co/storage/v1/object/public/product-images/38809906/38809906_2.jpg | https://iwihwtpzrwyybumottcd.supabase.co/storage/v1/object/public/product-images/38809906/38809906_3.jpg | https://iwihwtpzrwyybumottcd.supabase.co/storage/v1/object/public/product-images/38809906/38809906_4.jpg | https://iwihwtpzrwyybumottcd.supabase.co/storage/v1/object/public/product-images/38809906/38809906_5.jpg | https://iwihwtpzrwyybumottcd.supabase.co/storage/v1/object/public/product-images/38809906/38809906_6.jpg
2745297,Mary Import,PORTE FEUILLE,exact,https://iwihwtpzrwyybumottcd.supabase.co/storage/v1/object/public/product-images/2745297/2745297_1.jpg | https://iwihwtpzrwyybumottcd.supabase.co/storage/v1/object/public/product-images/2745297/2745297_2.jpg | https://iwihwtpzrwyybumottcd.supabase.co/storage/v1/object/public/product-images/2745297/2745297_3.jpg | https://iwihwtpzrwyybumottcd.supabase.co/storage/v1/object/public/product-images/2745297/2745297_4.jpg
7022,Mary Import,PORTE FEUILLE,exact,https://iwihwtpzrwyybumottcd.supabase.co/storage/v1/object/public/product-images/7022/7022_1.jpg | https://iwihwtpzrwyybumottcd.supabase.co/storage/v1/object/public/product-images/7022/7022_2.jpg | https://iwihwtpzrwyybumottcd.supabase.co/storage/v1/object/public/product-images/7022/7022_3.jpg | https://iwihwtpzrwyybumottcd.supabase.co/storage/v1/object/public/product-images/7022/7022_4.jpg
SP2515009,ESQUALO (ALPHI),RAYON,exact,https://iwihwtpzrwyybumottcd.supabase.co/storage/v1/object/public/product-images/SP2515009/SP2515009_1.jpg
33.RS013X,M Italy (Importation Bolide),RAYON,exact,https://iwihwtpzrwyybumottcd.supabase.co/storage/v1/object/public/product-images/33.RS013X/33.RS013X_1.jpg
33.RS016X,M Italy (Importation Bolide),RAYONNE,exact,https://iwihwtpzrwyybumottcd.supabase.co/storage/v1/object/public/product-images/33.RS016X/33.RS016X_1.jpg
PR25BL,CARRELI JEANS,RAYONNE COTON,approx,https://iwihwtpzrwyybumottcd.supabase.co/storage/v1/object/public/product-images/PR25BL/PR25BL_1.jpg | https://iwihwtpzrwyybumottcd.supabase.co/storage/v1/object/public/product-images/PR25BL/PR25BL_2.jpg
PR24BL,CARRELI JEANS,RAYONNE COTON,approx,https://iwihwtpzrwyybumottcd.supabase.co/storage/v1/object/public/product-images/PR24BL/PR24BL_1.jpg | https://iwihwtpzrwyybumottcd.supabase.co/storage/v1/object/public/product-images/PR24BL/PR24BL_2.jpg
PR26MIDSTONE,CARRELI JEANS,RAYONNE COTON,approx,https://iwihwtpzrwyybumottcd.supabase.co/storage/v1/object/public/product-images/PR26MIDSTONE/PR26MIDSTONE_1.jpg | https://iwihwtpzrwyybumottcd.supabase.co/storage/v1/object/public/product-images/PR26MIDSTONE/PR26MIDSTONE_2.jpg
PC001ST,CARRELI JEANS,RAYONNE COTON,approx,https://iwihwtpzrwyybumottcd.supabase.co/storage/v1/object/public/product-images/PC001ST/PC001ST_1.jpg | https://iwihwtpzrwyybumottcd.supabase.co/storage/v1/object/public/product-images/PC001ST/PC001ST_2.jpg
PP003BL,CARRELI JEANS,RAYONNE COTON,approx,https://iwihwtpzrwyybumottcd.supabase.co/storage/v1/object/public/product-images/PP003BL/PP003BL_1.jpg | https://iwihwtpzrwyybumottcd.supabase.co/storage/v1/object/public/product-images/PP003BL/PP003BL_2.jpg
528003,TYLER MADISON,S M COL BAVEAU,exact,https://iwihwtpzrwyybumottcd.supabase.co/storage/v1/object/public/product-images/528003/528003_1.jpg | https://iwihwtpzrwyybumottcd.supabase.co/storage/v1/object/public/product-images/528003/528003_2.jpg | https://iwihwtpzrwyybumottcd.supabase.co/storage/v1/object/public/product-images/528003/528003_3.jpg
528008,TYLER MADISON,S M COL BAVEAU,exact,https://iwihwtpzrwyybumottcd.supabase.co/storage/v1/object/public/product-images/528008/528008_1.jpg | https://iwihwtpzrwyybumottcd.supabase.co/storage/v1/object/public/product-images/528008/528008_2.jpg | https://iwihwtpzrwyybumottcd.supabase.co/storage/v1/object/public/product-images/528008/528008_3.jpg
258010,TYLER MADISON,S M COL BAVEAU,exact,https://iwihwtpzrwyybumottcd.supabase.co/storage/v1/object/public/product-images/258010/258010_1.jpg | https://iwihwtpzrwyybumottcd.supabase.co/storage/v1/object/public/product-images/258010/258010_2.jpg | https://iwihwtpzrwyybumottcd.supabase.co/storage/v1/object/public/product-images/258010/258010_3.jpg
F255D6351,ADELYN RAE,S MANCHE COTON,approx,https://iwihwtpzrwyybumottcd.supabase.co/storage/v1/object/public/product-images/F255D6351/F255D6351_1.jpg | https://iwihwtpzrwyybumottcd.supabase.co/storage/v1/object/public/product-images/F255D6351/F255D6351_2.jpg | https://iwihwtpzrwyybumottcd.supabase.co/storage/v1/object/public/product-images/F255D6351/F255D6351_3.jpg | https://iwihwtpzrwyybumottcd.supabase.co/storage/v1/object/public/product-images/F255D6351/F255D6351_4.jpg
LILITHE,RAGWEAR,S MANCHE COTON,approx,https://iwihwtpzrwyybumottcd.supabase.co/storage/v1/object/public/product-images/LILITHE/LILITHE_1.jpg | https://iwihwtpzrwyybumottcd.supabase.co/storage/v1/object/public/product-images/LILITHE/LILITHE_2.jpg
MANILADRESS,MÉLISSA NEPTON INC,S MANCHE COTON,exact,https://iwihwtpzrwyybumottcd.supabase.co/storage/v1/object/public/product-images/MANILADRESS/MANILADRESS_1.jpg | https://iwihwtpzrwyybumottcd.supabase.co/storage/v1/object/public/product-images/MANILADRESS/MANILADRESS_2.jpg
VESADRESS,MÉLISSA NEPTON INC,S MANCHE COTON,exact,https://iwihwtpzrwyybumottcd.supabase.co/storage/v1/object/public/product-images/VESADRESS/VESADRESS_1.jpg | https://iwihwtpzrwyybumottcd.supabase.co/storage/v1/object/public/product-images/VESADRESS/VESADRESS_2.jpg
F254D6324,ADELYN RAE,S MANCHE COTON,exact,https://iwihwtpzrwyybumottcd.supabase.co/storage/v1/object/public/product-images/F254D6324/F254D6324_1.jpg
19.9296Y,M Italy (Importation Bolide),S MANCHE LIN,exact,https://iwihwtpzrwyybumottcd.supabase.co/storage/v1/object/public/product-images/19.9296Y/19.9296Y_1.jpg | https://iwihwtpzrwyybumottcd.supabase.co/storage/v1/object/public/product-images/19.9296Y/19.9296Y_2.jpg | https://iwihwtpzrwyybumottcd.supabase.co/storage/v1/object/public/product-images/19.9296Y/19.9296Y_3.jpg | https://iwihwtpzrwyybumottcd.supabase.co/storage/v1/object/public/product-images/19.9296Y/19.9296Y_4.jpg
D50086,Garcia,S MANCHE LIN,exact,https://iwihwtpzrwyybumottcd.supabase.co/storage/v1/object/public/product-images/D50086/D50086_1.jpg | https://iwihwtpzrwyybumottcd.supabase.co/storage/v1/object/public/product-images/D50086/D50086_2.jpg | https://iwihwtpzrwyybumottcd.supabase.co/storage/v1/object/public/product-images/D50086/D50086_3.jpg
F254D6335,ADELYN RAE,S MANCHE LIN,approx,https://iwihwtpzrwyybumottcd.supabase.co/storage/v1/object/public/product-images/F254D6335/F254D6335_1.jpg | https://iwihwtpzrwyybumottcd.supabase.co/storage/v1/object/public/product-images/F254D6335/F254D6335_2.jpg | https://iwihwtpzrwyybumottcd.supabase.co/storage/v1/object/public/product-images/F254D6335/F254D6335_3.jpg | https://iwihwtpzrwyybumottcd.supabase.co/storage/v1/object/public/product-images/F254D6335/F254D6335_4.jpg
859357,APRICOT COLLECTIONS,S MANCHE VISCOSE,approx,https://iwihwtpzrwyybumottcd.supabase.co/storage/v1/object/public/product-images/859357/859357_1.jpg | https://iwihwtpzrwyybumottcd.supabase.co/storage/v1/object/public/product-images/859357/859357_2.jpg | https://iwihwtpzrwyybumottcd.supabase.co/storage/v1/object/public/product-images/859357/859357_3.jpg
52C40119,COMPAGNIA FANTASTICA,S MANCHE VISCOSE,approx,https://iwihwtpzrwyybumottcd.supabase.co/storage/v1/object/public/product-images/52C40119/52C40119_1.jpg | https://iwihwtpzrwyybumottcd.supabase.co/storage/v1/object/public/product-images/52C40119/52C40119_2.jpg
25SWMW082000,DESIGUAL FEMME,S.M. HABILLÉE,approx,https://iwihwtpzrwyybumottcd.supabase.co/storage/v1/object/public/product-images/25SWMW082000/25SWMW082000_1.jpg | https://iwihwtpzrwyybumottcd.supabase.co/storage/v1/object/public/product-images/25SWMW082000/25SWMW082000_2.jpg
25SWVK582000,DESIGUAL FEMME,S.M. HABILLÉE,exact,https://iwihwtpzrwyybumottcd.supabase.co/storage/v1/object/public/product-images/25SWVK582000/25SWVK582000_1.jpg | https://iwihwtpzrwyybumottcd.supabase.co/storage/v1/object/public/product-images/25SWVK582000/25SWVK582000_2.jpg | https://iwihwtpzrwyybumottcd.supabase.co/storage/v1/object/public/product-images/25SWVK582000/25SWVK582000_3.jpg
X115945,APRICOT COLLECTIONS,S.M. HABILLÉE,approx,https://iwihwtpzrwyybumottcd.supabase.co/storage/v1/object/public/product-images/X115945/X115945_1.jpg | https://iwihwtpzrwyybumottcd.supabase.co/storage/v1/object/public/product-images/X115945/X115945_2.jpg | https://iwihwtpzrwyybumottcd.supabase.co/storage/v1/object/public/product-images/X115945/X115945_3.jpg
26SWVK48,DESIGUAL FEMME,S.M. HABILLÉE,exact,https://iwihwtpzrwyybumottcd.supabase.co/storage/v1/object/public/product-images/26SWVK48/26SWVK48_1.jpg | https://iwihwtpzrwyybumottcd.supabase.co/storage/v1/object/public/product-images/26SWVK48/26SWVK48_2.jpg | https://iwihwtpzrwyybumottcd.supabase.co/storage/v1/object/public/product-images/26SWVK48/26SWVK48_3.jpg
26WVK39,DESIGUAL FEMME,S.M. HABILLÉE,approx,https://iwihwtpzrwyybumottcd.supabase.co/storage/v1/object/public/product-images/26WVK39/26WVK39_1.jpg | https://iwihwtpzrwyybumottcd.supabase.co/storage/v1/object/public/product-images/26WVK39/26WVK39_2.jpg
51C11030,COMPAGNIA FANTASTICA,S.M. HABILLÉE,exact,https://iwihwtpzrwyybumottcd.supabase.co/storage/v1/object/public/product-images/51C11030/51C11030_1.jpg | https://iwihwtpzrwyybumottcd.supabase.co/storage/v1/object/public/product-images/51C11030/51C11030_2.jpg | https://iwihwtpzrwyybumottcd.supabase.co/storage/v1/object/public/product-images/51C11030/51C11030_3.jpg | https://iwihwtpzrwyybumottcd.supabase.co/storage/v1/object/public/product-images/51C11030/51C11030_4.jpg
51C43019,COMPAGNIA FANTASTICA,S.M. HABILLÉE,exact,https://iwihwtpzrwyybumottcd.supabase.co/storage/v1/object/public/product-images/51C43019/51C43019_1.jpg | https://iwihwtpzrwyybumottcd.supabase.co/storage/v1/object/public/product-images/51C43019/51C43019_2.jpg | https://iwihwtpzrwyybumottcd.supabase.co/storage/v1/object/public/product-images/51C43019/51C43019_3.jpg | https://iwihwtpzrwyybumottcd.supabase.co/storage/v1/object/public/product-images/51C43019/51C43019_4.jpg
52C42105,COMPAGNIA FANTASTICA,S.M. HABILLÉE,exact,https://iwihwtpzrwyybumottcd.supabase.co/storage/v1/object/public/product-images/52C42105/52C42105_1.jpg | https://iwihwtpzrwyybumottcd.supabase.co/storage/v1/object/public/product-images/52C42105/52C42105_2.jpg | https://iwihwtpzrwyybumottcd.supabase.co/storage/v1/object/public/product-images/52C42105/52C42105_3.jpg | https://iwihwtpzrwyybumottcd.supabase.co/storage/v1/object/public/product-images/52C42105/52C42105_4.jpg
F253D6295,ADELYN RAE,S.M. HABILLÉE,approx,https://iwihwtpzrwyybumottcd.supabase.co/storage/v1/object/public/product-images/F253D6295/F253D6295_1.jpg | https://iwihwtpzrwyybumottcd.supabase.co/storage/v1/object/public/product-images/F253D6295/F253D6295_2.jpg | https://iwihwtpzrwyybumottcd.supabase.co/storage/v1/object/public/product-images/F253D6295/F253D6295_3.jpg | https://iwihwtpzrwyybumottcd.supabase.co/storage/v1/object/public/product-images/F253D6295/F253D6295_4.jpg
LMD009FH5,LIVERPOOL CANADA,S.M. HABILLÉE,approx,https://iwihwtpzrwyybumottcd.supabase.co/storage/v1/object/public/product-images/LMD009FH5/LMD009FH5_1.jpg | https://iwihwtpzrwyybumottcd.supabase.co/storage/v1/object/public/product-images/LMD009FH5/LMD009FH5_2.jpg | https://iwihwtpzrwyybumottcd.supabase.co/storage/v1/object/public/product-images/LMD009FH5/LMD009FH5_3.jpg
ROISSIN,RAGWEAR,S.M. HABILLÉE,exact,https://iwihwtpzrwyybumottcd.supabase.co/storage/v1/object/public/product-images/ROISSIN/ROISSIN_1.jpg | https://iwihwtpzrwyybumottcd.supabase.co/storage/v1/object/public/product-images/ROISSIN/ROISSIN_2.jpg | https://iwihwtpzrwyybumottcd.supabase.co/storage/v1/object/public/product-images/ROISSIN/ROISSIN_3.jpg
52C11116,COMPAGNIA FANTASTICA,S.M. HABILLÉE,exact,https://iwihwtpzrwyybumottcd.supabase.co/storage/v1/object/public/product-images/52C11116/52C11116_1.jpg | https://iwihwtpzrwyybumottcd.supabase.co/storage/v1/object/public/product-images/52C11116/52C11116_2.jpg | https://iwihwtpzrwyybumottcd.supabase.co/storage/v1/object/public/product-images/52C11116/52C11116_3.jpg | https://iwihwtpzrwyybumottcd.supabase.co/storage/v1/object/public/product-images/52C11116/52C11116_4.jpg
ARANCETO,VICARIO (Codav & Forest Import),S.M. HABILLÉE,approx,https://iwihwtpzrwyybumottcd.supabase.co/storage/v1/object/public/product-images/ARANCETO/ARANCETO_1.jpg | https://iwihwtpzrwyybumottcd.supabase.co/storage/v1/object/public/product-images/ARANCETO/ARANCETO_2.jpg
1912065W,M Italy (Importation Bolide),S.M. HABILLÉE,approx,https://iwihwtpzrwyybumottcd.supabase.co/storage/v1/object/public/product-images/1912065W/1912065W_1.jpg | https://iwihwtpzrwyybumottcd.supabase.co/storage/v1/object/public/product-images/1912065W/1912065W_2.jpg | https://iwihwtpzrwyybumottcd.supabase.co/storage/v1/object/public/product-images/1912065W/1912065W_3.jpg
1966164DGW,M Italy (Importation Bolide),S.M. HABILLÉE,approx,https://iwihwtpzrwyybumottcd.supabase.co/storage/v1/object/public/product-images/1966164DGW/1966164DGW_1.jpg | https://iwihwtpzrwyybumottcd.supabase.co/storage/v1/object/public/product-images/1966164DGW/1966164DGW_2.jpg | https://iwihwtpzrwyybumottcd.supabase.co/storage/v1/object/public/product-images/1966164DGW/1966164DGW_3.jpg
19.DFH36H,ASTRID (IMPORTATION BOLIDE),S.M. HABILLÉE,approx,https://iwihwtpzrwyybumottcd.supabase.co/storage/v1/object/public/product-images/19.DFH36H/19.DFH36H_1.jpg | https://iwihwtpzrwyybumottcd.supabase.co/storage/v1/object/public/product-images/19.DFH36H/19.DFH36H_2.jpg
191943W,M Italy (Importation Bolide),S.M. HABILLÉE,approx,https://iwihwtpzrwyybumottcd.supabase.co/storage/v1/object/public/product-images/191943W/191943W_1.jpg | https://iwihwtpzrwyybumottcd.supabase.co/storage/v1/object/public/product-images/191943W/191943W_2.jpg | https://iwihwtpzrwyybumottcd.supabase.co/storage/v1/object/public/product-images/191943W/191943W_3.jpg
X121113,APRICOT COLLECTIONS,S.M. HABILLÉE,approx,https://iwihwtpzrwyybumottcd.supabase.co/storage/v1/object/public/product-images/X121113/X121113_1.jpg | https://iwihwtpzrwyybumottcd.supabase.co/storage/v1/object/public/product-images/X121113/X121113_2.jpg | https://iwihwtpzrwyybumottcd.supabase.co/storage/v1/object/public/product-images/X121113/X121113_3.jpg
7272E,Lez A Lez (DDL 9190-8608 Québec Inc.),S.M. HABILLÉE,exact,https://iwihwtpzrwyybumottcd.supabase.co/storage/v1/object/public/product-images/7272E/7272E_1.jpg | https://iwihwtpzrwyybumottcd.supabase.co/storage/v1/object/public/product-images/7272E/7272E_2.jpg | https://iwihwtpzrwyybumottcd.supabase.co/storage/v1/object/public/product-images/7272E/7272E_3.jpg
AURORAV,VICARIO (Codav & Forest Import),S.M. HABILLÉE,approx,https://iwihwtpzrwyybumottcd.supabase.co/storage/v1/object/public/product-images/AURORAV/AURORAV_1.jpg | https://iwihwtpzrwyybumottcd.supabase.co/storage/v1/object/public/product-images/AURORAV/AURORAV_2.jpg
F258D6541,ADELYN RAE,S.M. HABILLÉE,exact,https://iwihwtpzrwyybumottcd.supabase.co/storage/v1/object/public/product-images/F258D6541/F258D6541_1.jpg | https://iwihwtpzrwyybumottcd.supabase.co/storage/v1/object/public/product-images/F258D6541/F258D6541_2.jpg | https://iwihwtpzrwyybumottcd.supabase.co/storage/v1/object/public/product-images/F258D6541/F258D6541_3.jpg | https://iwihwtpzrwyybumottcd.supabase.co/storage/v1/object/public/product-images/F258D6541/F258D6541_4.jpg
938571,APRICOT COLLECTIONS,S.M. HABILLÉE,approx,https://iwihwtpzrwyybumottcd.supabase.co/storage/v1/object/public/product-images/938571/938571_1.jpg | https://iwihwtpzrwyybumottcd.supabase.co/storage/v1/object/public/product-images/938571/938571_2.jpg
938915,APRICOT COLLECTIONS,S.M. HABILLÉE,approx,https://iwihwtpzrwyybumottcd.supabase.co/storage/v1/object/public/product-images/938915/938915_1.jpg | https://iwihwtpzrwyybumottcd.supabase.co/storage/v1/object/public/product-images/938915/938915_2.jpg | https://iwihwtpzrwyybumottcd.supabase.co/storage/v1/object/public/product-images/938915/938915_3.jpg
940697,APRICOT COLLECTIONS,S.M. HABILLÉE,exact,https://iwihwtpzrwyybumottcd.supabase.co/storage/v1/object/public/product-images/940697/940697_1.jpg | https://iwihwtpzrwyybumottcd.supabase.co/storage/v1/object/public/product-images/940697/940697_2.jpg | https://iwihwtpzrwyybumottcd.supabase.co/storage/v1/object/public/product-images/940697/940697_3.jpg | https://iwihwtpzrwyybumottcd.supabase.co/storage/v1/object/public/product-images/940697/940697_4.jpg
967946,APRICOT COLLECTIONS,S.M. HABILLÉE,approx,https://iwihwtpzrwyybumottcd.supabase.co/storage/v1/object/public/product-images/967946/967946_1.jpg | https://iwihwtpzrwyybumottcd.supabase.co/storage/v1/object/public/product-images/967946/967946_2.jpg | https://iwihwtpzrwyybumottcd.supabase.co/storage/v1/object/public/product-images/967946/967946_3.jpg
SP2510013,ESQUALO (ALPHI),S.MANCHE POLYESTER,exact,https://iwihwtpzrwyybumottcd.supabase.co/storage/v1/object/public/product-images/SP2510013/SP2510013_1.jpg | https://iwihwtpzrwyybumottcd.supabase.co/storage/v1/object/public/product-images/SP2510013/SP2510013_2.jpg | https://iwihwtpzrwyybumottcd.supabase.co/storage/v1/object/public/product-images/SP2510013/SP2510013_3.jpg
F253D6125,ADELYN RAE,S.MANCHE POLYESTER,approx,https://iwihwtpzrwyybumottcd.supabase.co/storage/v1/object/public/product-images/F253D6125/F253D6125_1.jpg | https://iwihwtpzrwyybumottcd.supabase.co/storage/v1/object/public/product-images/F253D6125/F253D6125_2.jpg | https://iwihwtpzrwyybumottcd.supabase.co/storage/v1/object/public/product-images/F253D6125/F253D6125_3.jpg | https://iwihwtpzrwyybumottcd.supabase.co/storage/v1/object/public/product-images/F253D6125/F253D6125_4.jpg
X129423,APRICOT COLLECTIONS,S.MANCHE POLYESTER,approx,https://iwihwtpzrwyybumottcd.supabase.co/storage/v1/object/public/product-images/X129423/X129423_1.jpg | https://iwihwtpzrwyybumottcd.supabase.co/storage/v1/object/public/product-images/X129423/X129423_2.jpg | https://iwihwtpzrwyybumottcd.supabase.co/storage/v1/object/public/product-images/X129423/X129423_3.jpg
BERLIN,Mary Import,SAC,exact,https://iwihwtpzrwyybumottcd.supabase.co/storage/v1/object/public/product-images/BERLIN/BERLIN_1.jpg | https://iwihwtpzrwyybumottcd.supabase.co/storage/v1/object/public/product-images/BERLIN/BERLIN_2.jpg | https://iwihwtpzrwyybumottcd.supabase.co/storage/v1/object/public/product-images/BERLIN/BERLIN_3.jpg | https://iwihwtpzrwyybumottcd.supabase.co/storage/v1/object/public/product-images/BERLIN/BERLIN_4.jpg | https://iwihwtpzrwyybumottcd.supabase.co/storage/v1/object/public/product-images/BERLIN/BERLIN_5.jpg | https://iwihwtpzrwyybumottcd.supabase.co/storage/v1/object/public/product-images/BERLIN/BERLIN_6.jpg | https://iwihwtpzrwyybumottcd.supabase.co/storage/v1/object/public/product-images/BERLIN/BERLIN_7.jpg | https://iwihwtpzrwyybumottcd.supabase.co/storage/v1/object/public/product-images/BERLIN/BERLIN_8.jpg | https://iwihwtpzrwyybumottcd.supabase.co/storage/v1/object/public/product-images/BERLIN/BERLIN_9.jpg | https://iwihwtpzrwyybumottcd.supabase.co/storage/v1/object/public/product-images/BERLIN/BERLIN_10.jpg | https://iwihwtpzrwyybumottcd.supabase.co/storage/v1/object/public/product-images/BERLIN/BERLIN_11.jpg | https://iwihwtpzrwyybumottcd.supabase.co/storage/v1/object/public/product-images/BERLIN/BERLIN_12.jpg | https://iwihwtpzrwyybumottcd.supabase.co/storage/v1/object/public/product-images/BERLIN/BERLIN_13.jpg | https://iwihwtpzrwyybumottcd.supabase.co/storage/v1/object/public/product-images/BERLIN/BERLIN_14.jpg | https://iwihwtpzrwyybumottcd.supabase.co/storage/v1/object/public/product-images/BERLIN/BERLIN_15.jpg | https://iwihwtpzrwyybumottcd.supabase.co/storage/v1/object/public/product-images/BERLIN/BERLIN_16.jpg | https://iwihwtpzrwyybumottcd.supabase.co/storage/v1/object/public/product-images/BERLIN/BERLIN_17.jpg | https://iwihwtpzrwyybumottcd.supabase.co/storage/v1/object/public/product-images/BERLIN/BERLIN_18.jpg | https://iwihwtpzrwyybumottcd.supabase.co/storage/v1/object/public/product-images/BERLIN/BERLIN_19.jpg | https://iwihwtpzrwyybumottcd.supabase.co/storage/v1/object/public/product-images/BERLIN/BERLIN_20.jpg | https://iwihwtpzrwyybumottcd.supabase.co/storage/v1/object/public/product-images/BERLIN/BERLIN_21.jpg | https://iwihwtpzrwyybumottcd.supabase.co/storage/v1/object/public/product-images/BERLIN/BERLIN_22.jpg | https://iwihwtpzrwyybumottcd.supabase.co/storage/v1/object/public/product-images/BERLIN/BERLIN_23.jpg | https://iwihwtpzrwyybumottcd.supabase.co/storage/v1/object/public/product-images/BERLIN/BERLIN_24.jpg | https://iwihwtpzrwyybumottcd.supabase.co/storage/v1/object/public/product-images/BERLIN/BERLIN_25.jpg | https://iwihwtpzrwyybumottcd.supabase.co/storage/v1/object/public/product-images/BERLIN/BERLIN_26.jpg | https://iwihwtpzrwyybumottcd.supabase.co/storage/v1/object/public/product-images/BERLIN/BERLIN_27.jpg | https://iwihwtpzrwyybumottcd.supabase.co/storage/v1/object/public/product-images/BERLIN/BERLIN_28.jpg | https://iwihwtpzrwyybumottcd.supabase.co/storage/v1/object/public/product-images/BERLIN/BERLIN_29.jpg | https://iwihwtpzrwyybumottcd.supabase.co/storage/v1/object/public/product-images/BERLIN/BERLIN_30.jpg | https://iwihwtpzrwyybumottcd.supabase.co/storage/v1/object/public/product-images/BERLIN/BERLIN_31.jpg | https://iwihwtpzrwyybumottcd.supabase.co/storage/v1/object/public/product-images/BERLIN/BERLIN_32.jpg | https://iwihwtpzrwyybumottcd.supabase.co/storage/v1/object/public/product-images/BERLIN/BERLIN_33.jpg | https://iwihwtpzrwyybumottcd.supabase.co/storage/v1/object/public/product-images/BERLIN/BERLIN_34.jpg | https://iwihwtpzrwyybumottcd.supabase.co/storage/v1/object/public/product-images/BERLIN/BERLIN_35.jpg | https://iwihwtpzrwyybumottcd.supabase.co/storage/v1/object/public/product-images/BERLIN/BERLIN_36.jpg | https://iwihwtpzrwyybumottcd.supabase.co/storage/v1/object/public/product-images/BERLIN/BERLIN_37.jpg | https://iwihwtpzrwyybumottcd.supabase.co/storage/v1/object/public/product-images/BERLIN/BERLIN_38.jpg
40825233,Mary Import,SAC,exact,https://iwihwtpzrwyybumottcd.supabase.co/storage/v1/object/public/product-images/40825233/40825233_1.jpg
HU547866,Mary Import,SAC,exact,https://iwihwtpzrwyybumottcd.supabase.co/storage/v1/object/public/product-images/HU547866/HU547866_1.jpg | https://iwihwtpzrwyybumottcd.supabase.co/storage/v1/object/public/product-images/HU547866/HU547866_2.jpg | https://iwihwtpzrwyybumottcd.supabase.co/storage/v1/object/public/product-images/HU547866/HU547866_3.jpg | https://iwihwtpzrwyybumottcd.supabase.co/storage/v1/object/public/product-images/HU547866/HU547866_4.jpg | https://iwihwtpzrwyybumottcd.supabase.co/storage/v1/object/public/product-images/HU547866/HU547866_5.jpg | https://iwihwtpzrwyybumottcd.supabase.co/storage/v1/object/public/product-images/HU547866/HU547866_6.jpg | https://iwihwtpzrwyybumottcd.supabase.co/storage/v1/object/public/product-images/HU547866/HU547866_7.jpg | https://iwihwtpzrwyybumottcd.supabase.co/storage/v1/object/public/product-images/HU547866/HU547866_8.jpg
MOSCOU,Mary Import,SAC,exact,https://iwihwtpzrwyybumottcd.supabase.co/storage/v1/object/public/product-images/MOSCOU/MOSCOU_1.jpg | https://iwihwtpzrwyybumottcd.supabase.co/storage/v1/object/public/product-images/MOSCOU/MOSCOU_2.jpg | https://iwihwtpzrwyybumottcd.supabase.co/storage/v1/object/public/product-images/MOSCOU/MOSCOU_3.jpg | https://iwihwtpzrwyybumottcd.supabase.co/storage/v1/object/public/product-images/MOSCOU/MOSCOU_4.jpg | https://iwihwtpzrwyybumottcd.supabase.co/storage/v1/object/public/product-images/MOSCOU/MOSCOU_5.jpg | https://iwihwtpzrwyybumottcd.supabase.co/storage/v1/object/public/product-images/MOSCOU/MOSCOU_6.jpg | https://iwihwtpzrwyybumottcd.supabase.co/storage/v1/object/public/product-images/MOSCOU/MOSCOU_7.jpg | https://iwihwtpzrwyybumottcd.supabase.co/storage/v1/object/public/product-images/MOSCOU/MOSCOU_8.jpg
39703907,Mary Import,SAC A MAIN,exact,https://iwihwtpzrwyybumottcd.supabase.co/storage/v1/object/public/product-images/39703907/39703907_1.jpg | https://iwihwtpzrwyybumottcd.supabase.co/storage/v1/object/public/product-images/39703907/39703907_2.jpg | https://iwihwtpzrwyybumottcd.supabase.co/storage/v1/object/public/product-images/39703907/39703907_3.jpg
68110,MISS CAPRICE,SAC A MAIN,exact,https://iwihwtpzrwyybumottcd.supabase.co/storage/v1/object/public/product-images/68110/68110_1.jpg | https://iwihwtpzrwyybumottcd.supabase.co/storage/v1/object/public/product-images/68110/68110_2.jpg
SP2538001,ESQUALO (ALPHI),SAC A MAIN,exact,https://iwihwtpzrwyybumottcd.supabase.co/storage/v1/object/public/product-images/SP2538001/SP2538001_1.jpg | https://iwihwtpzrwyybumottcd.supabase.co/storage/v1/object/public/product-images/SP2538001/SP2538001_2.jpg | https://iwihwtpzrwyybumottcd.supabase.co/storage/v1/object/public/product-images/SP2538001/SP2538001_3.jpg
SP2538000,ESQUALO (ALPHI),SAC A MAIN,exact,https://iwihwtpzrwyybumottcd.supabase.co/storage/v1/object/public/product-images/SP2538000/SP2538000_1.jpg | https://iwihwtpzrwyybumottcd.supabase.co/storage/v1/object/public/product-images/SP2538000/SP2538000_2.jpg | https://iwihwtpzrwyybumottcd.supabase.co/storage/v1/object/public/product-images/SP2538000/SP2538000_3.jpg
HU544366,Mary Import,SAC A MAIN,exact,https://iwihwtpzrwyybumottcd.supabase.co/storage/v1/object/public/product-images/HU544366/HU544366_1.jpg | https://iwihwtpzrwyybumottcd.supabase.co/storage/v1/object/public/product-images/HU544366/HU544366_2.jpg | https://iwihwtpzrwyybumottcd.supabase.co/storage/v1/object/public/product-images/HU544366/HU544366_3.jpg | https://iwihwtpzrwyybumottcd.supabase.co/storage/v1/object/public/product-images/HU544366/HU544366_4.jpg | https://iwihwtpzrwyybumottcd.supabase.co/storage/v1/object/public/product-images/HU544366/HU544366_5.jpg
HU538740,Mary Import,SAC A MAIN,exact,https://iwihwtpzrwyybumottcd.supabase.co/storage/v1/object/public/product-images/HU538740/HU538740_1.jpg | https://iwihwtpzrwyybumottcd.supabase.co/storage/v1/object/public/product-images/HU538740/HU538740_2.jpg | https://iwihwtpzrwyybumottcd.supabase.co/storage/v1/object/public/product-images/HU538740/HU538740_3.jpg | https://iwihwtpzrwyybumottcd.supabase.co/storage/v1/object/public/product-images/HU538740/HU538740_4.jpg | https://iwihwtpzrwyybumottcd.supabase.co/storage/v1/object/public/product-images/HU538740/HU538740_5.jpg
HU534240,Mary Import,SAC A MAIN,exact,https://iwihwtpzrwyybumottcd.supabase.co/storage/v1/object/public/product-images/HU534240/HU534240_1.jpg | https://iwihwtpzrwyybumottcd.supabase.co/storage/v1/object/public/product-images/HU534240/HU534240_2.jpg | https://iwihwtpzrwyybumottcd.supabase.co/storage/v1/object/public/product-images/HU534240/HU534240_3.jpg | https://iwihwtpzrwyybumottcd.supabase.co/storage/v1/object/public/product-images/HU534240/HU534240_4.jpg
HU534040,Mary Import,SAC A MAIN,exact,https://iwihwtpzrwyybumottcd.supabase.co/storage/v1/object/public/product-images/HU534040/HU534040_1.jpg | https://iwihwtpzrwyybumottcd.supabase.co/storage/v1/object/public/product-images/HU534040/HU534040_2.jpg
HU637040170,Mary Import,SAC A MAIN,approx,https://iwihwtpzrwyybumottcd.supabase.co/storage/v1/object/public/product-images/HU637040170/HU637040170_1.jpg | https://iwihwtpzrwyybumottcd.supabase.co/storage/v1/object/public/product-images/HU637040170/HU637040170_2.jpg
HU546340,Mary Import,SAC A MAIN,exact,https://iwihwtpzrwyybumottcd.supabase.co/storage/v1/object/public/product-images/HU546340/HU546340_1.jpg | https://iwihwtpzrwyybumottcd.supabase.co/storage/v1/object/public/product-images/HU546340/HU546340_2.jpg | https://iwihwtpzrwyybumottcd.supabase.co/storage/v1/object/public/product-images/HU546340/HU546340_3.jpg
BG251B074BK,BIZOU Bijoux,SAC A MAIN,approx,https://iwihwtpzrwyybumottcd.supabase.co/storage/v1/object/public/product-images/BG251B074BK/BG251B074BK_1.jpg | https://iwihwtpzrwyybumottcd.supabase.co/storage/v1/object/public/product-images/BG251B074BK/BG251B074BK_2.jpg
BG251B036BR,BIZOU Bijoux,SAC A MAIN,approx,https://iwihwtpzrwyybumottcd.supabase.co/storage/v1/object/public/product-images/BG251B036BR/BG251B036BR_1.jpg | https://iwihwtpzrwyybumottcd.supabase.co/storage/v1/object/public/product-images/BG251B036BR/BG251B036BR_2.jpg
BG243033BK,BIZOU Bijoux,SAC A MAIN,approx,https://iwihwtpzrwyybumottcd.supabase.co/storage/v1/object/public/product-images/BG243033BK/BG243033BK_1.jpg | https://iwihwtpzrwyybumottcd.supabase.co/storage/v1/object/public/product-images/BG243033BK/BG243033BK_2.jpg
BG243013BK,BIZOU Bijoux,SAC A MAIN,approx,https://iwihwtpzrwyybumottcd.supabase.co/storage/v1/object/public/product-images/BG243013BK/BG243013BK_1.jpg | https://iwihwtpzrwyybumottcd.supabase.co/storage/v1/object/public/product-images/BG243013BK/BG243013BK_2.jpg
BARCHETTA,VICARIO (Codav & Forest Import),SAC A MAIN,approx,https://iwihwtpzrwyybumottcd.supabase.co/storage/v1/object/public/product-images/BARCHETTA/BARCHETTA_1.jpg | https://iwihwtpzrwyybumottcd.supabase.co/storage/v1/object/public/product-images/BARCHETTA/BARCHETTA_2.jpg | https://iwihwtpzrwyybumottcd.supabase.co/storage/v1/object/public/product-images/BARCHETTA/BARCHETTA_3.jpg
8818.2,MISS CAPRICE,SAC A MAIN,exact,https://iwihwtpzrwyybumottcd.supabase.co/storage/v1/object/public/product-images/8818.2/8818.2_1.jpg | https://iwihwtpzrwyybumottcd.supabase.co/storage/v1/object/public/product-images/8818.2/8818.2_2.jpg
6921,MISS CAPRICE,SAC A MAIN,exact,https://iwihwtpzrwyybumottcd.supabase.co/storage/v1/object/public/product-images/6921/6921_1.jpg | https://iwihwtpzrwyybumottcd.supabase.co/storage/v1/object/public/product-images/6921/6921_2.jpg
68937.5,MISS CAPRICE,SAC A MAIN,approx,https://iwihwtpzrwyybumottcd.supabase.co/storage/v1/object/public/product-images/68937.5/68937.5_1.jpg | https://iwihwtpzrwyybumottcd.supabase.co/storage/v1/object/public/product-images/68937.5/68937.5_2.jpg
6893.6,MISS CAPRICE,SAC A MAIN,exact,https://iwihwtpzrwyybumottcd.supabase.co/storage/v1/object/public/product-images/6893.6/6893.6_1.jpg | https://iwihwtpzrwyybumottcd.supabase.co/storage/v1/object/public/product-images/6893.6/6893.6_2.jpg | https://iwihwtpzrwyybumottcd.supabase.co/storage/v1/object/public/product-images/6893.6/6893.6_3.jpg
68822,MISS CAPRICE,SAC A MAIN,approx,https://iwihwtpzrwyybumottcd.supabase.co/storage/v1/object/public/product-images/68822/68822_1.jpg | https://iwihwtpzrwyybumottcd.supabase.co/storage/v1/object/public/product-images/68822/68822_2.jpg
68720.BLK,MISS CAPRICE,SAC A MAIN,approx,https://iwihwtpzrwyybumottcd.supabase.co/storage/v1/object/public/product-images/68720.BLK/68720.BLK_1.jpg | https://iwihwtpzrwyybumottcd.supabase.co/storage/v1/object/public/product-images/68720.BLK/68720.BLK_2.jpg
68518,MISS CAPRICE,SAC A MAIN,exact,https://iwihwtpzrwyybumottcd.supabase.co/storage/v1/object/public/product-images/68518/68518_1.jpg | https://iwihwtpzrwyybumottcd.supabase.co/storage/v1/object/public/product-images/68518/68518_2.jpg
68508BAG,MISS CAPRICE,SAC A MAIN,approx,https://iwihwtpzrwyybumottcd.supabase.co/storage/v1/object/public/product-images/68508BAG/68508BAG_1.jpg | https://iwihwtpzrwyybumottcd.supabase.co/storage/v1/object/public/product-images/68508BAG/68508BAG_2.jpg
60111,MISS CAPRICE,SAC A MAIN,exact,https://iwihwtpzrwyybumottcd.supabase.co/storage/v1/object/public/product-images/60111/60111_1.jpg
5907,MISS CAPRICE,SAC A MAIN,exact,https://iwihwtpzrwyybumottcd.supabase.co/storage/v1/object/public/product-images/5907/5907_1.jpg | https://iwihwtpzrwyybumottcd.supabase.co/storage/v1/object/public/product-images/5907/5907_2.jpg
58187,MISS CAPRICE,SAC A MAIN,exact,https://iwihwtpzrwyybumottcd.supabase.co/storage/v1/object/public/product-images/58187/58187_1.jpg | https://iwihwtpzrwyybumottcd.supabase.co/storage/v1/object/public/product-images/58187/58187_2.jpg
5805,MISS CAPRICE,SAC A MAIN,approx,https://iwihwtpzrwyybumottcd.supabase.co/storage/v1/object/public/product-images/5805/5805_1.jpg | https://iwihwtpzrwyybumottcd.supabase.co/storage/v1/object/public/product-images/5805/5805_2.jpg
5280440,Mary Import,SAC A MAIN,exact,https://iwihwtpzrwyybumottcd.supabase.co/storage/v1/object/public/product-images/5280440/5280440_1.jpg | https://iwihwtpzrwyybumottcd.supabase.co/storage/v1/object/public/product-images/5280440/5280440_2.jpg | https://iwihwtpzrwyybumottcd.supabase.co/storage/v1/object/public/product-images/5280440/5280440_3.jpg | https://iwihwtpzrwyybumottcd.supabase.co/storage/v1/object/public/product-images/5280440/5280440_4.jpg | https://iwihwtpzrwyybumottcd.supabase.co/storage/v1/object/public/product-images/5280440/5280440_5.jpg
39893,Mary Import,SAC A MAIN,exact,https://iwihwtpzrwyybumottcd.supabase.co/storage/v1/object/public/product-images/39893/39893_1.jpg | https://iwihwtpzrwyybumottcd.supabase.co/storage/v1/object/public/product-images/39893/39893_2.jpg | https://iwihwtpzrwyybumottcd.supabase.co/storage/v1/object/public/product-images/39893/39893_3.jpg | https://iwihwtpzrwyybumottcd.supabase.co/storage/v1/object/public/product-images/39893/39893_4.jpg | https://iwihwtpzrwyybumottcd.supabase.co/storage/v1/object/public/product-images/39893/39893_5.jpg | https://iwihwtpzrwyybumottcd.supabase.co/storage/v1/object/public/product-images/39893/39893_6.jpg | https://iwihwtpzrwyybumottcd.supabase.co/storage/v1/object/public/product-images/39893/39893_7.jpg
39801233,Mary Import,SAC A MAIN,exact,https://iwihwtpzrwyybumottcd.supabase.co/storage/v1/object/public/product-images/39801233/39801233_1.jpg | https://iwihwtpzrwyybumottcd.supabase.co/storage/v1/object/public/product-images/39801233/39801233_2.jpg | https://iwihwtpzrwyybumottcd.supabase.co/storage/v1/object/public/product-images/39801233/39801233_3.jpg | https://iwihwtpzrwyybumottcd.supabase.co/storage/v1/object/public/product-images/39801233/39801233_4.jpg | https://iwihwtpzrwyybumottcd.supabase.co/storage/v1/object/public/product-images/39801233/39801233_5.jpg
39707388,Mary Import,SAC A MAIN,exact,https://iwihwtpzrwyybumottcd.supabase.co/storage/v1/object/public/product-images/39707388/39707388_1.jpg | https://iwihwtpzrwyybumottcd.supabase.co/storage/v1/object/public/product-images/39707388/39707388_2.jpg | https://iwihwtpzrwyybumottcd.supabase.co/storage/v1/object/public/product-images/39707388/39707388_3.jpg
89087.1,MISS CAPRICE,SAC A MAIN,exact,https://iwihwtpzrwyybumottcd.supabase.co/storage/v1/object/public/product-images/89087.1/89087.1_1.jpg | https://iwihwtpzrwyybumottcd.supabase.co/storage/v1/object/public/product-images/89087.1/89087.1_2.jpg
39702309,Mary Import,SAC A MAIN,exact,https://iwihwtpzrwyybumottcd.supabase.co/storage/v1/object/public/product-images/39702309/39702309_1.jpg | https://iwihwtpzrwyybumottcd.supabase.co/storage/v1/object/public/product-images/39702309/39702309_2.jpg | https://iwihwtpzrwyybumottcd.supabase.co/storage/v1/object/public/product-images/39702309/39702309_3.jpg | https://iwihwtpzrwyybumottcd.supabase.co/storage/v1/object/public/product-images/39702309/39702309_4.jpg | https://iwihwtpzrwyybumottcd.supabase.co/storage/v1/object/public/product-images/39702309/39702309_5.jpg | https://iwihwtpzrwyybumottcd.supabase.co/storage/v1/object/public/product-images/39702309/39702309_6.jpg | https://iwihwtpzrwyybumottcd.supabase.co/storage/v1/object/public/product-images/39702309/39702309_7.jpg | https://iwihwtpzrwyybumottcd.supabase.co/storage/v1/object/public/product-images/39702309/39702309_8.jpg | https://iwihwtpzrwyybumottcd.supabase.co/storage/v1/object/public/product-images/39702309/39702309_9.jpg
38803283,Mary Import,SAC A MAIN,exact,https://iwihwtpzrwyybumottcd.supabase.co/storage/v1/object/public/product-images/38803283/38803283_1.jpg | https://iwihwtpzrwyybumottcd.supabase.co/storage/v1/object/public/product-images/38803283/38803283_2.jpg | https://iwihwtpzrwyybumottcd.supabase.co/storage/v1/object/public/product-images/38803283/38803283_3.jpg | https://iwihwtpzrwyybumottcd.supabase.co/storage/v1/object/public/product-images/38803283/38803283_4.jpg | https://iwihwtpzrwyybumottcd.supabase.co/storage/v1/object/public/product-images/38803283/38803283_5.jpg | https://iwihwtpzrwyybumottcd.supabase.co/storage/v1/object/public/product-images/38803283/38803283_6.jpg | https://iwihwtpzrwyybumottcd.supabase.co/storage/v1/object/public/product-images/38803283/38803283_7.jpg | https://iwihwtpzrwyybumottcd.supabase.co/storage/v1/object/public/product-images/38803283/38803283_8.jpg | https://iwihwtpzrwyybumottcd.supabase.co/storage/v1/object/public/product-images/38803283/38803283_9.jpg
38763909,Mary Import,SAC A MAIN,exact,https://iwihwtpzrwyybumottcd.supabase.co/storage/v1/object/public/product-images/38763909/38763909_1.jpg | https://iwihwtpzrwyybumottcd.supabase.co/storage/v1/object/public/product-images/38763909/38763909_2.jpg | https://iwihwtpzrwyybumottcd.supabase.co/storage/v1/object/public/product-images/38763909/38763909_3.jpg | https://iwihwtpzrwyybumottcd.supabase.co/storage/v1/object/public/product-images/38763909/38763909_4.jpg | https://iwihwtpzrwyybumottcd.supabase.co/storage/v1/object/public/product-images/38763909/38763909_5.jpg
3243B,MISS CAPRICE,SAC A MAIN,approx,https://iwihwtpzrwyybumottcd.supabase.co/storage/v1/object/public/product-images/3243B/3243B_1.jpg | https://iwihwtpzrwyybumottcd.supabase.co/storage/v1/object/public/product-images/3243B/3243B_2.jpg
3265,MISS CAPRICE,SAC A MAIN,approx,https://iwihwtpzrwyybumottcd.supabase.co/storage/v1/object/public/product-images/3265/3265_1.jpg | https://iwihwtpzrwyybumottcd.supabase.co/storage/v1/object/public/product-images/3265/3265_2.jpg
3248B,MISS CAPRICE,SAC A MAIN,approx,https://iwihwtpzrwyybumottcd.supabase.co/storage/v1/object/public/product-images/3248B/3248B_1.jpg | https://iwihwtpzrwyybumottcd.supabase.co/storage/v1/object/public/product-images/3248B/3248B_2.jpg
3260,MISS CAPRICE,SAC A MAIN,approx,https://iwihwtpzrwyybumottcd.supabase.co/storage/v1/object/public/product-images/3260/3260_1.jpg | https://iwihwtpzrwyybumottcd.supabase.co/storage/v1/object/public/product-images/3260/3260_2.jpg
3257,MISS CAPRICE,SAC A MAIN,approx,https://iwihwtpzrwyybumottcd.supabase.co/storage/v1/object/public/product-images/3257/3257_1.jpg | https://iwihwtpzrwyybumottcd.supabase.co/storage/v1/object/public/product-images/3257/3257_2.jpg
1982.MC,MISS CAPRICE,SAC A MAIN,approx,https://iwihwtpzrwyybumottcd.supabase.co/storage/v1/object/public/product-images/1982.MC/1982.MC_1.jpg | https://iwihwtpzrwyybumottcd.supabase.co/storage/v1/object/public/product-images/1982.MC/1982.MC_2.jpg
1945,MISS CAPRICE,SAC A MAIN,exact,https://iwihwtpzrwyybumottcd.supabase.co/storage/v1/object/public/product-images/1945/1945_1.jpg | https://iwihwtpzrwyybumottcd.supabase.co/storage/v1/object/public/product-images/1945/1945_2.jpg
1934,MISS CAPRICE,SAC A MAIN,exact,https://iwihwtpzrwyybumottcd.supabase.co/storage/v1/object/public/product-images/1934/1934_1.jpg | https://iwihwtpzrwyybumottcd.supabase.co/storage/v1/object/public/product-images/1934/1934_2.jpg | https://iwihwtpzrwyybumottcd.supabase.co/storage/v1/object/public/product-images/1934/1934_3.jpg
1927,MISS CAPRICE,SAC A MAIN,approx,https://iwihwtpzrwyybumottcd.supabase.co/storage/v1/object/public/product-images/1927/1927_1.jpg | https://iwihwtpzrwyybumottcd.supabase.co/storage/v1/object/public/product-images/1927/1927_2.jpg
1926,MISS CAPRICE,SAC A MAIN,exact,https://iwihwtpzrwyybumottcd.supabase.co/storage/v1/object/public/product-images/1926/1926_1.jpg | https://iwihwtpzrwyybumottcd.supabase.co/storage/v1/object/public/product-images/1926/1926_2.jpg
1901,MISS CAPRICE,SAC A MAIN,exact,https://iwihwtpzrwyybumottcd.supabase.co/storage/v1/object/public/product-images/1901/1901_1.jpg | https://iwihwtpzrwyybumottcd.supabase.co/storage/v1/object/public/product-images/1901/1901_2.jpg | https://iwihwtpzrwyybumottcd.supabase.co/storage/v1/object/public/product-images/1901/1901_3.jpg
1764776,Mary Import,SAC A MAIN,exact,https://iwihwtpzrwyybumottcd.supabase.co/storage/v1/object/public/product-images/1764776/1764776_1.jpg | https://iwihwtpzrwyybumottcd.supabase.co/storage/v1/object/public/product-images/1764776/1764776_2.jpg | https://iwihwtpzrwyybumottcd.supabase.co/storage/v1/object/public/product-images/1764776/1764776_3.jpg
1415,MISS CAPRICE,SAC A MAIN,approx,https://iwihwtpzrwyybumottcd.supabase.co/storage/v1/object/public/product-images/1415/1415_1.jpg | https://iwihwtpzrwyybumottcd.supabase.co/storage/v1/object/public/product-images/1415/1415_2.jpg
130676,Mary Import,SAC A MAIN,exact,https://iwihwtpzrwyybumottcd.supabase.co/storage/v1/object/public/product-images/130676/130676_1.jpg | https://iwihwtpzrwyybumottcd.supabase.co/storage/v1/object/public/product-images/130676/130676_2.jpg | https://iwihwtpzrwyybumottcd.supabase.co/storage/v1/object/public/product-images/130676/130676_3.jpg | https://iwihwtpzrwyybumottcd.supabase.co/storage/v1/object/public/product-images/130676/130676_4.jpg | https://iwihwtpzrwyybumottcd.supabase.co/storage/v1/object/public/product-images/130676/130676_5.jpg | https://iwihwtpzrwyybumottcd.supabase.co/storage/v1/object/public/product-images/130676/130676_6.jpg | https://iwihwtpzrwyybumottcd.supabase.co/storage/v1/object/public/product-images/130676/130676_7.jpg | https://iwihwtpzrwyybumottcd.supabase.co/storage/v1/object/public/product-images/130676/130676_8.jpg | https://iwihwtpzrwyybumottcd.supabase.co/storage/v1/object/public/product-images/130676/130676_9.jpg | https://iwihwtpzrwyybumottcd.supabase.co/storage/v1/object/public/product-images/130676/130676_10.jpg | https://iwihwtpzrwyybumottcd.supabase.co/storage/v1/object/public/product-images/130676/130676_11.jpg
99956,MISS CAPRICE,SAC A MAIN,approx,https://iwihwtpzrwyybumottcd.supabase.co/storage/v1/object/public/product-images/99956/99956_1.jpg | https://iwihwtpzrwyybumottcd.supabase.co/storage/v1/object/public/product-images/99956/99956_2.jpg
40823248,Mary Import,SAC A MAIN,exact,https://iwihwtpzrwyybumottcd.supabase.co/storage/v1/object/public/product-images/40823248/40823248_1.jpg | https://iwihwtpzrwyybumottcd.supabase.co/storage/v1/object/public/product-images/40823248/40823248_2.jpg | https://iwihwtpzrwyybumottcd.supabase.co/storage/v1/object/public/product-images/40823248/40823248_3.jpg | https://iwihwtpzrwyybumottcd.supabase.co/storage/v1/object/public/product-images/40823248/40823248_4.jpg
68889,MISS CAPRICE,SAC A MAIN,exact,https://iwihwtpzrwyybumottcd.supabase.co/storage/v1/object/public/product-images/68889/68889_1.jpg | https://iwihwtpzrwyybumottcd.supabase.co/storage/v1/object/public/product-images/68889/68889_2.jpg
601,MISS CAPRICE,SAC A MAIN,approx,https://iwihwtpzrwyybumottcd.supabase.co/storage/v1/object/public/product-images/601/601_1.jpg | https://iwihwtpzrwyybumottcd.supabase.co/storage/v1/object/public/product-images/601/601_2.jpg
40711302,Mary Import,SAC A MAIN,exact,https://iwihwtpzrwyybumottcd.supabase.co/storage/v1/object/public/product-images/40711302/40711302_1.jpg | https://iwihwtpzrwyybumottcd.supabase.co/storage/v1/object/public/product-images/40711302/40711302_2.jpg
40702321,Mary Import,SAC A MAIN,exact,https://iwihwtpzrwyybumottcd.supabase.co/storage/v1/object/public/product-images/40702321/40702321_1.jpg
40578001,Mary Import,SAC A MAIN,exact,https://iwihwtpzrwyybumottcd.supabase.co/storage/v1/object/public/product-images/40578001/40578001_1.jpg | https://iwihwtpzrwyybumottcd.supabase.co/storage/v1/object/public/product-images/40578001/40578001_2.jpg | https://iwihwtpzrwyybumottcd.supabase.co/storage/v1/object/public/product-images/40578001/40578001_3.jpg
99286.7,MISS CAPRICE,SAC A MAIN,approx,https://iwihwtpzrwyybumottcd.supabase.co/storage/v1/object/public/product-images/99286.7/99286.7_1.jpg | https://iwihwtpzrwyybumottcd.supabase.co/storage/v1/object/public/product-images/99286.7/99286.7_2.jpg
68894,UP,SANS PLI POLY VISCOSE,approx,https://iwihwtpzrwyybumottcd.supabase.co/storage/v1/object/public/product-images/68894/68894_1.jpg | https://iwihwtpzrwyybumottcd.supabase.co/storage/v1/object/public/product-images/68894/68894_2.jpg
11.9436Y,M Italy (Importation Bolide),SANS PLIS POLYESTER,exact,https://iwihwtpzrwyybumottcd.supabase.co/storage/v1/object/public/product-images/11.9436Y/11.9436Y_1.jpg | https://iwihwtpzrwyybumottcd.supabase.co/storage/v1/object/public/product-images/11.9436Y/11.9436Y_2.jpg | https://iwihwtpzrwyybumottcd.supabase.co/storage/v1/object/public/product-images/11.9436Y/11.9436Y_3.jpg | https://iwihwtpzrwyybumottcd.supabase.co/storage/v1/object/public/product-images/11.9436Y/11.9436Y_4.jpg
30515013,SAINT TROPEZ,SHORT,exact,https://iwihwtpzrwyybumottcd.supabase.co/storage/v1/object/public/product-images/30515013/30515013_1.jpg | https://iwihwtpzrwyybumottcd.supabase.co/storage/v1/object/public/product-images/30515013/30515013_2.jpg | https://iwihwtpzrwyybumottcd.supabase.co/storage/v1/object/public/product-images/30515013/30515013_3.jpg
256011,TYLER MADISON,SHORT,exact,https://iwihwtpzrwyybumottcd.supabase.co/storage/v1/object/public/product-images/256011/256011_1.jpg | https://iwihwtpzrwyybumottcd.supabase.co/storage/v1/object/public/product-images/256011/256011_2.jpg
X193134,APRICOT COLLECTIONS,SHORT,approx,https://iwihwtpzrwyybumottcd.supabase.co/storage/v1/object/public/product-images/X193134/X193134_1.jpg | https://iwihwtpzrwyybumottcd.supabase.co/storage/v1/object/public/product-images/X193134/X193134_2.jpg | https://iwihwtpzrwyybumottcd.supabase.co/storage/v1/object/public/product-images/X193134/X193134_3.jpg
266006,TYLER MADISON,SHORT,exact,https://iwihwtpzrwyybumottcd.supabase.co/storage/v1/object/public/product-images/266006/266006_1.jpg | https://iwihwtpzrwyybumottcd.supabase.co/storage/v1/object/public/product-images/266006/266006_2.jpg
30515132,SAINT TROPEZ,SHORT COTON,approx,https://iwihwtpzrwyybumottcd.supabase.co/storage/v1/object/public/product-images/30515132/30515132_1.jpg | https://iwihwtpzrwyybumottcd.supabase.co/storage/v1/object/public/product-images/30515132/30515132_2.jpg
SP264742CA,MÉLISSA NEPTON INC,SHORT COTON,exact,https://iwihwtpzrwyybumottcd.supabase.co/storage/v1/object/public/product-images/SP264742CA/SP264742CA_1.jpg | https://iwihwtpzrwyybumottcd.supabase.co/storage/v1/object/public/product-images/SP264742CA/SP264742CA_2.jpg | https://iwihwtpzrwyybumottcd.supabase.co/storage/v1/object/public/product-images/SP264742CA/SP264742CA_3.jpg
2150701600,LOIS ( FEMME),SHORT DENIM,approx,https://iwihwtpzrwyybumottcd.supabase.co/storage/v1/object/public/product-images/2150701600/2150701600_1.jpg | https://iwihwtpzrwyybumottcd.supabase.co/storage/v1/object/public/product-images/2150701600/2150701600_2.jpg | https://iwihwtpzrwyybumottcd.supabase.co/storage/v1/object/public/product-images/2150701600/2150701600_3.jpg
SP2514005,ESQUALO (ALPHI),SOIE COL V,exact,https://iwihwtpzrwyybumottcd.supabase.co/storage/v1/object/public/product-images/SP2514005/SP2514005_1.jpg
BH1606702,BODYHUSH,SOUS-VÊTEMENT,approx,https://iwihwtpzrwyybumottcd.supabase.co/storage/v1/object/public/product-images/BH1606702/BH1606702_1.jpg | https://iwihwtpzrwyybumottcd.supabase.co/storage/v1/object/public/product-images/BH1606702/BH1606702_2.jpg
BH1501M789,BODYHUSH,SOUS-VÊTEMENT,approx,https://iwihwtpzrwyybumottcd.supabase.co/storage/v1/object/public/product-images/BH1501M789/BH1501M789_1.jpg | https://iwihwtpzrwyybumottcd.supabase.co/storage/v1/object/public/product-images/BH1501M789/BH1501M789_2.jpg
BH1501M702,BODYHUSH,SOUS-VÊTEMENT,approx,https://iwihwtpzrwyybumottcd.supabase.co/storage/v1/object/public/product-images/BH1501M702/BH1501M702_1.jpg | https://iwihwtpzrwyybumottcd.supabase.co/storage/v1/object/public/product-images/BH1501M702/BH1501M702_2.jpg
BH1508MS,BODYHUSH,SOUS-VÊTEMENT,exact,https://iwihwtpzrwyybumottcd.supabase.co/storage/v1/object/public/product-images/BH1508MS/BH1508MS_1.jpg | https://iwihwtpzrwyybumottcd.supabase.co/storage/v1/object/public/product-images/BH1508MS/BH1508MS_2.jpg | https://iwihwtpzrwyybumottcd.supabase.co/storage/v1/object/public/product-images/BH1508MS/BH1508MS_3.jpg
BH1502M702,BODYHUSH,SOUS-VÊTEMENT,approx,https://iwihwtpzrwyybumottcd.supabase.co/storage/v1/object/public/product-images/BH1502M702/BH1502M702_1.jpg | https://iwihwtpzrwyybumottcd.supabase.co/storage/v1/object/public/product-images/BH1502M702/BH1502M702_2.jpg
BH1506M789,BODYHUSH,SOUS-VÊTEMENT,approx,https://iwihwtpzrwyybumottcd.supabase.co/storage/v1/object/public/product-images/BH1506M789/BH1506M789_1.jpg | https://iwihwtpzrwyybumottcd.supabase.co/storage/v1/object/public/product-images/BH1506M789/BH1506M789_2.jpg
BH1502M789,BODYHUSH,SOUS-VÊTEMENT,approx,https://iwihwtpzrwyybumottcd.supabase.co/storage/v1/object/public/product-images/BH1502M789/BH1502M789_1.jpg | https://iwihwtpzrwyybumottcd.supabase.co/storage/v1/object/public/product-images/BH1502M789/BH1502M789_2.jpg
BH1707702,BODYHUSH,SOUS-VÊTEMENT,approx,https://iwihwtpzrwyybumottcd.supabase.co/storage/v1/object/public/product-images/BH1707702/BH1707702_1.jpg | https://iwihwtpzrwyybumottcd.supabase.co/storage/v1/object/public/product-images/BH1707702/BH1707702_2.jpg
BH1506M,BODYHUSH,SOUS-VÊTEMENT,approx,https://iwihwtpzrwyybumottcd.supabase.co/storage/v1/object/public/product-images/BH1506M/BH1506M_1.jpg | https://iwihwtpzrwyybumottcd.supabase.co/storage/v1/object/public/product-images/BH1506M/BH1506M_2.jpg
BH1503,BODYHUSH,SOUS-VÊTEMENT,exact,https://iwihwtpzrwyybumottcd.supabase.co/storage/v1/object/public/product-images/BH1503/BH1503_1.jpg | https://iwihwtpzrwyybumottcd.supabase.co/storage/v1/object/public/product-images/BH1503/BH1503_2.jpg | https://iwihwtpzrwyybumottcd.supabase.co/storage/v1/object/public/product-images/BH1503/BH1503_3.jpg
BH1506M702,BODYHUSH,SOUS-VÊTEMENT,approx,https://iwihwtpzrwyybumottcd.supabase.co/storage/v1/object/public/product-images/BH1506M702/BH1506M702_1.jpg | https://iwihwtpzrwyybumottcd.supabase.co/storage/v1/object/public/product-images/BH1506M702/BH1506M702_2.jpg
BH1608702,BODYHUSH,SOUS-VÊTEMENT,approx,https://iwihwtpzrwyybumottcd.supabase.co/storage/v1/object/public/product-images/BH1608702/BH1608702_1.jpg | https://iwihwtpzrwyybumottcd.supabase.co/storage/v1/object/public/product-images/BH1608702/BH1608702_2.jpg
KRF106.606.O.W,PERRI'S CORPORATION,SPORT,approx,https://iwihwtpzrwyybumottcd.supabase.co/storage/v1/object/public/product-images/KRF106.606.O.W/KRF106.606.O.W_1.jpg | https://iwihwtpzrwyybumottcd.supabase.co/storage/v1/object/public/product-images/KRF106.606.O.W/KRF106.606.O.W_2.jpg | https://iwihwtpzrwyybumottcd.supabase.co/storage/v1/object/public/product-images/KRF106.606.O.W/KRF106.606.O.W_3.jpg
U0224C6,UNDER ARMOUR,SPORT,approx,https://iwihwtpzrwyybumottcd.supabase.co/storage/v1/object/public/product-images/U0224C6/U0224C6_1.jpg | https://iwihwtpzrwyybumottcd.supabase.co/storage/v1/object/public/product-images/U0224C6/U0224C6_2.jpg
SMU004.607.O.W,PERRI'S CORPORATION,SPORT,exact,https://iwihwtpzrwyybumottcd.supabase.co/storage/v1/object/public/product-images/SMU004.607.O.W/SMU004.607.O.W_1.jpg | https://iwihwtpzrwyybumottcd.supabase.co/storage/v1/object/public/product-images/SMU004.607.O.W/SMU004.607.O.W_2.jpg
SMC172.617.O.W,PERRI'S CORPORATION,SPORT,approx,https://iwihwtpzrwyybumottcd.supabase.co/storage/v1/object/public/product-images/SMC172.617.O.W/SMC172.617.O.W_1.jpg | https://iwihwtpzrwyybumottcd.supabase.co/storage/v1/object/public/product-images/SMC172.617.O.W/SMC172.617.O.W_2.jpg | https://iwihwtpzrwyybumottcd.supabase.co/storage/v1/object/public/product-images/SMC172.617.O.W/SMC172.617.O.W_3.jpg
SSD305.001.O.W,PERRI'S CORPORATION,SPORT,exact,https://iwihwtpzrwyybumottcd.supabase.co/storage/v1/object/public/product-images/SSD305.001.O.W/SSD305.001.O.W_1.jpg
2334,LOIS ( FEMME),TENCEL,exact,https://iwihwtpzrwyybumottcd.supabase.co/storage/v1/object/public/product-images/2334/2334_1.jpg | https://iwihwtpzrwyybumottcd.supabase.co/storage/v1/object/public/product-images/2334/2334_2.jpg | https://iwihwtpzrwyybumottcd.supabase.co/storage/v1/object/public/product-images/2334/2334_3.jpg | https://iwihwtpzrwyybumottcd.supabase.co/storage/v1/object/public/product-images/2334/2334_4.jpg
5158E,Lez A Lez (DDL 9190-8608 Québec Inc.),TENCEL,exact,https://iwihwtpzrwyybumottcd.supabase.co/storage/v1/object/public/product-images/5158E/5158E_1.jpg | https://iwihwtpzrwyybumottcd.supabase.co/storage/v1/object/public/product-images/5158E/5158E_2.jpg | https://iwihwtpzrwyybumottcd.supabase.co/storage/v1/object/public/product-images/5158E/5158E_3.jpg
10615142,CREAM DK Compagny Canada,TUNIQUE,approx,https://iwihwtpzrwyybumottcd.supabase.co/storage/v1/object/public/product-images/10615142/10615142_1.jpg | https://iwihwtpzrwyybumottcd.supabase.co/storage/v1/object/public/product-images/10615142/10615142_2.jpg
5036E,Lez A Lez (DDL 9190-8608 Québec Inc.),TUNIQUE,exact,https://iwihwtpzrwyybumottcd.supabase.co/storage/v1/object/public/product-images/5036E/5036E_1.jpg | https://iwihwtpzrwyybumottcd.supabase.co/storage/v1/object/public/product-images/5036E/5036E_2.jpg | https://iwihwtpzrwyybumottcd.supabase.co/storage/v1/object/public/product-images/5036E/5036E_3.jpg
C2486,FURLUX,TUQUE,exact,https://iwihwtpzrwyybumottcd.supabase.co/storage/v1/object/public/product-images/C2486/C2486_1.jpg | https://iwihwtpzrwyybumottcd.supabase.co/storage/v1/object/public/product-images/C2486/C2486_2.jpg | https://iwihwtpzrwyybumottcd.supabase.co/storage/v1/object/public/product-images/C2486/C2486_3.jpg | https://iwihwtpzrwyybumottcd.supabase.co/storage/v1/object/public/product-images/C2486/C2486_4.jpg
AMALIE.R,SOIA & kyo,TUQUE,approx,https://iwihwtpzrwyybumottcd.supabase.co/storage/v1/object/public/product-images/AMALIE.R/AMALIE.R_1.jpg | https://iwihwtpzrwyybumottcd.supabase.co/storage/v1/object/public/product-images/AMALIE.R/AMALIE.R_2.jpg
C699.FF,FURLUX,TUQUE,exact,https://iwihwtpzrwyybumottcd.supabase.co/storage/v1/object/public/product-images/C699.FF/C699.FF_1.jpg | https://iwihwtpzrwyybumottcd.supabase.co/storage/v1/object/public/product-images/C699.FF/C699.FF_2.jpg
C8135,FURLUX,TUQUE,approx,https://iwihwtpzrwyybumottcd.supabase.co/storage/v1/object/public/product-images/C8135/C8135_1.jpg | https://iwihwtpzrwyybumottcd.supabase.co/storage/v1/object/public/product-images/C8135/C8135_2.jpg | https://iwihwtpzrwyybumottcd.supabase.co/storage/v1/object/public/product-images/C8135/C8135_3.jpg
1267,MISS CAPRICE,TUQUE,exact,https://iwihwtpzrwyybumottcd.supabase.co/storage/v1/object/public/product-images/1267/1267_1.jpg | https://iwihwtpzrwyybumottcd.supabase.co/storage/v1/object/public/product-images/1267/1267_2.jpg
1056,MISS CAPRICE,TUQUE,approx,https://iwihwtpzrwyybumottcd.supabase.co/storage/v1/object/public/product-images/1056/1056_1.jpg | https://iwihwtpzrwyybumottcd.supabase.co/storage/v1/object/public/product-images/1056/1056_2.jpg | https://iwihwtpzrwyybumottcd.supabase.co/storage/v1/object/public/product-images/1056/1056_3.jpg
C2498,FURLUX,TUQUE,exact,https://iwihwtpzrwyybumottcd.supabase.co/storage/v1/object/public/product-images/C2498/C2498_1.jpg
C2492,FURLUX,TUQUE,approx,https://iwihwtpzrwyybumottcd.supabase.co/storage/v1/object/public/product-images/C2492/C2492_1.jpg | https://iwihwtpzrwyybumottcd.supabase.co/storage/v1/object/public/product-images/C2492/C2492_2.jpg | https://iwihwtpzrwyybumottcd.supabase.co/storage/v1/object/public/product-images/C2492/C2492_3.jpg
C2115,FURLUX,TUQUE,approx,https://iwihwtpzrwyybumottcd.supabase.co/storage/v1/object/public/product-images/C2115/C2115_1.jpg | https://iwihwtpzrwyybumottcd.supabase.co/storage/v1/object/public/product-images/C2115/C2115_2.jpg | https://iwihwtpzrwyybumottcd.supabase.co/storage/v1/object/public/product-images/C2115/C2115_3.jpg
1102,MISS CAPRICE,TUQUE,approx,https://iwihwtpzrwyybumottcd.supabase.co/storage/v1/object/public/product-images/1102/1102_1.jpg | https://iwihwtpzrwyybumottcd.supabase.co/storage/v1/object/public/product-images/1102/1102_2.jpg | https://iwihwtpzrwyybumottcd.supabase.co/storage/v1/object/public/product-images/1102/1102_3.jpg
1023,MISS CAPRICE,TUQUE,approx,https://iwihwtpzrwyybumottcd.supabase.co/storage/v1/object/public/product-images/1023/1023_1.jpg | https://iwihwtpzrwyybumottcd.supabase.co/storage/v1/object/public/product-images/1023/1023_2.jpg | https://iwihwtpzrwyybumottcd.supabase.co/storage/v1/object/public/product-images/1023/1023_3.jpg
C2491,FURLUX,TUQUE ET FOULARD,approx,https://iwihwtpzrwyybumottcd.supabase.co/storage/v1/object/public/product-images/C2491/C2491_1.jpg | https://iwihwtpzrwyybumottcd.supabase.co/storage/v1/object/public/product-images/C2491/C2491_2.jpg | https://iwihwtpzrwyybumottcd.supabase.co/storage/v1/object/public/product-images/C2491/C2491_3.jpg
H50112,Garcia,VELOUR,exact,https://iwihwtpzrwyybumottcd.supabase.co/storage/v1/object/public/product-images/H50112/H50112_1.jpg | https://iwihwtpzrwyybumottcd.supabase.co/storage/v1/object/public/product-images/H50112/H50112_2.jpg | https://iwihwtpzrwyybumottcd.supabase.co/storage/v1/object/public/product-images/H50112/H50112_3.jpg
32320587B,FREAKY NATION (Les Importations Bolide ),VESTE S.M. CUIR,approx,https://iwihwtpzrwyybumottcd.supabase.co/storage/v1/object/public/product-images/32320587B/32320587B_1.jpg | https://iwihwtpzrwyybumottcd.supabase.co/storage/v1/object/public/product-images/32320587B/32320587B_2.jpg
2343E,Lez A Lez (DDL 9190-8608 Québec Inc.),VESTE SPORT,exact,https://iwihwtpzrwyybumottcd.supabase.co/storage/v1/object/public/product-images/2343E/2343E_1.jpg | https://iwihwtpzrwyybumottcd.supabase.co/storage/v1/object/public/product-images/2343E/2343E_2.jpg | https://iwihwtpzrwyybumottcd.supabase.co/storage/v1/object/public/product-images/2343E/2343E_3.jpg
26320590B,FREAKY NATION (Les Importations Bolide ),VESTON SUÈDE,approx,https://iwihwtpzrwyybumottcd.supabase.co/storage/v1/object/public/product-images/26320590B/26320590B_1.jpg | https://iwihwtpzrwyybumottcd.supabase.co/storage/v1/object/public/product-images/26320590B/26320590B_2.jpg
F2507509,ESQUALO (ALPHI),VISCOSE,exact,https://iwihwtpzrwyybumottcd.supabase.co/storage/v1/object/public/product-images/F2507509/F2507509_1.jpg | https://iwihwtpzrwyybumottcd.supabase.co/storage/v1/object/public/product-images/F2507509/F2507509_2.jpg | https://iwihwtpzrwyybumottcd.supabase.co/storage/v1/object/public/product-images/F2507509/F2507509_3.jpg | https://iwihwtpzrwyybumottcd.supabase.co/storage/v1/object/public/product-images/F2507509/F2507509_4.jpg
1166142DGW,M Italy (Importation Bolide),VISCOSE,approx,https://iwihwtpzrwyybumottcd.supabase.co/storage/v1/object/public/product-images/1166142DGW/1166142DGW_1.jpg | https://iwihwtpzrwyybumottcd.supabase.co/storage/v1/object/public/product-images/1166142DGW/1166142DGW_2.jpg
PADOVA,VICARIO (Codav & Forest Import),VISCOSE,exact,https://iwihwtpzrwyybumottcd.supabase.co/storage/v1/object/public/product-images/PADOVA/PADOVA_1.jpg | https://iwihwtpzrwyybumottcd.supabase.co/storage/v1/object/public/product-images/PADOVA/PADOVA_2.jpg | https://iwihwtpzrwyybumottcd.supabase.co/storage/v1/object/public/product-images/PADOVA/PADOVA_3.jpg | https://iwihwtpzrwyybumottcd.supabase.co/storage/v1/object/public/product-images/PADOVA/PADOVA_4.jpg
1112090W,M Italy (Importation Bolide),VISCOSE,approx,https://iwihwtpzrwyybumottcd.supabase.co/storage/v1/object/public/product-images/1112090W/1112090W_1.jpg | https://iwihwtpzrwyybumottcd.supabase.co/storage/v1/object/public/product-images/1112090W/1112090W_2.jpg
X126804,APRICOT COLLECTIONS,VISCOSE,approx,https://iwihwtpzrwyybumottcd.supabase.co/storage/v1/object/public/product-images/X126804/X126804_1.jpg | https://iwihwtpzrwyybumottcd.supabase.co/storage/v1/object/public/product-images/X126804/X126804_2.jpg
X181469,APRICOT COLLECTIONS,VISCOSE,exact,https://iwihwtpzrwyybumottcd.supabase.co/storage/v1/object/public/product-images/X181469/X181469_1.jpg | https://iwihwtpzrwyybumottcd.supabase.co/storage/v1/object/public/product-images/X181469/X181469_2.jpg | https://iwihwtpzrwyybumottcd.supabase.co/storage/v1/object/public/product-images/X181469/X181469_3.jpg | https://iwihwtpzrwyybumottcd.supabase.co/storage/v1/object/public/product-images/X181469/X181469_4.jpg
F2502505,ESQUALO (ALPHI),VISCOSE,exact,https://iwihwtpzrwyybumottcd.supabase.co/storage/v1/object/public/product-images/F2502505/F2502505_1.jpg | https://iwihwtpzrwyybumottcd.supabase.co/storage/v1/object/public/product-images/F2502505/F2502505_2.jpg | https://iwihwtpzrwyybumottcd.supabase.co/storage/v1/object/public/product-images/F2502505/F2502505_3.jpg
B50020,Garcia,VISCOSE,exact,https://iwihwtpzrwyybumottcd.supabase.co/storage/v1/object/public/product-images/B50020/B50020_1.jpg | https://iwihwtpzrwyybumottcd.supabase.co/storage/v1/object/public/product-images/B50020/B50020_2.jpg | https://iwihwtpzrwyybumottcd.supabase.co/storage/v1/object/public/product-images/B50020/B50020_3.jpg
X193066,APRICOT COLLECTIONS,VISCOSE,approx,https://iwihwtpzrwyybumottcd.supabase.co/storage/v1/object/public/product-images/X193066/X193066_1.jpg | https://iwihwtpzrwyybumottcd.supabase.co/storage/v1/object/public/product-images/X193066/X193066_2.jpg
940703,APRICOT COLLECTIONS,VISCOSE,exact,https://iwihwtpzrwyybumottcd.supabase.co/storage/v1/object/public/product-images/940703/940703_1.jpg | https://iwihwtpzrwyybumottcd.supabase.co/storage/v1/object/public/product-images/940703/940703_2.jpg | https://iwihwtpzrwyybumottcd.supabase.co/storage/v1/object/public/product-images/940703/940703_3.jpg
Z0020,Garcia,VISCOSE,exact,https://iwihwtpzrwyybumottcd.supabase.co/storage/v1/object/public/product-images/Z0020/Z0020_1.jpg | https://iwihwtpzrwyybumottcd.supabase.co/storage/v1/object/public/product-images/Z0020/Z0020_2.jpg | https://iwihwtpzrwyybumottcd.supabase.co/storage/v1/object/public/product-images/Z0020/Z0020_3.jpg
7284E,Lez A Lez (DDL 9190-8608 Québec Inc.),VISCOSE,exact,https://iwihwtpzrwyybumottcd.supabase.co/storage/v1/object/public/product-images/7284E/7284E_1.jpg | https://iwihwtpzrwyybumottcd.supabase.co/storage/v1/object/public/product-images/7284E/7284E_2.jpg
7134E,Lez A Lez (DDL 9190-8608 Québec Inc.),VISCOSE,exact,https://iwihwtpzrwyybumottcd.supabase.co/storage/v1/object/public/product-images/7134E/7134E_1.jpg | https://iwihwtpzrwyybumottcd.supabase.co/storage/v1/object/public/product-images/7134E/7134E_2.jpg | https://iwihwtpzrwyybumottcd.supabase.co/storage/v1/object/public/product-images/7134E/7134E_3.jpg
426011,TYLER MADISON,VISCOSE,exact,https://iwihwtpzrwyybumottcd.supabase.co/storage/v1/object/public/product-images/426011/426011_1.jpg | https://iwihwtpzrwyybumottcd.supabase.co/storage/v1/object/public/product-images/426011/426011_2.jpg | https://iwihwtpzrwyybumottcd.supabase.co/storage/v1/object/public/product-images/426011/426011_3.jpg
108325DGW,M Italy (Importation Bolide),VISCOSE,approx,https://iwihwtpzrwyybumottcd.supabase.co/storage/v1/object/public/product-images/108325DGW/108325DGW_1.jpg | https://iwihwtpzrwyybumottcd.supabase.co/storage/v1/object/public/product-images/108325DGW/108325DGW_2.jpg
68689,UP,VISCOSE,approx,https://iwihwtpzrwyybumottcd.supabase.co/storage/v1/object/public/product-images/68689/68689_1.jpg | https://iwihwtpzrwyybumottcd.supabase.co/storage/v1/object/public/product-images/68689/68689_2.jpg
68479,UP,VISCOSE,approx,https://iwihwtpzrwyybumottcd.supabase.co/storage/v1/object/public/product-images/68479/68479_1.jpg | https://iwihwtpzrwyybumottcd.supabase.co/storage/v1/object/public/product-images/68479/68479_2.jpg
10614893,CREAM DK Compagny Canada,VISCOSE,approx,https://iwihwtpzrwyybumottcd.supabase.co/storage/v1/object/public/product-images/10614893/10614893_1.jpg | https://iwihwtpzrwyybumottcd.supabase.co/storage/v1/object/public/product-images/10614893/10614893_2.jpg
256004,TYLER MADISON,VISCOSE,exact,https://iwihwtpzrwyybumottcd.supabase.co/storage/v1/object/public/product-images/256004/256004_1.jpg | https://iwihwtpzrwyybumottcd.supabase.co/storage/v1/object/public/product-images/256004/256004_2.jpg | https://iwihwtpzrwyybumottcd.supabase.co/storage/v1/object/public/product-images/256004/256004_3.jpg
52C41119,COMPAGNIA FANTASTICA,VISCOSE,exact,https://iwihwtpzrwyybumottcd.supabase.co/storage/v1/object/public/product-images/52C41119/52C41119_1.jpg | https://iwihwtpzrwyybumottcd.supabase.co/storage/v1/object/public/product-images/52C41119/52C41119_2.jpg | https://iwihwtpzrwyybumottcd.supabase.co/storage/v1/object/public/product-images/52C41119/52C41119_3.jpg | https://iwihwtpzrwyybumottcd.supabase.co/storage/v1/object/public/product-images/52C41119/52C41119_4.jpg
528014,TYLER MADISON,VISCOSE,approx,https://iwihwtpzrwyybumottcd.supabase.co/storage/v1/object/public/product-images/528014/528014_1.jpg | https://iwihwtpzrwyybumottcd.supabase.co/storage/v1/object/public/product-images/528014/528014_2.jpg | https://iwihwtpzrwyybumottcd.supabase.co/storage/v1/object/public/product-images/528014/528014_3.jpg
526048,TYLER MADISON,VISCOSE,approx,https://iwihwtpzrwyybumottcd.supabase.co/storage/v1/object/public/product-images/526048/526048_1.jpg | https://iwihwtpzrwyybumottcd.supabase.co/storage/v1/object/public/product-images/526048/526048_2.jpg
526040,TYLER MADISON,VISCOSE,exact,https://iwihwtpzrwyybumottcd.supabase.co/storage/v1/object/public/product-images/526040/526040_1.jpg | https://iwihwtpzrwyybumottcd.supabase.co/storage/v1/object/public/product-images/526040/526040_2.jpg
526037,TYLER MADISON,VISCOSE,approx,https://iwihwtpzrwyybumottcd.supabase.co/storage/v1/object/public/product-images/526037/526037_1.jpg | https://iwihwtpzrwyybumottcd.supabase.co/storage/v1/object/public/product-images/526037/526037_2.jpg
F2531501,ESQUALO (ALPHI),VISCOSE,exact,https://iwihwtpzrwyybumottcd.supabase.co/storage/v1/object/public/product-images/F2531501/F2531501_1.jpg
CRAQURELLA,CREAM DK Compagny Canada,VISCOSE,exact,https://iwihwtpzrwyybumottcd.supabase.co/storage/v1/object/public/product-images/CRAQURELLA/CRAQURELLA_1.jpg
YARI,RAGWEAR,VISCOSE,approx,https://iwihwtpzrwyybumottcd.supabase.co/storage/v1/object/public/product-images/YARI/YARI_1.jpg | https://iwihwtpzrwyybumottcd.supabase.co/storage/v1/object/public/product-images/YARI/YARI_2.jpg
426012,TYLER MADISON,VISCOSE,exact,https://iwihwtpzrwyybumottcd.supabase.co/storage/v1/object/public/product-images/426012/426012_1.jpg | https://iwihwtpzrwyybumottcd.supabase.co/storage/v1/object/public/product-images/426012/426012_2.jpg | https://iwihwtpzrwyybumottcd.supabase.co/storage/v1/object/public/product-images/426012/426012_3.jpg
TALHAPANT,MÉLISSA NEPTON INC,VISCOSE,exact,https://iwihwtpzrwyybumottcd.supabase.co/storage/v1/object/public/product-images/TALHAPANT/TALHAPANT_1.jpg | https://iwihwtpzrwyybumottcd.supabase.co/storage/v1/object/public/product-images/TALHAPANT/TALHAPANT_2.jpg
ANGYC,RAGWEAR,VISCOSE,exact,https://iwihwtpzrwyybumottcd.supabase.co/storage/v1/object/public/product-images/ANGYC/ANGYC_1.jpg | https://iwihwtpzrwyybumottcd.supabase.co/storage/v1/object/public/product-images/ANGYC/ANGYC_2.jpg
33.1221X,M Italy (Importation Bolide),VISCOSE,approx,https://iwihwtpzrwyybumottcd.supabase.co/storage/v1/object/public/product-images/33.1221X/33.1221X_1.jpg | https://iwihwtpzrwyybumottcd.supabase.co/storage/v1/object/public/product-images/33.1221X/33.1221X_2.jpg
10614331,CREAM DK Compagny Canada,VISCOSE,exact,https://iwihwtpzrwyybumottcd.supabase.co/storage/v1/object/public/product-images/10614331/10614331_1.jpg | https://iwihwtpzrwyybumottcd.supabase.co/storage/v1/object/public/product-images/10614331/10614331_2.jpg | https://iwihwtpzrwyybumottcd.supabase.co/storage/v1/object/public/product-images/10614331/10614331_3.jpg | https://iwihwtpzrwyybumottcd.supabase.co/storage/v1/object/public/product-images/10614331/10614331_4.jpg
3136E,Lez A Lez (DDL 9190-8608 Québec Inc.),VISCOSE,approx,https://iwihwtpzrwyybumottcd.supabase.co/storage/v1/object/public/product-images/3136E/3136E_1.jpg | https://iwihwtpzrwyybumottcd.supabase.co/storage/v1/object/public/product-images/3136E/3136E_2.jpg
26WWJF33,DESIGUAL FEMME,VISCOSE,exact,https://iwihwtpzrwyybumottcd.supabase.co/storage/v1/object/public/product-images/26WWJF33/26WWJF33_1.jpg
10.LD1425H,ASTRID (IMPORTATION BOLIDE),VISCOSE,approx,https://iwihwtpzrwyybumottcd.supabase.co/storage/v1/object/public/product-images/10.LD1425H/10.LD1425H_1.jpg | https://iwihwtpzrwyybumottcd.supabase.co/storage/v1/object/public/product-images/10.LD1425H/10.LD1425H_2.jpg
3249E,Lez A Lez (DDL 9190-8608 Québec Inc.),VISCOSE,exact,https://iwihwtpzrwyybumottcd.supabase.co/storage/v1/object/public/product-images/3249E/3249E_1.jpg | https://iwihwtpzrwyybumottcd.supabase.co/storage/v1/object/public/product-images/3249E/3249E_2.jpg | https://iwihwtpzrwyybumottcd.supabase.co/storage/v1/object/public/product-images/3249E/3249E_3.jpg
VALENTINA,SAINT TROPEZ,VISCOSE,approx,https://iwihwtpzrwyybumottcd.supabase.co/storage/v1/object/public/product-images/VALENTINA/VALENTINA_1.jpg | https://iwihwtpzrwyybumottcd.supabase.co/storage/v1/object/public/product-images/VALENTINA/VALENTINA_2.jpg
335013W,M Italy (Importation Bolide),VISCOSE,approx,https://iwihwtpzrwyybumottcd.supabase.co/storage/v1/object/public/product-images/335013W/335013W_1.jpg | https://iwihwtpzrwyybumottcd.supabase.co/storage/v1/object/public/product-images/335013W/335013W_2.jpg
25SWJF311000,DESIGUAL FEMME,VISCOSE,approx,https://iwihwtpzrwyybumottcd.supabase.co/storage/v1/object/public/product-images/25SWJF311000/25SWJF311000_1.jpg | https://iwihwtpzrwyybumottcd.supabase.co/storage/v1/object/public/product-images/25SWJF311000/25SWJF311000_2.jpg
30513967,SAINT TROPEZ,VISCOSE,exact,https://iwihwtpzrwyybumottcd.supabase.co/storage/v1/object/public/product-images/30513967/30513967_1.jpg | https://iwihwtpzrwyybumottcd.supabase.co/storage/v1/object/public/product-images/30513967/30513967_2.jpg | https://iwihwtpzrwyybumottcd.supabase.co/storage/v1/object/public/product-images/30513967/30513967_3.jpg | https://iwihwtpzrwyybumottcd.supabase.co/storage/v1/object/public/product-images/30513967/30513967_4.jpg
X171743,APRICOT COLLECTIONS,VISCOSE,approx,https://iwihwtpzrwyybumottcd.supabase.co/storage/v1/object/public/product-images/X171743/X171743_1.jpg | https://iwihwtpzrwyybumottcd.supabase.co/storage/v1/object/public/product-images/X171743/X171743_2.jpg
25SWMW032000,DESIGUAL FEMME,VISCOSE,exact,https://iwihwtpzrwyybumottcd.supabase.co/storage/v1/object/public/product-images/25SWMW032000/25SWMW032000_1.jpg | https://iwihwtpzrwyybumottcd.supabase.co/storage/v1/object/public/product-images/25SWMW032000/25SWMW032000_2.jpg | https://iwihwtpzrwyybumottcd.supabase.co/storage/v1/object/public/product-images/25SWMW032000/25SWMW032000_3.jpg | https://iwihwtpzrwyybumottcd.supabase.co/storage/v1/object/public/product-images/25SWMW032000/25SWMW032000_4.jpg
25SWMW031001,DESIGUAL FEMME,VISCOSE,approx,https://iwihwtpzrwyybumottcd.supabase.co/storage/v1/object/public/product-images/25SWMW031001/25SWMW031001_1.jpg | https://iwihwtpzrwyybumottcd.supabase.co/storage/v1/object/public/product-images/25SWMW031001/25SWMW031001_2.jpg
268015B,TYLER MADISON,VISCOSE,exact,https://iwihwtpzrwyybumottcd.supabase.co/storage/v1/object/public/product-images/268015B/268015B_1.jpg | https://iwihwtpzrwyybumottcd.supabase.co/storage/v1/object/public/product-images/268015B/268015B_2.jpg
10614790,CREAM DK Compagny Canada,VISCOSE,exact,https://iwihwtpzrwyybumottcd.supabase.co/storage/v1/object/public/product-images/10614790/10614790_1.jpg | https://iwihwtpzrwyybumottcd.supabase.co/storage/v1/object/public/product-images/10614790/10614790_2.jpg | https://iwihwtpzrwyybumottcd.supabase.co/storage/v1/object/public/product-images/10614790/10614790_3.jpg | https://iwihwtpzrwyybumottcd.supabase.co/storage/v1/object/public/product-images/10614790/10614790_4.jpg
1966148W,M Italy (Importation Bolide),VISCOSE,approx,https://iwihwtpzrwyybumottcd.supabase.co/storage/v1/object/public/product-images/1966148W/1966148W_1.jpg | https://iwihwtpzrwyybumottcd.supabase.co/storage/v1/object/public/product-images/1966148W/1966148W_2.jpg | https://iwihwtpzrwyybumottcd.supabase.co/storage/v1/object/public/product-images/1966148W/1966148W_3.jpg
10.5128X,M Italy (Importation Bolide),VISCOSE,approx,https://iwihwtpzrwyybumottcd.supabase.co/storage/v1/object/public/product-images/10.5128X/10.5128X_1.jpg | https://iwihwtpzrwyybumottcd.supabase.co/storage/v1/object/public/product-images/10.5128X/10.5128X_2.jpg
10613926,CREAM DK Compagny Canada,VISCOSE,exact,https://iwihwtpzrwyybumottcd.supabase.co/storage/v1/object/public/product-images/10613926/10613926_1.jpg | https://iwihwtpzrwyybumottcd.supabase.co/storage/v1/object/public/product-images/10613926/10613926_2.jpg | https://iwihwtpzrwyybumottcd.supabase.co/storage/v1/object/public/product-images/10613926/10613926_3.jpg | https://iwihwtpzrwyybumottcd.supabase.co/storage/v1/object/public/product-images/10613926/10613926_4.jpg
54C.41104,COMPAGNIA FANTASTICA,VISCOSE,exact,https://iwihwtpzrwyybumottcd.supabase.co/storage/v1/object/public/product-images/54C.41104/54C.41104_1.jpg | https://iwihwtpzrwyybumottcd.supabase.co/storage/v1/object/public/product-images/54C.41104/54C.41104_2.jpg | https://iwihwtpzrwyybumottcd.supabase.co/storage/v1/object/public/product-images/54C.41104/54C.41104_3.jpg | https://iwihwtpzrwyybumottcd.supabase.co/storage/v1/object/public/product-images/54C.41104/54C.41104_4.jpg
10612923,CREAM DK Compagny Canada,VISCOSE,exact,https://iwihwtpzrwyybumottcd.supabase.co/storage/v1/object/public/product-images/10612923/10612923_1.jpg | https://iwihwtpzrwyybumottcd.supabase.co/storage/v1/object/public/product-images/10612923/10612923_2.jpg | https://iwihwtpzrwyybumottcd.supabase.co/storage/v1/object/public/product-images/10612923/10612923_3.jpg | https://iwihwtpzrwyybumottcd.supabase.co/storage/v1/object/public/product-images/10612923/10612923_4.jpg
SHAFRON,RAGWEAR,VISCOSE,approx,https://iwihwtpzrwyybumottcd.supabase.co/storage/v1/object/public/product-images/SHAFRON/SHAFRON_1.jpg | https://iwihwtpzrwyybumottcd.supabase.co/storage/v1/object/public/product-images/SHAFRON/SHAFRON_2.jpg
MANLIA511,VICARIO (Codav & Forest Import),VISCOSE,approx,https://iwihwtpzrwyybumottcd.supabase.co/storage/v1/object/public/product-images/MANLIA511/MANLIA511_1.jpg | https://iwihwtpzrwyybumottcd.supabase.co/storage/v1/object/public/product-images/MANLIA511/MANLIA511_2.jpg
NATALIATOP,MÉLISSA NEPTON INC,VISCOSE,exact,https://iwihwtpzrwyybumottcd.supabase.co/storage/v1/object/public/product-images/NATALIATOP/NATALIATOP_1.jpg | https://iwihwtpzrwyybumottcd.supabase.co/storage/v1/object/public/product-images/NATALIATOP/NATALIATOP_2.jpg
30515730,SAINT TROPEZ,VISCOSE,exact,https://iwihwtpzrwyybumottcd.supabase.co/storage/v1/object/public/product-images/30515730/30515730_1.jpg | https://iwihwtpzrwyybumottcd.supabase.co/storage/v1/object/public/product-images/30515730/30515730_2.jpg | https://iwihwtpzrwyybumottcd.supabase.co/storage/v1/object/public/product-images/30515730/30515730_3.jpg
1512156W,M Italy (Importation Bolide),VISCOSE,approx,https://iwihwtpzrwyybumottcd.supabase.co/storage/v1/object/public/product-images/1512156W/1512156W_1.jpg | https://iwihwtpzrwyybumottcd.supabase.co/storage/v1/object/public/product-images/1512156W/1512156W_2.jpg
15.MA1902H,ASTRID (IMPORTATION BOLIDE),VISCOSE,approx,https://iwihwtpzrwyybumottcd.supabase.co/storage/v1/object/public/product-images/15.MA1902H/15.MA1902H_1.jpg | https://iwihwtpzrwyybumottcd.supabase.co/storage/v1/object/public/product-images/15.MA1902H/15.MA1902H_2.jpg
15.66806DGY,M Italy (Importation Bolide),VISCOSE,exact,https://iwihwtpzrwyybumottcd.supabase.co/storage/v1/object/public/product-images/15.66806DGY/15.66806DGY_1.jpg | https://iwihwtpzrwyybumottcd.supabase.co/storage/v1/object/public/product-images/15.66806DGY/15.66806DGY_2.jpg | https://iwihwtpzrwyybumottcd.supabase.co/storage/v1/object/public/product-images/15.66806DGY/15.66806DGY_3.jpg | https://iwihwtpzrwyybumottcd.supabase.co/storage/v1/object/public/product-images/15.66806DGY/15.66806DGY_4.jpg
F2527506,ESQUALO (ALPHI),VISCOSE,exact,https://iwihwtpzrwyybumottcd.supabase.co/storage/v1/object/public/product-images/F2527506/F2527506_1.jpg | https://iwihwtpzrwyybumottcd.supabase.co/storage/v1/object/public/product-images/F2527506/F2527506_2.jpg | https://iwihwtpzrwyybumottcd.supabase.co/storage/v1/object/public/product-images/F2527506/F2527506_3.jpg | https://iwihwtpzrwyybumottcd.supabase.co/storage/v1/object/public/product-images/F2527506/F2527506_4.jpg
D50111,Garcia,VISCOSE,exact,https://iwihwtpzrwyybumottcd.supabase.co/storage/v1/object/public/product-images/D50111/D50111_1.jpg | https://iwihwtpzrwyybumottcd.supabase.co/storage/v1/object/public/product-images/D50111/D50111_2.jpg | https://iwihwtpzrwyybumottcd.supabase.co/storage/v1/object/public/product-images/D50111/D50111_3.jpg
D50110,Garcia,VISCOSE,exact,https://iwihwtpzrwyybumottcd.supabase.co/storage/v1/object/public/product-images/D50110/D50110_1.jpg | https://iwihwtpzrwyybumottcd.supabase.co/storage/v1/object/public/product-images/D50110/D50110_2.jpg | https://iwihwtpzrwyybumottcd.supabase.co/storage/v1/object/public/product-images/D50110/D50110_3.jpg
C50230,Garcia,VISCOSE,exact,https://iwihwtpzrwyybumottcd.supabase.co/storage/v1/object/public/product-images/C50230/C50230_1.jpg | https://iwihwtpzrwyybumottcd.supabase.co/storage/v1/object/public/product-images/C50230/C50230_2.jpg | https://iwihwtpzrwyybumottcd.supabase.co/storage/v1/object/public/product-images/C50230/C50230_3.jpg
C1317406,TRAMONTANA Alphi,VISCOSE,approx,https://iwihwtpzrwyybumottcd.supabase.co/storage/v1/object/public/product-images/C1317406/C1317406_1.jpg | https://iwihwtpzrwyybumottcd.supabase.co/storage/v1/object/public/product-images/C1317406/C1317406_2.jpg
MILVES511,VICARIO (Codav & Forest Import),VISCOSE COL CHEMINE,approx,https://iwihwtpzrwyybumottcd.supabase.co/storage/v1/object/public/product-images/MILVES511/MILVES511_1.jpg | https://iwihwtpzrwyybumottcd.supabase.co/storage/v1/object/public/product-images/MILVES511/MILVES511_2.jpg
10614965,CREAM DK Compagny Canada,VISCOSE COL REG.,exact,https://iwihwtpzrwyybumottcd.supabase.co/storage/v1/object/public/product-images/10614965/10614965_1.jpg
51C11106,COMPAGNIA FANTASTICA,VISCOSE COL REG.,exact,https://iwihwtpzrwyybumottcd.supabase.co/storage/v1/object/public/product-images/51C11106/51C11106_1.jpg | https://iwihwtpzrwyybumottcd.supabase.co/storage/v1/object/public/product-images/51C11106/51C11106_2.jpg | https://iwihwtpzrwyybumottcd.supabase.co/storage/v1/object/public/product-images/51C11106/51C11106_3.jpg | https://iwihwtpzrwyybumottcd.supabase.co/storage/v1/object/public/product-images/51C11106/51C11106_4.jpg
20.66496DGX,M Italy (Importation Bolide),VISCOSE COL REG.,approx,https://iwihwtpzrwyybumottcd.supabase.co/storage/v1/object/public/product-images/20.66496DGX/20.66496DGX_1.jpg | https://iwihwtpzrwyybumottcd.supabase.co/storage/v1/object/public/product-images/20.66496DGX/20.66496DGX_2.jpg
51C11000,COMPAGNIA FANTASTICA,VISCOSE COL REG.,exact,https://iwihwtpzrwyybumottcd.supabase.co/storage/v1/object/public/product-images/51C11000/51C11000_1.jpg | https://iwihwtpzrwyybumottcd.supabase.co/storage/v1/object/public/product-images/51C11000/51C11000_2.jpg | https://iwihwtpzrwyybumottcd.supabase.co/storage/v1/object/public/product-images/51C11000/51C11000_3.jpg | https://iwihwtpzrwyybumottcd.supabase.co/storage/v1/object/public/product-images/51C11000/51C11000_4.jpg
3634E,Lez A Lez (DDL 9190-8608 Québec Inc.),VISCOSE COL REG.,exact,https://iwihwtpzrwyybumottcd.supabase.co/storage/v1/object/public/product-images/3634E/3634E_1.jpg | https://iwihwtpzrwyybumottcd.supabase.co/storage/v1/object/public/product-images/3634E/3634E_2.jpg | https://iwihwtpzrwyybumottcd.supabase.co/storage/v1/object/public/product-images/3634E/3634E_3.jpg | https://iwihwtpzrwyybumottcd.supabase.co/storage/v1/object/public/product-images/3634E/3634E_4.jpg
10607869,CREAM DK Compagny Canada,VISCOSE COL REG.,exact,https://iwihwtpzrwyybumottcd.supabase.co/storage/v1/object/public/product-images/10607869/10607869_1.jpg | https://iwihwtpzrwyybumottcd.supabase.co/storage/v1/object/public/product-images/10607869/10607869_2.jpg | https://iwihwtpzrwyybumottcd.supabase.co/storage/v1/object/public/product-images/10607869/10607869_3.jpg | https://iwihwtpzrwyybumottcd.supabase.co/storage/v1/object/public/product-images/10607869/10607869_4.jpg
61C.11047,COMPAGNIA FANTASTICA,VISCOSE COL REG.,exact,https://iwihwtpzrwyybumottcd.supabase.co/storage/v1/object/public/product-images/61C.11047/61C.11047_1.jpg | https://iwihwtpzrwyybumottcd.supabase.co/storage/v1/object/public/product-images/61C.11047/61C.11047_2.jpg | https://iwihwtpzrwyybumottcd.supabase.co/storage/v1/object/public/product-images/61C.11047/61C.11047_3.jpg | https://iwihwtpzrwyybumottcd.supabase.co/storage/v1/object/public/product-images/61C.11047/61C.11047_4.jpg
52C12105,COMPAGNIA FANTASTICA,VISCOSE COL REG.,exact,https://iwihwtpzrwyybumottcd.supabase.co/storage/v1/object/public/product-images/52C12105/52C12105_1.jpg | https://iwihwtpzrwyybumottcd.supabase.co/storage/v1/object/public/product-images/52C12105/52C12105_2.jpg | https://iwihwtpzrwyybumottcd.supabase.co/storage/v1/object/public/product-images/52C12105/52C12105_3.jpg | https://iwihwtpzrwyybumottcd.supabase.co/storage/v1/object/public/product-images/52C12105/52C12105_4.jpg
52C11106,COMPAGNIA FANTASTICA,VISCOSE COL REG.,exact,https://iwihwtpzrwyybumottcd.supabase.co/storage/v1/object/public/product-images/52C11106/52C11106_1.jpg | https://iwihwtpzrwyybumottcd.supabase.co/storage/v1/object/public/product-images/52C11106/52C11106_2.jpg | https://iwihwtpzrwyybumottcd.supabase.co/storage/v1/object/public/product-images/52C11106/52C11106_3.jpg | https://iwihwtpzrwyybumottcd.supabase.co/storage/v1/object/public/product-images/52C11106/52C11106_4.jpg
25SWCW411000,DESIGUAL FEMME,VISCOSE COL REG.,approx,https://iwihwtpzrwyybumottcd.supabase.co/storage/v1/object/public/product-images/25SWCW411000/25SWCW411000_1.jpg | https://iwihwtpzrwyybumottcd.supabase.co/storage/v1/object/public/product-images/25SWCW411000/25SWCW411000_2.jpg
MILASSBLOCK,SAINT TROPEZ,VISCOSE COL ROND,approx,https://iwihwtpzrwyybumottcd.supabase.co/storage/v1/object/public/product-images/MILASSBLOCK/MILASSBLOCK_1.jpg | https://iwihwtpzrwyybumottcd.supabase.co/storage/v1/object/public/product-images/MILASSBLOCK/MILASSBLOCK_2.jpg
B50004,Garcia,VISCOSE COL ROND,exact,https://iwihwtpzrwyybumottcd.supabase.co/storage/v1/object/public/product-images/B50004/B50004_1.jpg | https://iwihwtpzrwyybumottcd.supabase.co/storage/v1/object/public/product-images/B50004/B50004_2.jpg | https://iwihwtpzrwyybumottcd.supabase.co/storage/v1/object/public/product-images/B50004/B50004_3.jpg | https://iwihwtpzrwyybumottcd.supabase.co/storage/v1/object/public/product-images/B50004/B50004_4.jpg
10615143,CREAM DK Compagny Canada,VISCOSE COL ROND,exact,https://iwihwtpzrwyybumottcd.supabase.co/storage/v1/object/public/product-images/10615143/10615143_1.jpg | https://iwihwtpzrwyybumottcd.supabase.co/storage/v1/object/public/product-images/10615143/10615143_2.jpg | https://iwihwtpzrwyybumottcd.supabase.co/storage/v1/object/public/product-images/10615143/10615143_3.jpg
10613961,CREAM DK Compagny Canada,VISCOSE COL ROND,exact,https://iwihwtpzrwyybumottcd.supabase.co/storage/v1/object/public/product-images/10613961/10613961_1.jpg | https://iwihwtpzrwyybumottcd.supabase.co/storage/v1/object/public/product-images/10613961/10613961_2.jpg | https://iwihwtpzrwyybumottcd.supabase.co/storage/v1/object/public/product-images/10613961/10613961_3.jpg | https://iwihwtpzrwyybumottcd.supabase.co/storage/v1/object/public/product-images/10613961/10613961_4.jpg
10614272,CREAM DK Compagny Canada,VISCOSE COL ROND,approx,https://iwihwtpzrwyybumottcd.supabase.co/storage/v1/object/public/product-images/10614272/10614272_1.jpg | https://iwihwtpzrwyybumottcd.supabase.co/storage/v1/object/public/product-images/10614272/10614272_2.jpg
D0515401,TRAMONTANA Alphi,VISCOSE COL ROND,exact,https://iwihwtpzrwyybumottcd.supabase.co/storage/v1/object/public/product-images/D0515401/D0515401_1.jpg
30514645,SAINT TROPEZ,VISCOSE COL ROND,exact,https://iwihwtpzrwyybumottcd.supabase.co/storage/v1/object/public/product-images/30514645/30514645_1.jpg | https://iwihwtpzrwyybumottcd.supabase.co/storage/v1/object/public/product-images/30514645/30514645_2.jpg | https://iwihwtpzrwyybumottcd.supabase.co/storage/v1/object/public/product-images/30514645/30514645_3.jpg
10613240,CREAM DK Compagny Canada,VISCOSE COL ROND,exact,https://iwihwtpzrwyybumottcd.supabase.co/storage/v1/object/public/product-images/10613240/10613240_1.jpg | https://iwihwtpzrwyybumottcd.supabase.co/storage/v1/object/public/product-images/10613240/10613240_2.jpg | https://iwihwtpzrwyybumottcd.supabase.co/storage/v1/object/public/product-images/10613240/10613240_3.jpg | https://iwihwtpzrwyybumottcd.supabase.co/storage/v1/object/public/product-images/10613240/10613240_4.jpg
10613891,CREAM DK Compagny Canada,VISCOSE COL ROND,exact,https://iwihwtpzrwyybumottcd.supabase.co/storage/v1/object/public/product-images/10613891/10613891_1.jpg
10614865,CREAM DK Compagny Canada,VISCOSE COL ROND,exact,https://iwihwtpzrwyybumottcd.supabase.co/storage/v1/object/public/product-images/10614865/10614865_1.jpg | https://iwihwtpzrwyybumottcd.supabase.co/storage/v1/object/public/product-images/10614865/10614865_2.jpg | https://iwihwtpzrwyybumottcd.supabase.co/storage/v1/object/public/product-images/10614865/10614865_3.jpg
7344E,Lez A Lez (DDL 9190-8608 Québec Inc.),VISCOSE COL ROND,exact,https://iwihwtpzrwyybumottcd.supabase.co/storage/v1/object/public/product-images/7344E/7344E_1.jpg | https://iwihwtpzrwyybumottcd.supabase.co/storage/v1/object/public/product-images/7344E/7344E_2.jpg | https://iwihwtpzrwyybumottcd.supabase.co/storage/v1/object/public/product-images/7344E/7344E_3.jpg
CRRONJA,CREAM DK Compagny Canada,VISCOSE COL ROND,exact,https://iwihwtpzrwyybumottcd.supabase.co/storage/v1/object/public/product-images/CRRONJA/CRRONJA_1.jpg
C1217601,TRAMONTANA Alphi,VISCOSE COL ROND,exact,https://iwihwtpzrwyybumottcd.supabase.co/storage/v1/object/public/product-images/C1217601/C1217601_1.jpg
30514647,SAINT TROPEZ,VISCOSE COL ROND,exact,https://iwihwtpzrwyybumottcd.supabase.co/storage/v1/object/public/product-images/30514647/30514647_1.jpg | https://iwihwtpzrwyybumottcd.supabase.co/storage/v1/object/public/product-images/30514647/30514647_2.jpg | https://iwihwtpzrwyybumottcd.supabase.co/storage/v1/object/public/product-images/30514647/30514647_3.jpg | https://iwihwtpzrwyybumottcd.supabase.co/storage/v1/object/public/product-images/30514647/30514647_4.jpg | https://iwihwtpzrwyybumottcd.supabase.co/storage/v1/object/public/product-images/30514647/30514647_5.jpg | https://iwihwtpzrwyybumottcd.supabase.co/storage/v1/object/public/product-images/30514647/30514647_6.jpg
SP2507013,ESQUALO (ALPHI),VISCOSE COL ROND,exact,https://iwihwtpzrwyybumottcd.supabase.co/storage/v1/object/public/product-images/SP2507013/SP2507013_1.jpg | https://iwihwtpzrwyybumottcd.supabase.co/storage/v1/object/public/product-images/SP2507013/SP2507013_2.jpg | https://iwihwtpzrwyybumottcd.supabase.co/storage/v1/object/public/product-images/SP2507013/SP2507013_3.jpg
30513828,SAINT TROPEZ,VISCOSE COL ROND,exact,https://iwihwtpzrwyybumottcd.supabase.co/storage/v1/object/public/product-images/30513828/30513828_1.jpg | https://iwihwtpzrwyybumottcd.supabase.co/storage/v1/object/public/product-images/30513828/30513828_2.jpg | https://iwihwtpzrwyybumottcd.supabase.co/storage/v1/object/public/product-images/30513828/30513828_3.jpg
30513768,SAINT TROPEZ,VISCOSE COL ROND,exact,https://iwihwtpzrwyybumottcd.supabase.co/storage/v1/object/public/product-images/30513768/30513768_1.jpg | https://iwihwtpzrwyybumottcd.supabase.co/storage/v1/object/public/product-images/30513768/30513768_2.jpg | https://iwihwtpzrwyybumottcd.supabase.co/storage/v1/object/public/product-images/30513768/30513768_3.jpg
MILASZRNECK,SAINT TROPEZ,VISCOSE COL ROND,approx,https://iwihwtpzrwyybumottcd.supabase.co/storage/v1/object/public/product-images/MILASZRNECK/MILASZRNECK_1.jpg | https://iwihwtpzrwyybumottcd.supabase.co/storage/v1/object/public/product-images/MILASZRNECK/MILASZRNECK_2.jpg
30511788,SAINT TROPEZ,VISCOSE COL ROND,exact,https://iwihwtpzrwyybumottcd.supabase.co/storage/v1/object/public/product-images/30511788/30511788_1.jpg | https://iwihwtpzrwyybumottcd.supabase.co/storage/v1/object/public/product-images/30511788/30511788_2.jpg | https://iwihwtpzrwyybumottcd.supabase.co/storage/v1/object/public/product-images/30511788/30511788_3.jpg
5026E,Lez A Lez (DDL 9190-8608 Québec Inc.),VISCOSE COL ROND,exact,https://iwihwtpzrwyybumottcd.supabase.co/storage/v1/object/public/product-images/5026E/5026E_1.jpg | https://iwihwtpzrwyybumottcd.supabase.co/storage/v1/object/public/product-images/5026E/5026E_2.jpg | https://iwihwtpzrwyybumottcd.supabase.co/storage/v1/object/public/product-images/5026E/5026E_3.jpg
268011,TYLER MADISON,VISCOSE COL ROND,approx,https://iwihwtpzrwyybumottcd.supabase.co/storage/v1/object/public/product-images/268011/268011_1.jpg | https://iwihwtpzrwyybumottcd.supabase.co/storage/v1/object/public/product-images/268011/268011_2.jpg
51C10307,COMPAGNIA FANTASTICA,VISCOSE COL ROND,exact,https://iwihwtpzrwyybumottcd.supabase.co/storage/v1/object/public/product-images/51C10307/51C10307_1.jpg | https://iwihwtpzrwyybumottcd.supabase.co/storage/v1/object/public/product-images/51C10307/51C10307_2.jpg | https://iwihwtpzrwyybumottcd.supabase.co/storage/v1/object/public/product-images/51C10307/51C10307_3.jpg | https://iwihwtpzrwyybumottcd.supabase.co/storage/v1/object/public/product-images/51C10307/51C10307_4.jpg
51C10333,COMPAGNIA FANTASTICA,VISCOSE COL ROND,exact,https://iwihwtpzrwyybumottcd.supabase.co/storage/v1/object/public/product-images/51C10333/51C10333_1.jpg | https://iwihwtpzrwyybumottcd.supabase.co/storage/v1/object/public/product-images/51C10333/51C10333_2.jpg | https://iwihwtpzrwyybumottcd.supabase.co/storage/v1/object/public/product-images/51C10333/51C10333_3.jpg | https://iwihwtpzrwyybumottcd.supabase.co/storage/v1/object/public/product-images/51C10333/51C10333_4.jpg
10.31086Y,M Italy (Importation Bolide),VISCOSE COL ROND,exact,https://iwihwtpzrwyybumottcd.supabase.co/storage/v1/object/public/product-images/10.31086Y/10.31086Y_1.jpg | https://iwihwtpzrwyybumottcd.supabase.co/storage/v1/object/public/product-images/10.31086Y/10.31086Y_2.jpg | https://iwihwtpzrwyybumottcd.supabase.co/storage/v1/object/public/product-images/10.31086Y/10.31086Y_3.jpg | https://iwihwtpzrwyybumottcd.supabase.co/storage/v1/object/public/product-images/10.31086Y/10.31086Y_4.jpg
30515326,SAINT TROPEZ,VISCOSE COL ROND,exact,https://iwihwtpzrwyybumottcd.supabase.co/storage/v1/object/public/product-images/30515326/30515326_1.jpg | https://iwihwtpzrwyybumottcd.supabase.co/storage/v1/object/public/product-images/30515326/30515326_2.jpg
3106E,Lez A Lez (DDL 9190-8608 Québec Inc.),VISCOSE COL ROND,exact,https://iwihwtpzrwyybumottcd.supabase.co/storage/v1/object/public/product-images/3106E/3106E_1.jpg | https://iwihwtpzrwyybumottcd.supabase.co/storage/v1/object/public/product-images/3106E/3106E_2.jpg | https://iwihwtpzrwyybumottcd.supabase.co/storage/v1/object/public/product-images/3106E/3106E_3.jpg
X175840,APRICOT COLLECTIONS,VISCOSE COL ROND,exact,https://iwihwtpzrwyybumottcd.supabase.co/storage/v1/object/public/product-images/X175840/X175840_1.jpg | https://iwihwtpzrwyybumottcd.supabase.co/storage/v1/object/public/product-images/X175840/X175840_2.jpg | https://iwihwtpzrwyybumottcd.supabase.co/storage/v1/object/public/product-images/X175840/X175840_3.jpg
SP2514014,ESQUALO (ALPHI),VISCOSE COL V,exact,https://iwihwtpzrwyybumottcd.supabase.co/storage/v1/object/public/product-images/SP2514014/SP2514014_1.jpg
33.20120.GX,M Italy (Importation Bolide),VISCOSE COL V,approx,https://iwihwtpzrwyybumottcd.supabase.co/storage/v1/object/public/product-images/33.20120.GX/33.20120.GX_1.jpg | https://iwihwtpzrwyybumottcd.supabase.co/storage/v1/object/public/product-images/33.20120.GX/33.20120.GX_2.jpg
CRBULIE,CREAM DK Compagny Canada,VISCOSE COL V,approx,https://iwihwtpzrwyybumottcd.supabase.co/storage/v1/object/public/product-images/CRBULIE/CRBULIE_1.jpg | https://iwihwtpzrwyybumottcd.supabase.co/storage/v1/object/public/product-images/CRBULIE/CRBULIE_2.jpg
10614268,CREAM DK Compagny Canada,VISCOSE COL V,exact,https://iwihwtpzrwyybumottcd.supabase.co/storage/v1/object/public/product-images/10614268/10614268_1.jpg | https://iwihwtpzrwyybumottcd.supabase.co/storage/v1/object/public/product-images/10614268/10614268_2.jpg | https://iwihwtpzrwyybumottcd.supabase.co/storage/v1/object/public/product-images/10614268/10614268_3.jpg
10614334,CREAM DK Compagny Canada,VISCOSE COL V,exact,https://iwihwtpzrwyybumottcd.supabase.co/storage/v1/object/public/product-images/10614334/10614334_1.jpg
F251514KV,MÉLISSA NEPTON INC,VISCOSE COL V,exact,https://iwihwtpzrwyybumottcd.supabase.co/storage/v1/object/public/product-images/F251514KV/F251514KV_1.jpg | https://iwihwtpzrwyybumottcd.supabase.co/storage/v1/object/public/product-images/F251514KV/F251514KV_2.jpg | https://iwihwtpzrwyybumottcd.supabase.co/storage/v1/object/public/product-images/F251514KV/F251514KV_3.jpg
C4517401,TRAMONTANA Alphi,VISCOSE COL V,approx,https://iwihwtpzrwyybumottcd.supabase.co/storage/v1/object/public/product-images/C4517401/C4517401_1.jpg | https://iwihwtpzrwyybumottcd.supabase.co/storage/v1/object/public/product-images/C4517401/C4517401_2.jpg
C4415401,TRAMONTANA Alphi,VISCOSE COL V,exact,https://iwihwtpzrwyybumottcd.supabase.co/storage/v1/object/public/product-images/C4415401/C4415401_1.jpg
CRMARO,CREAM DK Compagny Canada,VISCOSE COL V,approx,https://iwihwtpzrwyybumottcd.supabase.co/storage/v1/object/public/product-images/CRMARO/CRMARO_1.jpg | https://iwihwtpzrwyybumottcd.supabase.co/storage/v1/object/public/product-images/CRMARO/CRMARO_2.jpg
10614638,CREAM DK Compagny Canada,VISCOSE COL V,exact,https://iwihwtpzrwyybumottcd.supabase.co/storage/v1/object/public/product-images/10614638/10614638_1.jpg
21.179Y,M Italy (Importation Bolide),VISCOSE COL V,exact,https://iwihwtpzrwyybumottcd.supabase.co/storage/v1/object/public/product-images/21.179Y/21.179Y_1.jpg | https://iwihwtpzrwyybumottcd.supabase.co/storage/v1/object/public/product-images/21.179Y/21.179Y_2.jpg | https://iwihwtpzrwyybumottcd.supabase.co/storage/v1/object/public/product-images/21.179Y/21.179Y_3.jpg | https://iwihwtpzrwyybumottcd.supabase.co/storage/v1/object/public/product-images/21.179Y/21.179Y_4.jpg
NEWTONSWEATER,MÉLISSA NEPTON INC,VISCOSE NYLON COL POLO,exact,https://iwihwtpzrwyybumottcd.supabase.co/storage/v1/object/public/product-images/NEWTONSWEATER/NEWTONSWEATER_1.jpg | https://iwihwtpzrwyybumottcd.supabase.co/storage/v1/object/public/product-images/NEWTONSWEATER/NEWTONSWEATER_2.jpg
30511753,SAINT TROPEZ,VISCOSE NYLON COL ROND,exact,https://iwihwtpzrwyybumottcd.supabase.co/storage/v1/object/public/product-images/30511753/30511753_1.jpg | https://iwihwtpzrwyybumottcd.supabase.co/storage/v1/object/public/product-images/30511753/30511753_2.jpg | https://iwihwtpzrwyybumottcd.supabase.co/storage/v1/object/public/product-images/30511753/30511753_3.jpg
10CA2955W,M Italy (Importation Bolide),VISCOSE NYLON COL ROND,approx,https://iwihwtpzrwyybumottcd.supabase.co/storage/v1/object/public/product-images/10CA2955W/10CA2955W_1.jpg | https://iwihwtpzrwyybumottcd.supabase.co/storage/v1/object/public/product-images/10CA2955W/10CA2955W_2.jpg
F2507538,ESQUALO (ALPHI),VISCOSE NYLON COL ROULÉ,exact,https://iwihwtpzrwyybumottcd.supabase.co/storage/v1/object/public/product-images/F2507538/F2507538_1.jpg | https://iwihwtpzrwyybumottcd.supabase.co/storage/v1/object/public/product-images/F2507538/F2507538_2.jpg
